doc_id,stock_code,year,industry,industry_name,n_tokens,dig_hits,dig_hits_seed,dig_ln,dig_density,dig_tfidf,dig_index,dig_seed_index,dig_tfidf_index,dig_density_index,dig_seed_ln,dim_技术应用,dim_商业模式,dim_战略引领,dim_组织赋能,dim_技术应用_idx,dim_商业模式_idx,dim_战略引领_idx,dim_组织赋能_idx
600000_2013,600000,2013,C,制造业,178,19,10,2.995732273553991,106.74157303370787,21.382986520475647,1.3959114689772214,0.9594451261313028,0.5309778842247371,1.8219588609493076,2.3978952727983707,2,6,2,9,-0.12438274374861069,1.6762943862413988,0.47996849848453627,1.337111606550116
600000_2014,600000,2014,C,制造业,141,8,5,2.1972245773362196,56.737588652482266,16.174028697974375,-0.3361233794330485,-0.37883268940576464,-0.00716796894220519,-0.20287302368896362,1.791759469228055,3,2,2,1,0.45452004630528925,0.04034391721770217,0.5555603226572033,-1.1260791476140248
600000_2015,600000,2015,C,制造业,236,17,14,2.8903717578961645,72.03389830508475,30.434190960016245,0.1832229023671547,0.7632171802809864,0.6477970166268124,-0.3881035356923556,2.70805020110221,6,6,1,4,0.7900579734557783,1.2101908103053867,-0.7752026506966606,-0.4310987830556212
600000_2016,600000,2016,C,制造业,175,13,9,2.6390573296152584,74.28571428571429,19.470321795211763,-0.03658481871372232,0.12704487118707228,-0.2125113830800277,0.02917709090831674,2.302585092994046,2,3,2,6,-0.6070562720553876,0.26872187546157084,0.2265628831211941,0.2797733945406035
600000_2017,600000,2017,C,制造业,225,21,12,3.091042453358316,93.33333333333334,31.051819931813704,0.308878916234962,0.10807351789318845,0.3386194096823709,0.2215817102086535,2.5649493574615367,5,6,3,7,0.259128204856619,0.873368334548905,0.4421445187582336,0.021780573440836337
600000_2018,600000,2018,C,制造业,347,51,27,3.9512437185814275,146.97406340057637,62.607215555010924,2.1173767630715044,1.7680660402496926,3.642202211257371,2.384868582044811,3.332204510175204,13,6,5,27,1.9858429616167286,0.7957149132812715,1.2283294218961855,1.8043274448223914
600000_2019,600000,2019,C,制造业,229,19,10,2.995732273553991,82.96943231441048,31.61777437911523,0.17650353208518588,-0.15455006304289046,0.543111732030643,-0.18897276989357373,2.3978952727983707,6,4,2,7,0.7476218001013039,0.11866463874888254,0.09576167111733325,0.04403008540112724
600000_2020,600000,2020,C,制造业,275,24,19,3.2188758248682006,87.27272727272728,33.661547253813374,0.4636528370480109,0.9693595977915743,0.3774294424532897,-0.12466286241517029,2.995732273553991,8,4,5,7,0.8506461268218715,0.05153072797957602,1.195618877997373,0.04688194068515044
600000_2021,600000,2021,C,制造业,233,19,13,2.995732273553991,81.5450643776824,22.32348633019237,0.40149839472104515,0.5180957058752447,-0.27272411031101035,0.013644545391721387,2.6390573296152584,3,4,3,9,-0.46627229660067243,0.42325862180033474,0.5951767211276344,0.67769978035579
600000_2022,600000,2022,C,制造业,348,40,26,3.713572066704308,114.94252873563218,61.87991498781314,1.3523063696947342,1.4147429537651113,3.2058739504981415,0.7973378190204378,3.295836866004329,11,4,8,17,1.4910218907925297,-0.09353427918110145,1.782664528071067,1.0017144369891118
600000_2023,600000,2023,C,制造业,269,29,20,3.4011973816621555,107.80669144981412,33.50819482147433,0.7190973028687061,0.9666373183310393,0.13787071491036135,0.6132277443255204,3.044522437723423,8,1,5,15,0.7949426689836255,-1.8944003678509151,1.0245628144983616,0.943378152298408
600001_2013,600001,2013,B,采矿业,209,25,15,3.258096538021482,119.61722488038278,32.58250003163045,2.0664581326899465,1.6909943633957445,1.6446830855964776,2.4794667755730555,2.772588722239781,4,9,0,12,0.9103448063566897,2.2136711271042255,-1.2614549572226246,2.007181977345201
600001_2014,600001,2014,B,采矿业,230,12,11,2.5649493574615367,52.17391304347826,21.558921510762243,0.7143811129686257,1.003700726995366,0.6932169706523226,0.17481827610703726,2.4849066497880004,2,3,4,3,-0.3920637557108513,0.4509985281955999,1.739791810175853,0.34832037176222147
600001_2015,600001,2015,B,采矿业,184,14,8,2.70805020110221,76.08695652173914,23.055210978623972,1.0218086454619963,0.9180216301504954,0.9156985528456035,0.6428549609142536,2.1972245773362196,4,5,0,5,1.294250237120533,1.160226709620679,-1.035588631878499,0.6152199999009433
600001_2016,600001,2016,B,采矿业,175,10,8,2.3978952727983707,57.14285714285714,12.90384189043059,0.08008794266684402,0.43095735211992114,-0.32765083135515993,-0.1397017310290774,2.1972245773362196,2,0,3,5,-0.23192917858083256,-1.349556386494664,0.41335231502838055,0.40232790858132633
600001_2017,600001,2017,B,采矿业,196,10,9,2.3978952727983707,51.02040816326531,18.103449518664295,-0.01613890420240804,0.563060012105996,0.10878057235126358,-0.24388723050706929,2.302585092994046,4,2,1,3,0.47815128263065637,-0.44297473326730574,1.1050523368334354e-17,0.44389754653499114
600001_2018,600001,2018,B,采矿业,159,8,8,2.1972245773362196,50.314465408805034,13.860655206237006,-1.0815827699744596,0.011574716967871476,-0.7027920662129008,-1.171413971456106,2.1972245773362196,2,5,0,1,0.3384100520880957,0.8050500189490596,-2.071177263756998,-1.7771767686209898
600001_2019,600001,2019,B,采矿业,191,11,7,2.4849066497880004,57.59162303664921,15.977447259223691,-0.27226914570755345,-0.21915327678224503,-0.49181868992908895,-0.437517779417371,2.0794415416798357,3,2,1,5,-0.1921839054963593,-0.3276321679922507,-0.49011298634812095,0.05288833658777593
600001_2020,600001,2020,B,采矿业,166,14,8,2.70805020110221,84.33734939759036,22.6765340681032,1.3187654834308926,0.9037733412858001,1.1191900660824052,1.3031326513723682,2.1972245773362196,3,4,1,6,0.8065008765395358,1.607481579456946,1.1050523368334354e-17,1.0675817394262312
600001_2021,600001,2021,B,采矿业,251,19,13,2.995732273553991,75.69721115537848,31.40162883426564,-0.10089333129199567,0.10535824534548328,0.10498603750147414,-0.6151937661739325,2.6390573296152584,6,2,4,7,0.6990287922756345,-0.8008472216942425,0.25247052760910327,-0.18578745643539682
600001_2022,600001,2022,B,采矿业,241,19,12,2.995732273553991,78.83817427385893,32.421602465582616,0.45452767424504803,0.23233087013511527,0.7348000230015904,0.1449841997767445,2.5649493574615367,8,5,2,4,0.7169498721913734,1.136884984196128,0.17050366616186813,-0.2685568101508534
600001_2023,600001,2023,B,采矿业,209,19,10,2.995732273553991,90.9090909090909,27.838882585944383,-0.03542229836997131,-0.2880213332844557,0.0656138159096553,-0.1573167278935441,2.3978952727983707,6,6,1,6,0.7321333787145987,0.8408366135226635,-0.9208153580114877,-0.3856623869433795
600002_2013,600002,2013,C,制造业,249,27,19,3.332204510175204,108.43373493975903,35.00708892518474,2.1493794340974954,2.3647856932704885,2.019683140921082,1.8925897269511536,2.995732273553991,5,5,5,12,1.2925871314750352,1.3633800721981246,1.8351664505492877,1.7326415345342991
600002_2014,600002,2014,C,制造业,210,10,8,2.3978952727983707,47.61904761904761,17.56575048856622,0.11324189981687348,0.5742976191292954,0.1449054289204534,-0.5834810775411,2.1972245773362196,4,4,1,1,0.9106824587488211,1.0772816059491752,-0.2371796603547836,-1.1260791476140248
600002_2015,600002,2015,C,制造业,239,16,13,2.833213344056216,66.94560669456067,30.338282665995454,0.05522710040156328,0.6010350453152926,0.6373171202469834,-0.6004889118410939,2.6390573296152584,6,4,3,3,0.7900579734557783,0.5271774156520646,0.5799953013680912,-0.7675011241312305
600002_2016,600002,2016,C,制造业,211,27,15,3.332204510175204,127.96208530805686,28.457089107262398,1.5155913754050852,1.23188643510305,0.7694724086398886,2.269629706929921,2.772588722239781,3,5,2,17,-0.018960638489110466,1.0917856226622038,0.2265628831211941,1.7036061443506871
600002_2017,600002,2017,C,制造业,290,30,19,3.4339872044851463,103.44827586206897,42.377994697568944,1.0768408924591863,1.1207186148846202,1.5762301829406005,0.6437795789874673,2.995732273553991,9,4,4,13,1.303386250866429,0.19035493989558291,0.878420813661694,0.8654350732263284
600002_2018,600002,2018,C,制造业,203,19,12,2.995732273553991,93.59605911330048,22.978307897093178,-0.022316161859010062,-0.03552723031110547,-0.6880473270230117,0.15686979848955812,2.5649493574615367,2,6,2,9,-1.1632201503423543,0.7957149132812715,-0.1268685301685661,0.2521141708258446
600002_2019,600002,2019,C,制造业,259,19,12,2.995732273553991,73.35907335907336,32.23525057277091,0.17650353208518588,0.23814540710486337,0.6105833369902718,-0.5901093119565475,2.5649493574615367,6,6,3,4,0.7476218001013039,0.8016780334022046,0.658219640170098,-0.6645286888099279
600002_2020,600002,2020,C,制造业,195,29,17,3.4011973816621555,148.71794871794873,29.244063002762054,0.8719285800174114,0.7216877296377116,-0.10526892772633746,2.440061699006291,2.8903717578961645,2,4,5,18,-1.3951979900591436,0.05153072797957602,1.195618877997373,1.3509176669300735
600002_2021,600002,2021,C,制造业,182,15,8,2.772588722239781,82.41758241758242,25.180943218158998,-0.09819073038113912,-0.5205243358479833,0.039510117202485,0.05006346283691102,2.1972245773362196,6,1,2,6,0.6777253065684874,-1.4367428141317715,0.03271875207486963,0.1399908237790078
600002_2022,600002,2022,C,制造业,170,9,4,2.302585092994046,52.94117647058823,19.130969849750294,-1.8073406031683434,-2.5494895357560465,-1.4653019886419534,-1.7905996520368652,1.6094379124341003,3,5,1,0,-0.7548222260884853,0.2765648014289465,-1.1580133900176588,-3.355695043179793
600002_2023,600002,2023,C,制造业,237,20,12,3.044522437723423,84.38818565400844,28.411547493845692,-0.07961092612982741,-0.16069923619483845,-0.4190397840554711,-0.36426107569344734,2.5649493574615367,8,3,2,7,0.7949426689836255,-0.4873635985093938,-0.33063513756638996,-0.10158296298825664
600003_2013,600003,2013,G,交通运输、仓储和邮政业,177,11,5,2.4849066497880004,62.14689265536723,17.371729840679812,0.06659825046731291,-0.5542408183092952,0.014346916338246252,-0.23101870842873568,1.791759469228055,3,2,2,4,0.21093810778924163,0.13261183203472182,0.4710748330047936,-0.07285632629037596
600003_2014,600003,2014,G,交通运输、仓储和邮政业,158,7,4,2.0794415416798357,44.30379746835443,14.165441852298665,-0.9410474069600039,-1.059084942102353,-0.4497224544456131,-1.0296986307690992,1.6094379124341003,1,2,2,2,-0.9901254453907443,-0.2957667955923122,0.45475406349141706,-0.9289755309999496
600003_2015,600003,2015,G,交通运输、仓储和邮政业,204,19,12,2.995732273553991,93.13725490196079,26.546015366658335,1.3063204951341951,1.1433148062746779,1.0485460899930936,1.258022150879682,2.5649493574615367,9,1,2,7,2.2061610037991946,-0.7514468650230048,0.41592974513071523,0.9505915779238493
600003_2016,600003,2016,G,交通运输、仓储和邮政业,170,13,8,2.6390573296152584,76.47058823529413,20.12305270008952,0.3555427099037174,0.2850378052720898,0.31488291680820196,0.26571326453584054,2.1972245773362196,6,2,0,5,1.3919500566936842,-0.09391321501817866,-1.5692927023210599,0.4266571809860822
600003_2017,600003,2017,G,交通运输、仓储和邮政业,149,18,9,2.9444389791664403,120.80536912751678,18.182966735038754,1.4912807544657702,0.7445286790834551,0.34384982540827463,2.523713493485963,2.302585092994046,1,2,4,11,-0.8503680573125237,0.10187640981678,1.383440421181865,1.8204781258001246
600003_2018,600003,2018,G,交通运输、仓储和邮政业,197,11,5,2.4849066497880004,55.83756345177665,17.508217154682068,-1.66433550880381,-2.2765028892555064,-2.1342061386682607,-1.932536997322706,1.791759469228055,2,1,4,4,-1.5008214777321753,-2.1209736038275184,0.5278681603056367,-1.1983968413039146
600003_2019,600003,2019,G,交通运输、仓储和邮政业,184,15,9,2.772588722239781,81.52173913043478,18.287754074456494,0.9387864784092128,0.7338034207584251,0.18918701038322308,0.738243426041681,2.302585092994046,1,4,1,9,-0.9185790555211861,1.0131935884689784,-0.25033894200378526,1.1978814104967488
600003_2020,600003,2020,G,交通运输、仓储和邮政业,148,11,8,2.4849066497880004,74.32432432432432,15.671749656040593,-1.0999832896406692,-0.9314318852330888,-1.4274721615657553,-0.5784486631965163,2.1972245773362196,3,3,1,4,-0.7298336729369913,-0.451012242392809,-0.9207156895456878,-0.607443770244571
600003_2021,600003,2021,G,交通运输、仓储和邮政业,212,21,13,3.091042453358316,99.05660377358491,24.350771517372063,0.48872519971911094,0.4213346919124335,-0.1146721982188294,0.5368043309796647,2.6390573296152584,4,2,4,11,0.19644029467800153,-0.42889124834987735,1.1639828319184875,0.6086560033603325
600003_2022,600003,2022,G,交通运输、仓储和邮政业,227,16,13,2.833213344056216,70.48458149779736,22.75187974852753,0.06183294473563468,0.46488174443274627,-0.23188989551967984,-0.5262795709233459,2.6390573296152584,6,3,2,5,0.8035667633982795,-0.1309537295529837,-0.06865347828206213,-0.033490628002972915
600003_2023,600003,2023,G,交通运输、仓储和邮政业,211,22,13,3.1354942159291497,104.26540284360189,25.118234368137756,-0.04673323702599642,-0.21104269715609922,-0.8280334569587069,0.23187424512715468,2.6390573296152584,2,4,3,13,-1.3878168666188593,-0.08496372770298007,0.1512563288184821,0.46189645501040527
600004_2013,600004,2013,C,制造业,157,13,7,2.6390573296152584,82.80254777070063,15.227782234688481,0.5972032399786878,0.2108532080465065,-0.14160110146491767,0.8227435497430636,2.0794415416798357,3,1,3,6,0.4637128898176665,-0.8667204443440296,1.042426467537301,0.7994026499733339
600004_2014,600004,2014,C,制造业,149,10,3,2.3978952727983707,67.11409395973155,16.31733262876929,0.11324189981687348,-1.3319629979408243,0.008490847230954193,0.23024247979974655,1.3862943611198906,2,1,1,6,-0.13357558726098795,-0.782719829982931,-0.2371796603547836,0.7625364674581319
600004_2015,600004,2015,C,制造业,182,21,14,3.091042453358316,115.38461538461539,23.585110031525794,0.6325881816170776,0.7632171802809864,-0.10060184877353427,1.4213561136348853,2.70805020110221,7,2,1,11,1.0630302455102645,-0.5097602730794085,-0.7752026506966606,0.88872305830989
600004_2016,600004,2016,C,制造业,215,22,15,3.1354942159291497,102.32558139534883,31.19692074811165,1.0750946895205997,1.23188643510305,1.068853728967123,1.1995616087537846,2.772588722239781,3,7,3,9,-0.018960638489110466,1.675758644803092,0.7890208521739589,0.8174823511173858
600004_2017,600004,2017,C,制造业,173,15,11,2.772588722239781,86.70520231213872,22.676202787621328,-0.40423990503932206,-0.08008356180430164,-0.5765840217250032,-0.05507658846038609,2.4849066497880004,4,3,4,4,-0.11358362435721782,-0.2626097266950021,0.878420813661694,-0.6867782007702188
600004_2018,600004,2018,C,制造业,235,16,10,2.833213344056216,68.08510638297872,24.751753295899515,-0.38624754690242463,-0.4282227004588593,-0.49426300206415114,-0.9079577912530848,2.3978952727983707,7,2,2,5,0.8418453584475688,-0.9242361701035237,-0.1268685301685661,-0.5179862183819741
600004_2019,600004,2019,C,制造业,237,23,11,3.1780538303479458,97.0464135021097,30.32049675691519,0.5847792750545864,0.04998832740737331,0.4013582455847247,0.3986006581710717,2.4849066497880004,7,5,2,9,1.02059407215579,0.48876371935893054,0.09576167111733325,0.38043242647673714
600004_2020,600004,2020,C,制造业,256,22,13,3.1354942159291497,85.9375,32.62652493151088,0.276934991181615,0.1309207467909602,0.26433258467591414,-0.18039527090679544,2.6390573296152584,5,3,5,9,0.021771885164502274,-0.40143393861100896,1.195618877997373,0.38328428176076035
600004_2021,600004,2021,C,制造业,194,27,16,3.332204510175204,139.17525773195877,25.09656132943486,1.1549663598413191,0.9744999148871848,0.03028971077995466,2.419129771072769,2.833213344056216,5,1,5,16,0.3626019450566963,-1.4367428141317715,1.3879167041396212,1.4776538227059401
600004_2022,600004,2022,C,制造业,239,28,19,3.367295829986474,117.15481171548117,37.98574606550004,0.5768841414916612,0.709284513383914,0.5949588367991346,0.8896785472622859,2.995732273553991,12,3,2,11,1.6546496291512303,-0.5464989457716865,-0.36527340700567185,0.3904513698346565
600004_2023,600004,2023,C,制造业,224,19,10,2.995732273553991,84.82142857142857,27.480463513645777,-0.18886756520287865,-0.5533947063425922,-0.5207793023425817,-0.34617750914043405,2.3978952727983707,5,4,2,8,-0.033931572673743644,-0.03439893191880881,-0.33063513756638996,0.07598205603399072
600005_2013,600005,2013,C,制造业,269,20,14,3.044522437723423,74.34944237918216,33.01943489898774,1.5051681080502728,1.688528977235568,1.8024922457417891,0.46991079061240865,2.70805020110221,9,5,1,5,2.3368451774848453,1.3633800721981246,-0.31277148452745074,0.5670112173422974
600005_2014,600005,2014,C,制造业,227,24,15,3.2188758248682006,105.72687224669603,28.790883524723803,1.9516775228657655,1.926811051199136,1.3714753754490092,1.841940485406018,2.772588722239781,3,5,3,13,0.45452004630528925,1.4473806865592234,1.1180182917099681,1.8074975827447963
600005_2015,600005,2015,C,制造业,256,21,15,3.091042453358316,82.03125,33.38344326872753,0.6325881816170776,0.9149284356619053,0.9700617269819513,0.02918608973402756,2.772588722239781,7,7,3,4,1.0630302455102645,1.4812495184030008,0.5799953013680912,-0.4310987830556212
600005_2016,600005,2016,C,制造业,215,21,13,3.091042453358316,97.67441860465117,24.131887803188256,0.975553106456911,0.9179930447564375,0.296857793278551,1.0054219967888967,2.6390573296152584,4,3,4,10,0.4372017739544214,0.26872187546157084,1.2252971470774194,0.9611681866509639
600005_2017,600005,2017,C,制造业,283,23,15,3.1780538303479458,81.2720848056537,39.62708408596271,0.5037249630322628,0.5961731542306187,1.2756382638146513,-0.2818550032211441,2.772588722239781,7,3,5,8,0.8472238384228962,-0.2626097266950021,1.2348845017702204,0.19934559246308367
600005_2018,600005,2018,C,制造业,190,13,12,2.6390573296152584,68.42105263157895,23.563672947164797,-0.8210243908575436,-0.03552723031110547,-0.6240845057492425,-0.8939353892690588,2.5649493574615367,5,2,0,6,0.2537497248812916,-0.9242361701035237,-2.274806465245305,-0.28559478575093766
600005_2019,600005,2019,C,制造业,281,32,20,3.4965075614664802,113.87900355871885,40.02634797782964,1.2978980963288695,1.365481961630741,1.4619163142244402,1.1011932460912106,3.044522437723423,2,9,3,18,-0.9844714366341331,1.5257014080904046,0.658219640170098,1.3480658116460504
600005_2020,600005,2020,C,制造业,267,37,19,3.6375861597263857,138.57677902621722,46.82467358740731,1.4012779651966536,0.9693595977915743,1.8157638578351156,2.0167691080093806,2.995732273553991,10,5,2,20,1.260868282065069,0.421629808589624,-0.15957907406737853,1.5017995076250985
600005_2021,600005,2021,C,制造业,239,24,16,3.2188758248682006,100.418410041841,34.071079250275766,0.9011875198232294,0.9744999148871848,1.0109350118937706,0.8014183061912967,2.833213344056216,10,1,2,11,1.601698341957263,-1.4367428141317715,0.03271875207486963,0.9525605064346361
600005_2022,600005,2022,C,制造业,208,18,14,2.9444389791664403,86.53846153846153,28.511542175182555,-0.3700263499175173,0.03302779734899367,-0.4402871350495159,-0.3882484165144751,2.70805020110221,4,9,1,4,-0.2986598136449534,1.3135024901604206,-1.1580133900176588,-0.9293704715308546
600005_2023,600005,2023,C,制造业,353,31,18,3.4657359027997265,87.81869688385268,57.13244928538137,0.8636195038137446,0.7313702735814691,2.719292283922816,-0.22107148010776956,2.9444389791664403,6,13,2,10,0.28119178883804746,2.0556512320760345,-0.33063513756638996,0.3785052136209315
600006_2013,600006,2013,C,制造业,263,22,15,3.1354942159291497,83.65019011406844,31.62202531646985,1.7088827482130098,1.8402402326164868,1.6497973430278183,0.8581241552027472,2.772588722239781,6,5,4,7,1.6077104929868262,1.3633800721981246,1.4787027624407616,1.000709265474506
600006_2014,600006,2014,C,制造业,225,12,10,2.5649493574615367,53.333333333333336,20.89753947592498,0.4873289344564804,1.0460159447139519,0.5089699105533546,-0.34496669712709427,2.3978952727983707,5,2,1,4,1.2833942879626579,0.04034391721770217,-0.2371796603547836,0.25528430874824903
600006_2015,600006,2015,C,制造业,224,26,15,3.295836866004329,116.07142857142857,35.03326272312859,1.0911877704387394,0.9149284356619053,1.150337448743835,1.4500237074346454,2.772588722239781,8,0,7,11,1.3038088536013563,-2.739860789621563,1.9351932534328429,0.88872305830989
600006_2016,600006,2016,C,制造业,299,29,17,3.4011973816621555,96.98996655518395,51.027064221670315,1.670088278356396,1.508760027603189,3.2356929050970424,0.9768529569010873,2.8903717578961645,4,10,4,11,0.4372017739544214,2.322195825223861,1.2252971470774194,1.092343077196232
600006_2017,600006,2017,C,制造业,326,32,24,3.4965075614664802,98.15950920245399,49.76390508354121,1.2168437843065458,1.6452640755386216,2.3832883868839687,0.42302637096731205,3.2188758248682006,6,9,7,10,0.5742515663684101,1.5973917092371048,1.797342470822985,0.5018687500500245
600006_2018,600006,2018,C,制造业,297,36,27,3.6109179126442243,121.21212121212122,45.564306108072806,1.3552794350649313,1.7680660402496926,1.779924012710732,1.30956468816017,3.332204510175204,14,3,5,14,2.12688201254847,-0.34026314796263546,1.2283294218961855,0.8633772379803
600006_2019,600006,2019,C,制造业,216,17,10,2.8903717578961645,78.70370370370371,20.64064877783515,-0.05943205099263732,-0.15455006304289046,-0.6563584496081317,-0.3670243527980526,2.3978952727983707,1,1,6,9,-1.813345678291502,-1.7413367971832239,1.7523453771319604,0.38043242647673714
600006_2020,600006,2020,C,制造业,262,30,19,3.4339872044851463,114.50381679389312,42.27119299007763,0.9453553843421507,0.9693595977915743,1.318205171020896,1.011963265484187,2.995732273553991,6,7,2,15,0.3368952466762934,1.005602830730512,-0.15957907406737853,1.091843055971815
600006_2021,600006,2021,C,制造业,235,21,13,3.091042453358316,89.36170212765958,28.964920766952087,0.6149280908931449,0.5180957058752447,0.45298522923350815,0.3399111346166149,2.6390573296152584,7,1,3,10,0.9506975786229734,-1.4367428141317715,0.5951767211276344,0.8213856158893682
600006_2022,600006,2022,C,制造业,240,17,11,2.8903717578961645,70.83333333333333,27.92861726216098,-0.49109999212736,-0.4915176633050078,-0.5039833226218089,-1.043780728068993,2.4849066497880004,2,5,1,9,-1.3429178596547624,0.2765648014289465,-1.1580133900176588,0.11559064375581043
600006_2023,600006,2023,C,制造业,328,43,27,3.784189633918261,131.09756097560975,56.792272205061806,1.5767383250880276,1.6428940343659595,2.682121144670053,1.5853890243190225,3.332204510175204,13,6,5,19,1.6981616640616934,0.6486144627345133,1.0245628144983616,1.2797804933740173
600007_2013,600007,2013,G,交通运输、仓储和邮政业,153,5,4,1.791759469228055,32.67973856209151,9.290483885486118,-1.4855779436514946,-0.9828256661903533,-0.8686905841722184,-1.46097820862503,1.6094379124341003,1,2,1,1,-1.2060317674344043,0.13261183203472182,-0.3216651500071934,-1.4542197826526497
600007_2014,600007,2014,G,交通运输、仓储和邮政业,166,16,8,2.833213344056216,96.3855421686747,21.677757805867316,0.7468865272175733,0.3226302143137654,0.371148082036549,1.144194256144428,2.1972245773362196,3,2,2,9,0.4268444298329018,-0.2957667955923122,0.45475406349141706,0.8860859734945334
600007_2015,600007,2015,G,交通运输、仓储和邮政业,163,14,10,2.70805020110221,85.88957055214725,15.520376190290909,0.6621091690869723,0.750619336126924,-0.15622516852460286,0.9555036860065717,2.3978952727983707,4,0,2,8,0.789191128575548,-2.158483634364526,0.41592974513071523,1.1281565969460967
600007_2016,600007,2016,G,交通运输、仓储和邮政业,157,9,6,2.302585092994046,57.32484076433121,11.856139820119886,-0.39792525521655553,-0.3057291775746621,-0.5884424029433344,-0.5334305521941123,1.9459101490553132,1,2,1,5,-1.1690174216991216,-0.09391321501817866,-0.21409475025630806,0.4266571809860822
600007_2017,600007,2017,G,交通运输、仓储和邮政业,165,7,6,2.0794415416798357,42.42424242424243,12.767073171563238,-0.4457226238872409,-0.09391017191715952,-0.24794470006938812,-0.7479160340760853,1.9459101490553132,3,2,2,0,0.5666018179111224,0.10187640981678,0.38470615722563967,-1.925668287214325
600007_2018,600007,2018,G,交通运输、仓储和邮政业,305,38,24,3.6635616461296463,124.59016393442623,52.48445563386155,0.9750465412288873,1.0782317726573973,1.6876463795146637,0.9371976862221858,3.2188758248682006,12,8,3,15,1.4967460110738173,0.9321906599152693,0.09159186540217626,0.5551230481938053
600007_2019,600007,2019,G,交通运输、仓储和邮政业,186,11,9,2.4849066497880004,59.13978494623656,14.811057883978348,0.29457515236199017,0.7338034207584251,-0.19071147694112323,-0.19597971253059038,2.302585092994046,2,3,2,4,-0.08970481386381726,0.5602289218783933,0.5424010410082017,0.15292029521008377
600007_2020,600007,2020,G,交通运输、仓储和邮政业,201,13,10,2.6390573296152584,64.67661691542288,24.807794445569424,-0.7547910674897956,-0.45971355964843214,-0.429176824407708,-0.9811441303302202,2.3978952727983707,3,3,4,3,-0.7298336729369913,-0.451012242392809,0.8707585574225244,-0.9438461113201803
600007_2021,600007,2021,G,交通运输、仓储和邮政业,206,19,12,2.995732273553991,92.23300970873787,26.271033608802988,0.27529550354701116,0.2471284459216159,0.09515478229181622,0.25198740162927125,2.5649493574615367,5,2,1,11,0.5691521238918384,-0.42889124834987735,-0.6274914150497246,0.6086560033603325
600007_2022,600007,2022,G,交通运输、仓储和邮政业,241,20,15,3.044522437723423,82.98755186721992,32.15886110803499,0.5350209688521005,0.7787751347793588,0.7960106724254651,-0.004405380498785276,2.772588722239781,6,6,3,5,0.8035667633982795,1.0050243316909233,0.49380449077070265,-0.033490628002972915
600007_2023,600007,2023,G,交通运输、仓储和邮政业,234,19,14,2.995732273553991,81.1965811965812,29.329325911032317,-0.3597045162617848,-0.04886056219040539,-0.36788761174179296,-0.7310187527264037,2.70805020110221,4,3,3,9,-0.34355882060905013,-0.5379283942935651,0.1512563288184821,-0.04535570369947686
600008_2013,600008,2013,C,制造业,220,15,12,2.772588722239781,68.18181818181817,24.99041039344036,0.8962223438750372,1.3521405962790567,0.9251609814508862,0.2124740544017862,2.5649493574615367,4,5,2,4,0.9198753022611983,1.3633800721981246,0.47996849848453627,0.292150491263451
600008_2014,600008,2014,C,制造业,180,13,10,2.6390573296152584,72.22222222222221,17.069426691330143,0.6532801687650476,1.0460159447139519,0.0906721426444013,0.443455838130312,2.3978952727983707,3,3,2,5,0.45452004630528925,0.6243169393585903,0.5555603226572033,0.5301450348270955
600008_2015,600008,2015,C,制造业,235,25,15,3.258096538021482,106.38297872340425,32.4352586832793,1.0066752162566845,0.9149284356619053,0.8664536260778266,1.0456276502167505,2.772588722239781,4,2,6,13,0.1022227827301504,-0.5097602730794085,1.6741210383299536,1.121114490940926
600008_2016,600008,2016,C,制造业,216,22,16,3.1354942159291497,101.85185185185185,24.69453636876847,1.0750946895205997,1.3743972537683775,0.3583383849806808,1.1797881297573607,2.833213344056216,2,1,4,15,-0.6070562720553876,-1.1383148938799506,1.2252971470774194,1.5260411253284405
600008_2017,600008,2017,C,制造业,286,23,15,3.1780538303479458,80.41958041958041,39.785158120044585,0.5037249630322628,0.5961731542306187,1.2929110087261657,-0.31743855042393043,2.772588722239781,8,3,5,7,1.0880024465139881,-0.2626097266950021,1.2348845017702204,0.021780573440836337
600008_2018,600008,2018,C,制造业,230,15,7,2.772588722239781,65.21739130434783,24.10922051198146,-0.5220052869611943,-1.1768146185436557,-0.5644725398820646,-1.0276562661602058,2.0794415416798357,1,7,2,5,-1.9920943919997232,1.0667736213788857,-0.1268685301685661,-0.5179862183819741
600008_2019,600008,2019,C,制造业,191,22,14,3.1354942159291497,115.18324607329842,26.23856311850532,0.4894748113209743,0.5745337880613748,-0.044674519325057886,1.155632350264257,2.70805020110221,6,6,0,10,0.7476218001013039,0.8016780334022046,-2.0521762639594057,0.5241182620103154
600008_2020,600008,2020,C,制造业,214,15,12,2.772588722239781,70.09345794392523,22.360143630257916,-0.5357254131563576,-0.043285499199857407,-0.8574745888478004,-0.841725848901966,2.5649493574615367,5,4,2,4,0.021771885164502274,0.05153072797957602,-0.15957907406737853,-0.6616768335259047
600008_2021,600008,2021,C,制造业,216,22,14,3.1354942159291497,101.85185185185185,26.20794666534411,0.7144696739568335,0.6802778408409385,0.15173075273890663,0.8612501910967936,2.70805020110221,3,3,3,13,-0.46627229660067243,-0.029706044790250193,0.5951767211276344,1.1849519390656722
600008_2022,600008,2022,C,制造业,270,25,16,3.258096538021482,92.59259259259258,38.24611705441803,0.33235232176216994,0.32724987139524,0.6234095668640717,-0.1355488859832553,2.833213344056216,9,5,3,8,1.1183100615786934,0.2765648014289465,0.19718456204709292,-0.04324667829755215
600008_2023,600008,2023,C,制造业,230,15,7,2.772588722239781,65.21739130434783,25.76965298272532,-0.688556690305063,-1.3019866244273886,-0.7077195171865653,-1.16445034955533,2.0794415416798357,5,0,2,8,-0.033931572673743644,-3.3014371371924365,-0.33063513756638996,0.07598205603399072
600009_2013,600009,2013,C,制造业,130,7,3,2.0794415416798357,53.84615384615385,8.854052532750586,-0.6559538502437703,-1.4185338165234735,-0.8380583527519376,-0.3858968125459367,1.3862943611198906,0,3,1,3,-2.3702268606296255,0.5403163249974917,-0.31277148452745074,-0.044251849812158274
600009_2014,600009,2014,C,制造业,107,4,3,1.6094379124341003,37.38317757009346,7.517976368460258,-1.6523639904740335,-1.3319629979408243,-0.9530145445472323,-1.0107264630179007,1.3862943611198906,0,2,1,1,-2.379419704142003,0.04034391721770217,-0.2371796603547836,-1.1260791476140248
600009_2015,600009,2015,C,制造业,204,10,6,2.3978952727983707,49.01960784313725,18.73353294123064,-0.91958801250173,-1.0283519792546874,-0.6307335303361682,-1.3487204009772438,1.9459101490553132,3,3,2,2,-0.35393962971338144,0.0742127490614796,0.017537332315326445,-1.2011991722634392
600009_2016,600009,2016,C,制造业,127,1,1,0.6931471805599453,7.874015748031496,1.7300659002227152,-4.394094297173795,-3.6562746386068903,-2.1509886068624953,-2.742848306659179,0.6931471805599453,0,0,0,1,-2.8529003889364026,-2.5453516632214717,-1.9213750519555446,-1.6088422205315533
600009_2017,600009,2017,C,制造业,189,17,9,2.8903717578961645,89.94708994708994,23.38664911558246,-0.140486363014961,-0.5086684096853592,-0.49895357300855897,0.08023985514850127,2.302585092994046,3,4,2,8,-0.5697460368007496,0.19035493989558291,-0.12031345029453121,0.19934559246308367
600009_2018,600009,2018,C,制造业,202,25,13,3.258096538021482,123.76237623762376,32.850029541889754,0.5652005689526967,0.13867901567971214,0.39063539780531426,1.416012375188622,2.6390573296152584,6,4,5,10,0.5688730863930826,0.11270151862794953,1.2283294218961855,0.3958000063594228
600009_2019,600009,2019,C,制造业,223,19,11,2.995732273553991,85.20179372197309,27.134251916864596,0.17650353208518588,0.04998832740737331,0.053197368515465165,-0.09579396774621063,2.4849066497880004,5,3,4,7,0.43249843858951276,-0.33430002784170243,1.0944959350735586,0.04403008540112724
600009_2020,600009,2020,C,制造业,163,10,8,2.3978952727983707,61.34969325153374,18.766326935785255,-1.3747827860008812,-0.9076992949322679,-1.2501708300926762,-1.206690732067998,2.1972245773362196,4,5,1,0,-0.35093994404933454,0.421629808589624,-0.9523190570793655,-3.0880014051748432
600009_2021,600009,2021,C,制造业,158,16,7,2.833213344056216,101.26582278481013,22.339374564665974,0.03756700967763053,-0.7973979283481232,-0.27098800341179163,0.8367893281265342,2.0794415416798357,1,3,4,8,-1.8832421718243186,-0.029706044790250193,1.0314530160310948,0.5188624583024274
600009_2022,600009,2022,C,制造业,261,19,15,2.995732273553991,72.79693486590038,36.09244153621337,-0.2551644090495368,0.1847390527299125,0.3880775082866715,-0.9618199675579542,2.772588722239781,9,2,4,4,1.1183100615786934,-1.1304719679125745,0.6334608569505534,-0.9293704715308546
600009_2023,600009,2023,C,制造业,233,20,12,3.044522437723423,85.83690987124463,34.48905714640905,-0.07961092612982741,-0.16069923619483845,0.2450495114174252,-0.3037913028570977,2.5649493574615367,5,5,3,7,-0.033931572673743644,0.33570014869123915,0.2318228314863748,-0.10158296298825664
600010_2013,600010,2013,C,制造业,91,1,1,0.6931471805599453,10.989010989010989,1.7377879463166255,-3.7603062384813843,-3.0479208410934535,-1.6156523683550879,-2.174754665650977,0.6931471805599453,0,1,0,0,-2.3702268606296255,-0.8667204443440296,-1.6679694365922024,-2.1341740803854874
600010_2014,600010,2014,C,制造业,126,5,5,1.791759469228055,39.682539682539684,8.911938145320946,-1.2440882475046333,-0.37883268940576464,-0.8006963834528908,-0.9147510503383294,1.791759469228055,5,0,0,0,1.2833942879626579,-2.1897565993244523,-1.5923776124195355,-2.1710402629006893
600010_2015,600010,2015,C,制造业,122,5,2,1.791759469228055,40.983606557377044,10.871087994734092,-2.2769181598232366,-3.020102329512975,-1.4898626512600763,-1.684143227821112,1.0986122886681098,3,2,0,0,-0.35393962971338144,-0.5097602730794085,-2.130400602761412,-2.8574233547045598
600010_2016,600010,2016,C,制造业,142,8,4,2.1972245773362196,56.33802816901409,10.692476467926618,-1.0259883669118186,-1.5023421533829087,-1.1716662758588794,-0.7199596250398975,1.6094379124341003,1,1,2,4,-1.4359305137127565,-1.1383148938799506,0.2265628831211941,-0.22747876416927934
600010_2017,600010,2017,C,制造业,237,28,16,3.367295829986474,118.14345991561181,33.24777921270116,0.9274977706040602,0.7386839728959461,0.5785718137261284,1.2571568049175625,2.833213344056216,5,2,4,17,0.259128204856619,-0.8465827488358902,0.878420813661694,1.2443067077497478
600010_2018,600010,2018,C,制造业,179,15,9,2.772588722239781,83.79888268156424,18.357919382084955,-0.5220052869611943,-0.6522691578896531,-1.192917039973399,-0.2520645081343386,2.302585092994046,4,5,0,6,-0.11896210433254525,0.4828005992379975,-2.274806465245305,-0.28559478575093766
600010_2019,600010,2019,C,制造业,206,10,9,2.3978952727983707,48.543689320388346,16.820631861892213,-1.1622429658615219,-0.37859652047368425,-1.0737715821949487,-1.6259038529829946,2.302585092994046,2,2,2,4,-0.9844714366341331,-0.9182730499825906,0.09576167111733325,-0.6645286888099279
600010_2020,600010,2020,C,制造业,224,18,12,2.9444389791664403,80.35714285714286,29.983663632978878,-0.15089822892215393,-0.043285499199857407,-0.024452789286336835,-0.41331947052984747,2.5649493574615367,6,4,1,7,0.3368952466762934,0.05153072797957602,-0.9523190570793655,0.04688194068515044
600010_2021,600010,2021,C,制造业,134,6,4,1.9459101490553132,44.776119402985074,5.978614951162819,-1.9493860283962956,-1.9022394922641015,-2.0587277103409454,-1.5210918272036815,1.6094379124341003,1,2,0,3,-1.8832421718243186,-0.6136790669311384,-2.115219183001869,-0.7036636760064844
600010_2022,600010,2022,C,制造业,202,11,8,2.4849066497880004,54.45544554455446,21.48215159582061,-1.399064860198944,-1.1677743793399282,-1.2083884305338213,-1.7273940357943651,2.1972245773362196,0,5,3,3,-3.5887619765357774,0.2765648014289465,0.19718456204709292,-1.265772812606464
600010_2023,600010,2023,C,制造业,128,8,5,2.1972245773362196,62.5,10.110242090527885,-1.9769793423995083,-1.978243340462309,-2.4188228706026833,-1.2778743076326424,1.791759469228055,2,0,2,4,-1.4509014478973894,-3.3014371371924365,-0.33063513756638996,-0.8101417371993118
600011_2013,600011,2013,C,制造业,182,13,8,2.6390573296152584,71.42857142857143,12.744250181763944,0.5972032399786878,0.48772680054664636,-0.41297657359031015,0.3479935887279261,2.1972245773362196,0,4,0,9,-2.3702268606296255,0.9932809915880767,-1.6679694365922024,1.337111606550116
600011_2014,600011,2014,C,制造业,183,17,9,2.8903717578961645,92.89617486338798,17.168848277854007,1.216052814685758,0.8219694872831581,0.10153593638952228,1.3063869639906371,2.302585092994046,1,0,3,13,-0.9624498289183568,-2.1897565993244523,1.1180182917099681,1.8074975827447963
600011_2015,600011,2015,C,制造业,203,14,8,2.70805020110221,68.9655172413793,22.732049539888084,-0.22505284060224484,-0.4375849964079353,-0.19381574283103004,-0.5161778121420155,2.1972245773362196,5,5,1,3,0.4749346119439873,0.8972764962621126,-0.7752026506966606,-0.7675011241312305
600011_2016,600011,2016,C,制造业,133,10,6,2.3978952727983707,75.18796992481202,14.348395189698364,-0.5766230876618965,-0.7113939798135425,-0.7721841479738907,0.06683725623684336,1.9459101490553132,5,2,0,3,0.8099136031682582,-0.3152511466793173,-1.9213750519555446,-0.5638811052448887
600011_2017,600011,2017,C,制造业,175,14,8,2.70805020110221,80.0,22.192641415249692,-0.5487621059843605,-0.756340277839222,-0.629422758223059,-0.3349518440906928,2.1972245773362196,2,5,2,5,-1.157841670367027,0.5604540205056309,-0.12031345029453121,-0.41191747469137235
600011_2018,600011,2018,C,制造业,193,15,9,2.772588722239781,77.720207253886,24.64427309381114,-0.5220052869611943,-0.6522691578896531,-0.5060073604876789,-0.5057885212241785,2.302585092994046,6,3,2,4,0.5688730863930826,-0.34026314796263546,-0.1268685301685661,-0.7928469444608205
600011_2019,600011,2019,C,制造业,234,22,14,3.1354942159291497,94.01709401709401,30.546460448784003,0.4894748113209743,0.5745337880613748,0.42604929134428554,0.27215681266326824,2.70805020110221,6,3,2,11,0.7476218001013039,-0.33430002784170243,0.09576167111733325,0.6552931525555833
600011_2020,600011,2020,C,制造业,259,16,14,2.833213344056216,61.77606177606178,28.138444013064344,-0.39996767309758796,0.293102881756654,-0.22607988120958297,-1.1888941027882265,2.70805020110221,4,2,6,4,-0.35093994404933454,-0.9854069607518972,1.4970046319472485,-0.6616768335259047
600011_2021,600011,2021,C,制造业,184,19,12,2.995732273553991,103.26086956521739,26.02302749708276,0.40149839472104515,0.3438894598844271,0.13152464082951335,0.9200626138035483,2.5649493574615367,3,4,3,9,-0.46627229660067243,0.42325862180033474,0.5951767211276344,0.67769978035579
600011_2022,600011,2022,C,制造业,261,28,21,3.367295829986474,107.27969348659005,34.47299403640312,0.5768841414916612,0.9333309708147088,0.2111205290820844,0.477490948733458,3.091042453358316,9,4,1,14,1.1183100615786934,-0.09353427918110145,-1.1580133900176588,0.7268537109102657
600011_2023,600011,2023,C,制造业,192,21,12,3.091042453358316,109.375,30.91526511026,0.02456213096922116,-0.16069923619483845,-0.14545863601955336,0.6786889692009953,2.5649493574615367,5,6,2,8,-0.033931572673743644,0.6486144627345133,-0.33063513756638996,0.07598205603399072
600012_2013,600012,2013,I,信息传输、软件和信息技术服务业,101,6,3,1.9459101490553132,59.4059405940594,6.741936000854042,-1.9189570118241013,-2.397921311398451,-1.8413302788839216,-1.0378851120291905,1.3862943611198906,1,2,0,3,-1.9296148399665607,-0.6862429393912725,-1.8154898076079957,-0.49962258349912675
600012_2014,600012,2014,I,信息传输、软件和信息技术服务业,166,8,8,2.1972245773362196,48.19277108433735,14.019951882850295,-1.1236124667537464,-0.23533014828538712,-0.7927774553874865,-1.167787377257248,2.1972245773362196,1,2,2,3,-1.470266865828128,-0.460759381770075,0.13802211513049356,-0.7264768897489939
600012_2015,600012,2015,I,信息传输、软件和信息技术服务业,217,20,12,3.044522437723423,92.16589861751153,32.84645351238727,-0.3391157593193409,-0.4800073248910967,-0.12321713307656351,-0.38653071691524254,2.5649493574615367,5,4,6,5,-0.3076655291243183,-0.03664211971706936,1.249258479942469,-0.8825041994640657
600012_2016,600012,2016,I,信息传输、软件和信息技术服务业,193,12,9,2.5649493574615367,62.17616580310881,17.00002040629058,-0.6795997989165191,-0.34255905367860023,-0.8907154836650709,-0.7427885268170676,2.302585092994046,3,3,1,5,-0.4238992648662311,-0.1949940494376923,-0.9786067904952432,-0.3145019960448884
600012_2017,600012,2017,I,信息传输、软件和信息技术服务业,170,7,6,2.0794415416798357,41.1764705882353,12.706146264188284,-1.9322741330578193,-1.4478941629396522,-1.7532586546885396,-1.7872015299912973,1.9459101490553132,1,1,4,1,-2.349135477423375,-1.561136388989977,1.1076712927598213,-1.8762149181807048
600012_2018,600012,2018,I,信息传输、软件和信息技术服务业,227,20,12,3.044522437723423,88.1057268722467,28.72333438388108,-0.1929923645412132,-0.31563240139695325,-0.5379276300247428,-0.06493851927257242,2.5649493574615367,3,4,4,9,-1.0148288017054266,-0.2363740861954704,0.688114999555426,0.27122402064141105
600012_2019,600012,2019,I,信息传输、软件和信息技术服务业,226,21,10,3.091042453358316,92.9203539823009,32.32871088853386,-0.10838549943162723,-0.6562278540804702,-0.05600502968783918,-0.136310324634745,2.3978952727983707,5,4,2,10,0.11928095950989863,-0.2464818800544389,-0.4415542636322582,0.18409671433705152
600012_2020,600012,2020,I,信息传输、软件和信息技术服务业,180,6,5,1.9459101490553132,33.333333333333336,11.10291589210003,-2.305684717064004,-1.9835520673260492,-2.0578833553084035,-2.172015198329225,1.791759469228055,4,2,0,0,-0.27443909380472387,-1.1643410456560068,-2.499780557751568,-2.6796052579721477
600012_2021,600012,2021,I,信息传输、软件和信息技术服务业,194,16,13,2.833213344056216,82.47422680412372,24.067256749335304,-0.9560454441472889,-0.5403597789601794,-1.4866503176202732,-0.7028393380186582,2.6390573296152584,3,3,5,5,-1.0203354008750793,-0.6950314290741048,0.40683213624740633,-0.8247679918540136
600012_2022,600012,2022,I,信息传输、软件和信息技术服务业,231,14,9,2.70805020110221,60.60606060606061,27.802077133085138,-1.1355280103966015,-1.1171503479815559,-1.0409450747405753,-1.617742275826809,2.302585092994046,2,3,4,5,-1.6225061894293835,-0.7443779731554445,0.5164146420103649,-0.7984579158336025
600012_2023,600012,2023,I,信息传输、软件和信息技术服务业,210,17,8,2.8903717578961645,80.95238095238096,24.006495261233017,-0.6681223777599712,-1.148953487630213,-1.3346655878904479,-0.6819610861491698,2.1972245773362196,5,4,1,7,-0.45728965703913466,-0.45951735005422106,-0.9923397425581924,-0.21656248174938938
600013_2013,600013,2013,B,采矿业,183,11,9,2.4849066497880004,60.10928961748633,20.59822007131544,0.3350409507288328,0.5861527994797667,0.33516117768165077,-0.004395428492579968,2.302585092994046,5,3,1,2,1.2830566355705266,0.35366969117211866,0.09374299484212734,-0.20340945513346506
600013_2014,600013,2014,B,采矿业,151,5,3,1.791759469228055,33.11258278145696,10.194623562459435,-1.017036068992488,-1.578816606109674,-0.5485595216070309,-0.6208019649226925,1.3862943611198906,3,1,0,1,0.19603187785542583,-0.9560382411459215,-1.406880388857111,-0.696640743524443
600013_2015,600013,2015,B,采矿业,98,5,2,1.791759469228055,51.02040816326531,4.8145406381362,-1.0300566737589953,-1.6644957029545446,-1.0774589422245522,-0.403423182982587,1.0986122886681098,0,2,0,3,-1.995851925770291,-0.2468100597208419,-1.035588631878499,0.0039569327464876744
600013_2016,600013,2016,B,采矿业,204,13,8,2.6390573296152584,63.725490196078425,20.206894735819407,0.6201262116150181,0.43095735211992114,0.4703535316407948,0.13505748170274243,2.1972245773362196,3,2,1,7,0.35616645498544464,0.8805441300474904,-0.9418456370363713,0.8360259567135351
600013_2017,600013,2017,B,采矿业,212,11,7,2.4849066497880004,51.88679245283019,22.23482524025029,0.1787071425948927,0.03851455145199348,0.5602158721906776,-0.2077243359025199,2.0794415416798357,5,3,3,0,0.8508631118444933,0.14099828887358243,1.3551979520647517,-1.646024684038338
600013_2018,600013,2018,B,采矿业,190,20,9,3.044522437723423,105.26315789473684,24.379265549188265,0.8157856462952213,0.2592465851217342,0.4465761670499088,1.122145363541198,2.302585092994046,2,3,3,12,0.3384100520880957,-0.01801372825157337,0.6392186403725056,1.0446777310121318
600013_2019,600013,2019,B,采矿业,210,15,8,2.772588722239781,71.42857142857143,25.189408705822057,0.3719421803396693,0.05772031571789478,0.5147720580452456,0.14003667577361092,2.1972245773362196,5,3,2,5,0.6366903361610095,0.25634085414863744,0.30262699666386605,0.05288833658777593
600013_2020,600013,2020,B,采矿业,172,7,6,2.0794415416798357,40.697674418604656,13.037714912563429,-0.08888850974287653,0.3130063584390483,0.06595658919384983,-0.5183881054668675,1.9459101490553132,3,2,0,2,0.8065008765395358,0.5705438907254727,-1.3551979520647517,-0.20977080849146945
600013_2021,600013,2021,B,采矿业,182,15,7,2.772588722239781,82.41758241758242,25.651023848500593,-0.60058245639418,-1.2101353888778845,-0.5233823949417223,-0.33468535831651697,2.0794415416798357,5,3,3,4,0.38390543076384337,-0.21687419955335427,-0.18380576729435721,-0.8943462306464519
600013_2022,600013,2022,B,采矿业,208,20,11,3.044522437723423,96.15384615384616,23.44441690373157,0.5637843133180992,0.044173790437625204,-0.24613677116452368,0.8677406310105344,2.4849066497880004,4,4,0,12,-0.4846361986798326,0.7667859035860799,-1.9774342689148707,1.1719342331199947
600013_2023,600013,2023,B,采矿业,234,21,16,3.091042453358316,89.74358974358974,34.5882250728462,0.1780073978021285,0.7352845918660558,0.8031142648215602,-0.20596476585677378,2.833213344056216,7,3,2,9,1.0051056507690848,-0.29514144772124357,-0.12807537499950075,0.1520465696334027
600014_2013,600014,2013,C,制造业,138,8,4,2.1972245773362196,57.971014492753625,10.803950180441277,-0.3922003082194082,-0.8939883558694719,-0.6249930959073015,-0.21372506079781123,1.6094379124341003,2,0,0,6,-0.12438274374861069,-2.273757213685551,-1.6679694365922024,0.7994026499733339
600014_2014,600014,2014,C,制造业,159,7,7,2.0794415416798357,44.0251572327044,12.364170540574396,-0.5998769214574106,0.2974240266291557,-0.4234710542910346,-0.7334901218266378,2.0794415416798357,3,1,3,0,0.45452004630528925,-0.782719829982931,1.1180182917099681,-2.1710402629006893
600014_2015,600014,2015,C,制造业,173,13,6,2.6390573296152584,75.14450867052024,21.719951959259582,-0.37954974355355564,-1.0283519792546874,-0.3044076147807386,-0.2582666074886405,1.9459101490553132,2,5,2,4,-0.9420352632796586,0.8972764962621126,0.017537332315326445,-0.4310987830556212
600014_2016,600014,2016,C,制造业,172,11,8,2.4849066497880004,63.95348837209303,15.228781935636745,-0.38177704086459574,-0.12062699696679047,-0.6759843149374594,-0.40209018995654194,2.1972245773362196,0,3,3,5,-2.8529003889364026,0.26872187546157084,0.7890208521739589,0.04738196190956711
600014_2017,600014,2017,C,制造业,160,9,7,2.302585092994046,56.25,15.608410581878559,-1.4567269740559443,-1.0332138703393619,-1.3488814617596507,-1.3262772376864027,2.0794415416798357,3,4,1,1,-0.5697460368007496,0.19035493989558291,-0.9130534333065182,-2.0681416571324927
600014_2018,600014,2018,C,制造业,132,7,7,2.0794415416798357,53.03030303030303,12.226480831948562,-2.074181481080002,-1.1768146185436557,-1.862899144449042,-1.536345532688758,2.0794415416798357,3,3,1,0,-0.5751245167760771,-0.34026314796263546,-0.9196085131805531,-3.2191715161097587
600014_2019,600014,2019,C,制造业,147,11,7,2.4849066497880004,74.82993197278911,9.996891063930745,-0.9673969190642212,-0.9031419811276868,-1.8194015323006756,-0.5287156490443199,2.0794415416798357,1,1,2,7,-1.813345678291502,-1.7413367971832239,0.09576167111733325,0.04403008540112724
600014_2020,600014,2020,C,制造业,189,8,7,2.1972245773362196,42.32804232804233,14.750073618246187,-1.824148065250803,-1.1845728874324077,-1.6890267083322534,-2.0006547568499067,2.0794415416798357,2,2,3,1,-1.3951979900591436,-0.9854069607518972,0.40287889498538626,-2.0430402898881783
600014_2021,600014,2021,C,制造业,196,11,11,2.4849066497880004,56.12244897959184,19.15877696631503,-0.7424020564283619,0.155732380186937,-0.6185318065517477,-1.047495842639625,2.4849066497880004,4,1,5,1,-0.010109884157140599,-1.4367428141317715,1.3879167041396212,-1.7486247912931487
600014_2022,600014,2022,C,制造业,165,14,9,2.70805020110221,84.84848484848486,16.086611382265485,-0.8993757350967596,-0.9201025111860655,-1.7979589460827718,-0.4587880715611573,2.302585092994046,1,3,0,10,-2.171792101312131,-0.5464989457716865,-2.5132113420824105,0.25927647928938863
600014_2023,600014,2023,C,制造业,281,25,14,3.258096538021482,88.96797153024912,39.11834665730669,0.3986491656088281,0.175689144761673,0.7508918359187813,-0.17310073732088466,2.70805020110221,5,3,4,13,-0.033931572673743644,-0.4873635985093938,0.6680991263898353,0.7420715367972355
600015_2013,600015,2013,E,建筑业,185,18,9,2.9444389791664403,97.2972972972973,25.685935293391463,0.6392878424176477,0.49059888925050493,0.5433802596887006,0.7657306994796304,2.302585092994046,3,2,5,8,-0.21621937817637624,-0.13919752837494584,2.1302239340029523,0.6227269447832233
600015_2014,600015,2014,E,建筑业,149,7,5,2.0794415416798357,46.97986577181208,13.720397027174272,-0.12156972639529007,0.1116279583248726,-0.10626446537421703,-0.5076011734012286,1.791759469228055,5,1,1,0,0.9109777709007695,-0.2247812237071141,0.5035159804895797,-1.9302403991476045
600015_2015,600015,2015,E,建筑业,235,16,11,2.833213344056216,68.08510638297872,25.44162921802729,1.6791567839307804,1.995418366316519,1.3179129925912896,0.4225785631742376,2.4849066497880004,3,5,2,6,1.0529339643118674,1.7419913432694374,0.7237522658718403,0.7485326108356594
600015_2016,600015,2016,E,建筑业,254,17,9,2.8903717578961645,66.92913385826772,35.30403619809082,-0.10309069777760528,-0.47996219418968555,0.8744431735206025,-0.7320911706387638,2.302585092994046,3,8,3,3,-0.7911668774879703,1.2763294845817668,0.9124922472933559,-0.8939125851512112
600015_2017,600015,2017,E,建筑业,138,7,4,2.0794415416798357,50.72463768115942,8.329643902143205,-0.7616906299659463,-0.9273960494802322,-0.8847069660614229,-0.851852794753702,1.6094379124341003,2,1,1,3,-0.5156537714526457,-0.6761072085091011,0.025551996545657,-0.40350609229693923
600015_2018,600015,2018,E,建筑业,196,22,11,3.1354942159291497,112.24489795918367,28.04816209782482,0.8320348380070034,0.40039061499860823,0.37815868650214957,1.1708340040249297,2.4849066497880004,2,8,0,12,-0.6214090626654409,1.674420439256805,-1.9076191716096402,0.9448741992950374
600015_2019,600015,2019,E,建筑业,241,27,16,3.332204510175204,112.03319502074689,30.83767038247395,0.5004982256021807,0.4307395691545137,-0.14144731101255448,0.7474019687148767,2.833213344056216,5,7,2,13,0.11213861978515678,0.8194916548220369,-0.4803668409258433,0.6807165844409931
600015_2020,600015,2020,E,建筑业,239,33,20,3.5263605246161616,138.0753138075314,36.80891378550797,1.1795127097181737,0.9950960565666743,0.7501622154488585,2.094022140164669,3.044522437723423,11,2,2,18,1.9473437502624495,-1.3913161609839082,-0.13406913699524958,1.3095240902441347
600015_2021,600015,2021,E,建筑业,257,19,10,2.995732273553991,73.92996108949417,33.614307183406765,-0.26986128810950044,-0.6675379897605773,0.4073966114226501,-0.854900542776767,2.3978952727983707,8,4,4,3,0.776628343756936,0.30205723260462825,0.34767190956365956,-1.3880826145201977
600015_2022,600015,2022,E,建筑业,164,16,11,2.833213344056216,97.5609756097561,19.530388607714883,0.05070854873281152,0.5073399703525932,-0.3920983554032511,0.462914633356377,2.4849066497880004,6,2,0,8,1.195441598201677,-0.6406039294550444,-1.8801988879089846,0.20962001224973045
600015_2023,600015,2023,E,建筑业,289,34,20,3.5553480614894135,117.6470588235294,39.21374059447892,0.8337002705705656,0.8063044694856638,0.792042529101371,0.6609508875783429,3.044522437723423,10,3,3,18,1.4460110897493235,-0.2014714782351537,-0.06542086580519534,0.7355241986098507
600016_2013,600016,2013,C,制造业,204,20,12,3.044522437723423,98.0392156862745,22.704496244110466,1.5051681080502728,1.3521405962790567,0.6753792116597459,1.4587223210480487,2.5649493574615367,2,5,2,11,-0.12438274374861069,1.3633800721981246,0.47996849848453627,1.6119723326289621
600016_2014,600016,2014,C,制造业,175,12,9,2.5649493574615367,68.57142857142857,17.09385867586068,0.4873289344564804,0.8219694872831581,0.09334182485330501,0.2910716506435866,2.302585092994046,4,2,2,4,0.9106824587488211,0.04034391721770217,0.5555603226572033,0.25528430874824903
600016_2015,600016,2015,C,制造业,168,10,8,2.3978952727983707,59.52380952380952,18.69984428361132,-0.91958801250173,-0.4375849964079353,-0.634414688932832,-0.9102748487456163,2.1972245773362196,1,3,3,3,-1.7709095049370276,0.0742127490614796,0.5799953013680912,-0.7675011241312305
600016_2016,600016,2016,C,制造业,171,13,8,2.6390573296152584,76.0233918128655,14.11650198293636,-0.03658481871372232,-0.12062699696679047,-0.7975231116460548,0.10170777968918365,2.1972245773362196,0,3,2,8,-2.8529003889364026,0.26872187546157084,0.2265628831211941,0.6586450290640231
600016_2017,600016,2017,C,制造业,307,31,20,3.4657359027997265,100.9771986970684,42.13610199692068,1.1479362890794855,1.2354100724190662,1.549798574874657,0.5406367771685386,3.044522437723423,5,6,5,15,0.259128204856619,0.873368334548905,1.2348845017702204,1.066741688727501
600016_2018,600016,2018,C,制造业,271,20,15,3.044522437723423,73.80073800738008,32.34498948551367,0.08694047721404116,0.4525724060263248,0.33544968615730014,-0.6693872325285476,2.772588722239781,6,7,3,4,0.5688730863930826,1.0667736213788857,0.43558943888419865,-0.7928469444608205
600016_2019,600016,2019,C,制造业,204,19,12,2.995732273553991,93.13725490196079,19.9700400040065,0.17650353208518588,0.23814540710486337,-0.7296358499923459,0.23543231341651696,2.5649493574615367,0,3,5,11,-3.230315553515148,-0.33430002784170243,1.4509596231820847,0.6552931525555833
600016_2020,600016,2020,C,制造业,204,13,10,2.6390573296152584,63.725490196078425,24.786850275558333,-0.834744517052707,-0.4359809693476112,-0.5923084272906184,-1.1075249282299249,2.3978952727983707,7,4,1,1,0.6098675187307795,0.05153072797957602,-0.9523190570793655,-2.0430402898881783
600016_2021,600016,2021,C,制造业,210,13,12,2.6390573296152584,61.904761904761905,21.857292381847007,-0.3972098342774884,0.3438894598844271,-0.3236651089122746,-0.8061420053159291,2.5649493574615367,5,1,6,1,0.3626019450566963,-1.4367428141317715,1.6893024580894969,-1.7486247912931487
600016_2022,600016,2022,C,制造业,247,28,16,3.367295829986474,113.36032388663968,33.12980831305501,0.5768841414916612,0.32724987139524,0.06435066581559375,0.7312965624024784,2.833213344056216,2,5,4,17,-1.3429178596547624,0.2765648014289465,0.6334608569505534,1.0017144369891118
600016_2023,600016,2023,C,制造业,158,8,7,2.1972245773362196,50.63291139240506,14.431621129777948,-1.9769793423995083,-1.3019866244273886,-1.9466259140027864,-1.773206782780399,2.0794415416798357,2,3,2,1,-1.4509014478973894,-0.4873635985093938,-0.33063513756638996,-2.1915051935615852
600017_2013,600017,2013,B,采矿业,119,4,3,1.6094379124341003,33.61344537815126,7.6988327047099245,-1.6254109863593749,-1.567779685744216,-1.074354488773595,-1.1103324061435047,1.3862943611198906,2,0,2,0,-0.13391323965311938,-2.460403847510924,0.8864829778541143,-1.8596336375745854
600017_2014,600017,2014,B,采矿业,163,8,7,2.1972245773362196,49.079754601226995,12.946037033187276,-0.10907120092090315,0.05057041846030598,-0.2479126550801105,0.045668051449680544,2.0794415416798357,3,2,0,3,0.19603187785542583,-0.13297449394528824,-1.406880388857111,0.34832037176222147
600017_2015,600017,2015,B,采矿业,132,4,4,1.6094379124341003,30.303030303030305,6.801687443452551,-1.4383324167283955,-0.46369352626562266,-0.860323471055509,-1.2681668782065243,1.6094379124341003,0,1,3,0,-1.995851925770291,-1.069873806921475,1.6748072722510046,-2.0859652978268413
600017_2016,600017,2016,B,采矿业,105,2,2,1.0986122886681098,19.04761904761905,3.5893183673097413,-2.82941839877347,-2.151559980985119,-1.3454485343215485,-1.7297976004557796,1.0986122886681098,1,0,1,0,-1.0608034202382015,-1.349556386494664,-0.9418456370363713,-2.2988573891464585
600017_2017,600017,2017,B,采矿业,170,6,4,1.9459101490553132,35.294117647058826,12.060922880867663,-1.0282768293730409,-1.066327012463985,-0.5514861301587147,-0.900302857276706,1.6094379124341003,1,4,1,0,-1.3949810050365217,0.5939629554641673,1.1050523368334354e-17,-1.646024684038338
600017_2018,600017,2018,B,采矿业,145,9,6,2.302585092994046,62.06896551724138,11.592049160138028,-0.8456471868966364,-0.5791922658788804,-0.9506825800887595,-0.6807809421290965,1.9459101490553132,0,1,5,3,-1.9074340647929193,-1.4250504975930947,1.4319586233844923,-0.7322156533343255
600017_2019,600017,2019,B,采矿业,182,7,6,2.0794415416798357,38.46153846153847,12.921852321874127,-1.1802340137791383,-0.5330466671288571,-0.8257034560913531,-1.2360078266148815,1.9459101490553132,2,3,0,2,-0.7802795390626365,0.25634085414863744,-1.8453109384128727,-0.9920727786988884
600017_2020,600017,2020,B,采矿业,103,5,3,1.791759469228055,48.543689320388346,4.173192952936395,-0.7330998357900993,-1.0024872757843195,-0.90266945657307,-0.1908953134387193,1.3862943611198906,1,0,1,3,-0.6104689986841102,-1.6595566258166818,1.1050523368334354e-17,0.22392723964073924
600017_2021,600017,2021,B,采矿业,226,23,12,3.1780538303479458,101.76991150442478,30.115766962078975,0.3073824116774049,-0.06884800064533432,-0.03552005028659442,0.4730811784838075,2.5649493574615367,2,7,2,12,-1.0330644444598025,1.1901625697881668,-0.7462637363471221,0.5461448126243961
600017_2022,600017,2022,B,采矿业,150,5,5,1.791759469228055,33.333333333333336,8.794314939898747,-2.2415489710231666,-1.5852132341323553,-1.84695296857926,-1.7543886152075376,1.791759469228055,3,0,1,1,-0.9407986111233645,-2.500252301687548,-0.6222363168501188,-1.6499202665131274
600017_2023,600017,2023,B,采矿业,170,13,7,2.6390573296152584,76.47058823529413,14.697329469838527,-0.8341305273685049,-1.036613251369252,-1.3703632946513218,-0.7599800687791988,2.0794415416798357,0,4,2,7,-3.2458039749018535,0.15782321886934142,-0.12807537499950075,-0.18435577144220722
600018_2013,600018,2013,C,制造业,153,11,8,2.4849066497880004,71.89542483660131,15.310516535868576,0.2520110178278145,0.48772680054664636,-0.13256072688337214,0.36748005771599834,2.1972245773362196,3,5,0,3,0.4637128898176665,1.3633800721981246,-1.6679694365922024,-0.044251849812158274
600018_2014,600018,2014,C,制造业,167,13,6,2.6390573296152584,77.84431137724552,15.675800993125199,0.6532801687650476,-0.016469363717456487,-0.06160929514541655,0.6781219326327813,1.9459101490553132,2,5,0,6,-0.13357558726098795,1.4473806865592234,-1.5923776124195355,0.7625364674581319
600018_2015,600018,2015,C,制造业,130,12,7,2.5649493574615367,92.3076923076923,12.569117206485826,-0.5455009778621229,-0.7144585889080751,-1.3043190507741451,0.4581249619629404,2.0794415416798357,4,0,1,7,0.1022227827301504,-2.739860789621563,-0.7752026506966606,0.2774599911554339
600018_2016,600018,2016,C,制造业,191,14,9,2.70805020110221,73.29842931937172,15.88996778731158,0.1179120842375885,0.12704487118707228,-0.603736556971301,-0.012032199948553849,2.302585092994046,3,1,2,8,-0.018960638489110466,-1.1383148938799506,0.2265628831211941,0.6586450290640231
600018_2017,600018,2017,C,制造业,200,22,13,3.1354942159291497,110.0,26.798537452204126,0.40842049929865065,0.28227976388400605,-0.126136637910215,0.9172486530828354,2.6390573296152584,7,3,1,11,0.8472238384228962,-0.2626097266950021,-0.9130534333065182,0.6330436405952924
600018_2018,600018,2018,C,制造业,175,13,7,2.6390573296152584,74.28571428571429,15.016641363232411,-0.8210243908575436,-1.1768146185436557,-1.5580183877899303,-0.6491443146336319,2.0794415416798357,3,3,1,6,-0.5751245167760771,-0.34026314796263546,-0.9196085131805531,-0.28559478575093766
600018_2019,600018,2019,C,制造业,149,12,9,2.5649493574615367,80.53691275167785,17.0978231505401,-0.788155931221915,-0.37859652047368425,-1.043482898488497,-0.2905061767548451,2.302585092994046,2,1,4,5,-0.9844714366341331,-1.7413367971832239,1.0944959350735586,-0.38966796273108145
600018_2020,600018,2020,C,制造业,211,15,10,2.772588722239781,71.09004739336493,29.523909112341496,-0.5357254131563576,-0.4359809693476112,-0.07469015181718562,-0.8001281887664233,2.3978952727983707,3,4,2,6,-0.8071023564928664,0.05153072797957602,-0.15957907406737853,-0.15442467481602185
600018_2021,600018,2021,C,制造业,239,18,12,2.9444389791664403,75.31380753138076,27.99365812207843,0.28663645385306463,0.3438894598844271,0.3468553894756658,-0.24644821864010716,2.5649493574615367,7,2,3,6,0.9506975786229734,-0.6136790669311384,0.5951767211276344,0.1399908237790078
600018_2022,600018,2022,C,制造业,221,17,12,2.8903717578961645,76.92307692307693,27.23664976827547,-0.49109999212736,-0.3033605836075177,-0.5795945896990656,-0.7895947297111181,2.5649493574615367,6,2,4,5,0.3891753770806745,-1.1304719679125745,0.6334608569505534,-0.6545097454520082
600018_2023,600018,2023,C,制造业,239,14,9,2.70805020110221,58.57740585774059,28.130822673094205,-0.8330788912501014,-0.7774411637733861,-0.4497145767077509,-1.4416034521375494,2.302585092994046,6,3,1,4,0.28119178883804746,-0.4873635985093938,-1.123375120578377,-0.8101417371993118
600019_2013,600019,2013,I,信息传输、软件和信息技术服务业,201,14,7,2.70805020110221,69.65174129353234,23.50512783163222,-0.21228391475398342,-0.7685342868284711,-0.009616815774381945,-0.6102252210351606,2.0794415416798357,4,3,2,5,-0.0564825522993827,-0.10226991725038434,0.332448127468743,0.11164048365532901
600019_2014,600019,2014,I,信息传输、软件和信息技术服务业,213,16,10,2.833213344056216,75.11737089201878,24.549325022940604,0.3005679253994688,0.23638817729926948,0.3577668283923922,-0.043954135078015585,2.3978952727983707,4,4,3,5,0.40286542183905005,0.576178306961398,0.7004800841832584,-0.11521382259453822
600019_2015,600019,2015,I,信息传输、软件和信息技术服务业,353,44,29,3.8066624897703196,124.64589235127478,62.186949192905644,1.3675573377507764,1.485768080635395,3.08281794036553,0.9691847598051383,3.4011973816621555,9,6,8,21,0.7365925168854915,0.6463712749362527,1.7406127090045809,1.0762431405639958
600019_2016,600019,2016,I,信息传输、软件和信息技术服务业,208,18,14,2.9444389791664403,86.53846153846153,26.62765011435438,0.17019772352260124,0.6105712548564588,0.16129532263703542,0.274094100919506,2.70805020110221,3,4,3,8,-0.4238992648662311,0.25797061715289266,0.3765911615695086,0.2967610711095677
600019_2017,600019,2017,I,信息传输、软件和信息技术服务业,178,20,11,3.044522437723423,112.35955056179775,23.175115386185954,0.22884782523622382,-0.18087046405798005,-0.6093147161342672,1.1839814077833,2.4849066497880004,4,6,1,9,-0.47600318975619665,0.9818784415954513,-0.683802954208391,0.5501096534682344
600019_2018,600019,2018,I,信息传输、软件和信息技术服务业,266,24,15,3.2188758248682006,90.22556390977444,36.30473922609755,0.1974401214879198,0.17246723494047694,0.29049224722527556,0.02354351380473037,2.772588722239781,5,6,3,10,-0.18595456004805783,0.4466393084578516,0.2518387046519655,0.41490985617498927
600019_2019,600019,2019,I,信息传输、软件和信息技术服务业,247,35,17,3.58351893845611,141.7004048582996,38.365889931122986,0.9944254154372573,0.5014408449048526,0.6036773412559473,1.8997698073344411,2.8903717578961645,9,6,1,19,1.1635390055197086,0.4365315145988831,-1.2342942466442453,1.0853719940901374
600019_2020,600019,2020,I,信息传输、软件和信息技术服务业,250,23,15,3.1780538303479458,92.0,39.967464078351504,0.4534754490227372,0.3220916732788517,1.0961449498652946,0.27673244058789676,2.772588722239781,6,10,1,6,0.4133960969209041,1.4731059262471717,-1.1445826056868162,0.2539714723866738
600019_2021,600019,2021,I,信息传输、软件和信息技术服务业,249,28,18,3.367295829986474,112.44979919678714,36.7303040867279,0.23993449143732384,0.17750348482531048,-0.10295951899158076,0.548341550419816,2.9444389791664403,8,4,3,13,0.6374130824396584,-0.24206676248351972,-0.38590784676458045,0.45258455606368714
600019_2022,600019,2022,I,信息传输、软件和信息技术服务业,309,35,21,3.58351893845611,113.26860841423948,47.086396371537084,0.8249239266916056,0.7362831340192183,1.06625190376796,0.5803933424340671,3.091042453358316,9,5,7,14,0.8387217318040722,0.07868577404518844,1.435336299171656,0.5829055405286715
600019_2023,600019,2023,I,信息传输、软件和信息技术服务业,299,23,14,3.1780538303479458,76.92307692307693,40.20305239437635,-0.023911051712747464,0.051848689058708826,0.43513171898820774,-0.8501443031077635,2.70805020110221,8,7,1,7,0.3715845846182345,0.49455475269671506,-0.9923397425581924,-0.21656248174938938
600020_2013,600020,2013,C,制造业,178,9,7,2.302585092994046,50.561797752808985,17.267922605165683,-0.15626472514158504,0.2108532080465065,0.08132497496255107,-0.5229858903119814,2.0794415416798357,5,3,1,0,1.2925871314750352,0.5403163249974917,-0.31277148452745074,-2.1341740803854874
600020_2014,600020,2014,C,制造业,164,8,6,2.1972245773362196,48.78048780487805,9.436067756928178,-0.3361233794330485,-0.016469363717456487,-0.743424756683541,-0.5350025449366271,1.9459101490553132,1,3,1,3,-0.9624498289183568,0.6243169393585903,-0.2371796603547836,-0.08111803232736023
600020_2015,600020,2015,C,制造业,247,17,11,2.8903717578961645,68.82591093117409,27.665882389863626,0.1832229023671547,0.238671719626985,0.34530402309798514,-0.5220049818435997,2.4849066497880004,5,3,3,6,0.4749346119439873,0.0742127490614796,0.5799953013680912,0.07615337565426167
600020_2016,600020,2016,C,制造业,119,8,4,2.1972245773362196,67.22689075630252,10.827352196934791,-1.0259883669118186,-1.5023421533829087,-1.1569284090394245,-0.2654583201913371,1.6094379124341003,2,1,1,4,-0.6070562720553876,-1.1383148938799506,-0.5661770998907929,-0.22747876416927934
600020_2017,600020,2017,C,制造业,201,18,13,2.9444389791664403,89.55223880597015,23.27410059416086,-0.019412720805118324,0.28227976388400605,-0.511251746531963,0.06375876197451019,2.6390573296152584,6,3,3,6,0.5742515663684101,-0.2626097266950021,0.4421445187582336,-0.17952604206033596
600020_2018,600020,2018,C,制造业,308,33,18,3.5263605246161616,107.14285714285714,55.74653327146786,1.1659286472163828,0.856542279465202,2.892535666142164,0.7223133727468987,2.9444389791664403,9,9,2,13,1.2980077708911015,1.5197382879694716,-0.1268685301685661,0.7593663295357267
600020_2019,600020,2019,C,制造业,280,37,23,3.6375861597263857,132.14285714285714,44.50816941149885,1.613817785336013,1.6793753519773538,1.9516448063980991,1.8635267973699603,3.1780538303479458,4,6,3,24,0.0597866093756759,0.8016780334022046,0.658219640170098,1.7617958828390106
600020_2020,600020,2020,C,制造业,286,29,24,3.4011973816621555,101.39860139860139,40.65505001050397,0.8719285800174114,1.4939050584455758,1.141609276642372,0.4649513576991708,3.2188758248682006,5,8,4,12,0.021771885164502274,1.2446935557902574,0.8391551898888467,0.7788142097449433
600020_2021,600020,2021,C,制造业,191,9,6,2.302585092994046,47.12041884816754,18.13831882045782,-1.1506777993977615,-1.1112913186947353,-0.7300372372105152,-1.423240729510978,1.9459101490553132,4,1,2,2,-0.010109884157140599,-1.4367428141317715,0.03271875207486963,-1.137361724138693
600020_2022,600020,2022,C,制造业,336,52,33,3.970291913552122,154.76190476190476,62.4789429528682,1.9271834607522254,1.9566368959652203,3.2713297180779093,2.459399234261711,3.5263605246161616,8,11,8,25,0.9029262572262526,1.6836015707704681,1.782664528071067,1.556081687026658
600020_2023,600020,2023,C,制造业,217,24,8,3.2188758248682006,110.59907834101384,29.2583860500428,0.31082155989930565,-1.0251130319272488,-0.32650576069492815,0.7297820194408912,2.1972245773362196,5,6,0,13,-0.033931572673743644,0.6486144627345133,-2.4785730726431288,0.7420715367972355
600021_2013,600021,2013,C,制造业,142,9,5,2.302585092994046,63.38028169014084,12.527597215597789,-0.15626472514158504,-0.4654035079884138,-0.43665023663463143,0.012057841665946409,1.791759469228055,2,3,1,3,-0.12438274374861069,0.5403163249974917,-0.31277148452745074,-0.044251849812158274
600021_2014,600021,2014,C,制造业,175,6,5,1.9459101490553132,34.285714285714285,11.181015364638426,-0.8988960253537595,-0.37883268940576464,-0.5527543844937317,-1.1400146318404456,1.791759469228055,2,1,1,2,-0.13357558726098795,-0.782719829982931,-0.2371796603547836,-0.514816080459569
600021_2015,600021,2015,C,制造业,147,9,7,2.302585092994046,61.224489795918366,17.354154824414298,-1.1330177086738287,-0.7144585889080751,-0.7814581353396226,-0.8392884260033526,2.0794415416798357,4,2,3,0,0.1022227827301504,-0.5097602730794085,0.5799953013680912,-2.8574233547045598
600021_2016,600021,2016,C,制造业,182,10,4,2.3978952727983707,54.94505494505494,15.515066929661927,-0.5766230876618965,-1.5023421533829087,-0.6447019623201405,-0.7781023504929326,1.6094379124341003,4,2,0,4,0.4372017739544214,-0.3152511466793173,-1.9213750519555446,-0.22747876416927934
600021_2017,600021,2017,C,制造业,173,14,4,2.70805020110221,80.92485549132948,25.389095830319473,-0.5487621059843605,-2.13805543425534,-0.28014628120099505,-0.296348360555478,1.6094379124341003,4,4,1,5,-0.11358362435721782,0.19035493989558291,-0.9130534333065182,-0.41191747469137235
600021_2018,600021,2018,C,制造业,269,30,22,3.4339872044851463,111.52416356877323,44.55031185081265,0.9590755105373141,1.3056574637840999,1.6691248909629874,0.9051891755736222,3.1354942159291497,7,6,5,12,0.8418453584475688,0.7957149132812715,1.2283294218961855,0.6476440988100276
600021_2019,600021,2019,C,制造业,210,13,7,2.6390573296152584,61.904761904761905,20.94906048888928,-0.6222046969133478,-0.9031419811276868,-0.6226583112919148,-1.0682124618855224,2.0794415416798357,3,3,1,6,-0.3963758030678559,-0.33430002784170243,-0.6969783118946538,-0.15727653010004503
600021_2020,600021,2020,C,制造业,244,25,13,3.258096538021482,102.45901639344262,34.27439722096367,0.5514804427575334,0.1309207467909602,0.4443955397829369,0.5092130971575195,2.6390573296152584,10,3,1,11,1.260868282065069,-0.40143393861100896,-0.9523190570793655,0.6581450078396065
600021_2021,600021,2021,C,制造业,200,10,8,2.3978952727983707,50.0,18.71218070281376,-0.9372481032256627,-0.5205243358479833,-0.6673313667242758,-1.3030469645117735,2.1972245773362196,3,4,2,1,-0.46627229660067243,0.42325862180033474,0.03271875207486963,-1.7486247912931487
600021_2022,600021,2022,C,制造业,199,20,11,3.044522437723423,100.50251256281408,27.88756704360978,-0.14590776997648558,-0.4915176633050078,-0.5084688787583057,0.19461130466055057,2.4849066497880004,6,3,2,9,0.3891753770806745,-0.5464989457716865,-0.36527340700567185,0.11559064375581043
600021_2023,600021,2023,C,制造业,189,18,11,2.9444389791664403,95.23809523809523,24.20606523243259,-0.30372950607085913,-0.34885631589232846,-0.8785727032549727,0.08861433015592954,2.4849066497880004,3,6,2,7,-0.8628058143311124,0.6486144627345133,-0.33063513756638996,-0.10158296298825664
600022_2013,600022,2013,C,制造业,203,10,7,2.3978952727983707,49.26108374384237,19.934583230682463,0.057164971030513774,0.2108532080465065,0.3727109006628622,-0.5772777146022671,2.0794415416798357,6,2,1,1,1.6077104929868262,-0.04365669714339641,-0.31277148452745074,-1.089212965098823
600022_2014,600022,2014,C,制造业,203,15,9,2.772588722239781,73.89162561576356,24.744918707629818,0.9522992726613969,0.8219694872831581,0.9293729225538826,0.5131367634428335,2.302585092994046,4,3,2,6,0.9106824587488211,0.6243169393585903,0.5555603226572033,0.7625364674581319
600022_2015,600022,2015,C,制造业,207,13,8,2.6390573296152584,62.80193236714976,19.6722005070654,-0.37954974355355564,-0.4375849964079353,-0.5281653538766629,-0.7734459469380646,2.1972245773362196,1,6,3,3,-1.7709095049370276,1.2101908103053867,0.5799953013680912,-0.7675011241312305
600022_2016,600022,2016,C,制造业,290,27,16,3.332204510175204,93.10344827586208,43.26204710062724,1.5155913754050852,1.3743972537683775,2.3872097197065423,0.8146296195130587,2.833213344056216,6,6,4,11,1.1250369646800493,1.4046999367054778,1.2252971470774194,1.092343077196232
600022_2017,600022,2017,C,制造业,280,31,17,3.4657359027997265,110.71428571428571,39.52423622606842,1.1479362890794855,0.8730467467307574,1.2644000812822245,0.9470629506345858,2.8903717578961645,5,4,8,14,0.259128204856619,0.19035493989558291,2.0276244847822076,0.9694459816709017
600022_2018,600022,2018,C,制造业,288,37,21,3.6375861597263857,128.4722222222222,46.081721904356066,1.414998091391817,1.2011643241111212,1.8364620210831861,1.6126014246394527,3.091042453358316,6,7,3,21,0.5688730863930826,1.0667736213788857,0.43558943888419865,1.4407611216460876
600022_2019,600022,2019,C,制造业,248,15,8,2.772588722239781,60.483870967741936,31.13890919526052,-0.32318559301699834,-0.6262683886275471,0.4907861479094491,-1.1275204731443813,2.1972245773362196,7,5,2,1,1.02059407215579,0.48876371935893054,0.09576167111733325,-2.0458921451722016
600022_2020,600022,2020,C,制造业,313,32,21,3.4965075614664802,102.23642172523961,45.68530917514134,1.0853582761895102,1.193406055222369,1.6912655430509567,0.4999219920177865,3.091042453358316,10,2,7,13,1.260868282065069,-0.9854069607518972,1.7580768470501378,0.8905364404706425
600022_2021,600022,2021,C,制造业,291,25,18,3.258096538021482,85.91065292096219,43.090199179848085,0.9890151255327518,1.2359589696607345,1.9964539731493893,0.19586428353672214,2.9444389791664403,14,4,2,5,2.2357342327238743,0.42325862180033474,0.03271875207486963,-0.09240060885202861
600022_2022,600022,2022,C,制造业,284,32,23,3.4965075614664802,112.67605633802818,48.716634950813756,0.8662301551941467,1.1378693612649726,1.7675227399498628,0.702735223583444,3.1780538303479458,6,12,4,10,0.3891753770806745,1.846082261701563,0.6334608569505534,0.25927647928938863
600022_2023,600022,2023,C,制造业,220,18,7,2.9444389791664403,81.81818181818181,32.87030592918748,-0.30372950607085913,-1.3019866244273886,0.06816861499019246,-0.47153307839211317,2.0794415416798357,6,5,0,7,0.28119178883804746,0.33570014869123915,-2.4785730726431288,-0.10158296298825664
600023_2013,600023,2013,F,批发和零售业,120,4,4,1.6094379124341003,33.333333333333336,5.492316178150422,-1.8686174748282505,-1.1075816910509788,-1.3463392082158643,-1.4055165613693992,1.6094379124341003,1,0,0,3,-1.2301598248658687,-2.5432492234536634,-1.3760968491753232,-0.1916844607618388
600023_2014,600023,2014,F,批发和零售业,178,9,8,2.302585092994046,50.561797752808985,14.801133619549773,-0.8551962552590158,-0.21854665613131447,-0.8531625151661586,-0.9069521351126216,2.1972245773362196,4,3,0,2,0.29737154209280353,-0.1858158444459469,-1.8268634776270243,-0.8901773089698881
600023_2015,600023,2015,F,批发和零售业,133,6,5,1.9459101490553132,45.11278195488722,11.209753758006135,-0.890646759828851,-0.4826377716253011,-0.7504532517908561,-0.7743924251147465,1.791759469228055,1,1,1,3,-1.2265605456344908,-0.589016520981367,-0.4300056312583549,-0.07638487704242025
600023_2016,600023,2016,F,批发和零售业,190,13,7,2.6390573296152584,68.42105263157895,26.84810833869984,-0.7054889323401637,-1.0198559224310957,-0.21423737140406876,-0.7010230269906903,2.0794415416798357,5,4,2,2,0.46663748270950395,-0.18248641655284437,0.3612163684401957,-1.4442102497770763
600023_2017,600023,2017,F,批发和零售业,238,17,13,2.8903717578961645,71.42857142857143,26.53014719446121,-0.5012608119405284,0.033365903099583885,-0.6263843138526418,-0.9418526264264244,2.6390573296152584,3,4,4,6,-0.8952913217697326,0.010952325302683936,0.48262074357128054,-0.43774415190997895
600023_2018,600023,2018,F,批发和零售业,211,17,7,2.8903717578961645,80.56872037914692,30.907435921569867,0.3084273952154088,-0.5255220890070621,1.007073294117784,-0.22701509113768537,2.0794415416798357,4,3,2,8,0.49115782172193034,0.054510387519520746,0.7495621053946327,0.18910677551639138
600023_2019,600023,2019,F,批发和零售业,141,14,9,2.70805020110221,99.29078014184398,16.074244335526267,-0.15688191115792854,-0.11894863868020954,-0.7348190629292023,0.8363886131254633,2.302585092994046,2,3,1,8,-0.9664413600553151,0.056870356207326965,-0.30226578155417844,0.4331074687179402
600023_2020,600023,2020,F,批发和零售业,162,12,9,2.5649493574615367,74.07407407407408,15.53813701208889,-0.45259726980987003,-0.163861949400178,-0.8619171598712368,-0.20579728798264746,2.302585092994046,3,1,3,5,-0.44716888993115245,-1.1104652862024105,0.53034031261384,-0.20539057968094598
600023_2021,600023,2021,F,批发和零售业,147,8,8,2.1972245773362196,54.42176870748299,13.879925994210925,-1.312379672319085,-0.5148686063661386,-1.2481282193280983,-0.9724633059306048,2.1972245773362196,2,2,4,0,-0.8043265449931762,-0.8361735211031086,1.0785837479528138,-2.7145307700070815
600023_2022,600023,2022,F,批发和零售业,193,15,9,2.772588722239781,77.720207253886,22.9353341944416,-0.29668215509838136,-0.45434463688253446,-0.4391750961308653,-0.25214724767270946,2.302585092994046,6,2,1,6,0.7193659824207026,-0.5857212481972509,-1.0244227186001202,-0.07621318203328029
600023_2023,600023,2023,F,批发和零售业,176,10,8,2.3978952727983707,56.81818181818181,18.995673980070542,-0.9640001191507291,-0.5946669805358543,-0.8758879875089414,-0.9120311117759301,2.1972245773362196,5,5,0,0,0.39255641415065734,0.27510666279511825,-2.2359702117748075,-2.507872025060918
600024_2013,600024,2013,C,制造业,205,16,11,2.833213344056216,78.04878048780488,25.229580760295704,1.031980083933807,1.1639835165815666,0.951295120185815,0.6243212245734199,2.4849066497880004,1,7,4,4,-0.9532569854059796,1.947353094339013,1.4787027624407616,0.292150491263451
600024_2014,600024,2014,C,制造业,218,26,14,3.295836866004329,119.26605504587157,29.71617675511611,2.124017682757343,1.775099795818217,1.472582138680211,2.4070661998210476,2.70805020110221,4,5,1,16,0.9106824587488211,1.4473806865592234,-0.2371796603547836,2.1001994663850643
600024_2015,600024,2015,C,制造业,194,19,10,2.995732273553991,97.9381443298969,27.429369517118765,0.4191584854449779,0.03413332917672125,0.3194602686639369,0.69314012268015,2.3978952727983707,5,7,1,6,0.4749346119439873,1.4812495184030008,-0.7752026506966606,0.07615337565426167
600024_2016,600024,2016,C,制造业,190,18,13,2.9444389791664403,94.73684210526316,21.53725573366434,0.6472614694168307,0.9179930447564375,0.013342425707762036,0.8828075050215991,2.6390573296152584,5,3,1,9,0.8099136031682582,0.26872187546157084,-0.5661770998907929,0.8174823511173858
600024_2017,600024,2017,C,制造业,299,31,21,3.4657359027997265,103.6789297658863,47.68043559251437,1.1479362890794855,1.344765072315415,2.1556277387677274,0.653407076755303,3.091042453358316,8,6,5,12,1.0880024465139881,0.873368334548905,1.2348845017702204,0.7537128425006292
600024_2018,600024,2018,C,制造业,274,26,21,3.295836866004329,94.8905109489051,35.4238476208304,0.6497131231347515,1.2011643241111212,0.6718764212561246,0.21090023955993445,3.091042453358316,7,8,2,9,0.8418453584475688,1.305864346438631,-0.1268685301685661,0.2521141708258446
600024_2019,600024,2019,C,制造业,269,35,19,3.58351893845611,130.1115241635688,40.72687694835675,1.49274414312617,1.250790504096295,1.538463093594751,1.7787389251502983,2.995732273553991,8,5,5,17,1.2613726802468819,0.48876371935893054,1.4509596231820847,1.2665562197100386
600024_2020,600024,2020,C,制造业,274,28,17,3.367295829986474,102.18978102189782,38.25450439526679,0.7960122624870246,0.7216877296377116,0.8793017300470294,0.4979752082873492,2.8903717578961645,5,3,5,15,0.021771885164502274,-0.40143393861100896,1.195618877997373,1.091843055971815
600024_2021,600024,2021,C,制造业,236,21,14,3.091042453358316,88.98305084745762,35.69777888214219,0.6149280908931449,0.6802778408409385,1.1886844313482599,0.3241062239058052,2.70805020110221,7,6,3,5,0.9506975786229734,1.1062720164536568,0.5951767211276344,-0.09240060885202861
600024_2022,600024,2022,C,制造业,274,27,17,3.332204510175204,98.54014598540147,42.207178211864374,0.4983035560707372,0.4616126452300513,1.0562345994436764,0.11270209119812441,2.8903717578961645,8,4,3,12,0.9029262572262526,-0.09353427918110145,0.19718456204709292,0.5111205717399934
600024_2023,600024,2023,C,制造业,269,44,23,3.8066624897703196,163.56877323420073,49.42849478630288,1.62706217094029,1.2805307086776518,1.8774814093830414,2.940737962120182,3.1780538303479458,5,7,7,25,-0.033931572673743644,0.9196731708321273,1.5870207835511263,1.675310421358201
600025_2013,600025,2013,D,电力、热力、燃气及水生产和供应业,145,11,8,2.4849066497880004,75.86206896551724,15.435850251377673,-0.7131063767686456,-0.3195357348705367,-0.9359016339993785,-0.36629311778482365,2.1972245773362196,2,4,1,4,-0.9459256751044832,0.33887611614342406,-0.4346979863244792,-0.47209124081693177
600025_2014,600025,2014,D,电力、热力、燃气及水生产和供应业,180,11,8,2.4849066497880004,61.11111111111111,21.23890559320879,-0.5041078450478416,-0.30589271150854513,-0.2971627151759556,-0.5760895853621635,2.1972245773362196,3,2,2,4,-0.3090580499407739,-0.3183622121483755,-0.2992951320011524,-0.09929964057613203
600025_2015,600025,2015,D,电力、热力、燃气及水生产和供应业,185,12,9,2.5649493574615367,64.86486486486487,23.32996117506866,-0.41951279274024594,-0.2182883500678362,0.023995511669359915,-0.628734822632846,2.302585092994046,5,4,2,1,0.41370391870164924,0.7978205911386752,-0.2992951320011524,-1.3452603976395061
600025_2016,600025,2016,D,电力、热力、燃气及水生产和供应业,185,15,9,2.772588722239781,81.08108108108108,24.386939868031064,0.13441812525484773,-0.04168166873660202,0.24058893759742214,0.2180102513460749,2.302585092994046,4,4,3,4,0.22585148500645996,0.706038835153238,0.8966465333745683,-0.35675776116335284
600025_2017,600025,2017,D,电力、热力、燃气及水生产和供应业,256,19,10,2.995732273553991,74.21875,32.02716097386689,-0.008373104093481206,-0.4153311336077334,0.32645186183177344,-0.6606983881065795,2.3978952727983707,8,4,0,7,0.8134937473413922,0.06917389073316431,-2.016101932088364,-0.06594093215776371
600025_2018,600025,2018,D,电力、热力、燃气及水生产和供应业,239,18,12,2.9444389791664403,75.31380753138076,29.51525427845286,0.20950612306819488,0.21161037279340145,0.6022447394900025,-0.35962606421905985,2.5649493574615367,4,8,1,5,0.25256817927378156,1.3781888063787657,-0.5311059871652816,-0.373714697082376
600025_2019,600025,2019,D,电力、热力、燃气及水生产和供应业,190,19,10,2.995732273553991,100.0,27.203605907834806,0.26641525527478066,-0.15447109620546465,0.07606605664083667,0.689761102329262,2.3978952727983707,4,5,0,10,0.02815353822170582,0.7455821700328141,-2.352693353392088,0.7875233539335965
600025_2020,600025,2020,D,电力、热力、燃气及水生产和供应业,290,36,26,3.6109179126442243,124.13793103448276,44.386667978457375,1.4105876915402902,1.827381470663277,1.8589536274702807,1.4423266764574945,3.295836866004329,5,8,7,16,0.053574900672740705,1.2547182283505816,2.275697917805024,1.0913430168752207
600025_2021,600025,2021,D,电力、热力、燃气及水生产和供应业,196,18,14,2.9444389791664403,91.83673469387756,27.05486195435868,0.5856190477260464,0.8551170528200919,0.5409179917475573,0.8159620776505738,2.70805020110221,6,3,0,9,0.9984440998637689,0.09354529337319556,-1.8844356520750347,0.8950170009811391
600025_2022,600025,2022,D,电力、热力、燃气及水生产和供应业,231,21,15,3.091042453358316,90.9090909090909,35.048810099736265,0.022958271493118954,0.43167584395128705,0.2909785786504351,-0.056330029449692384,2.772588722239781,8,3,3,7,1.0806700783629206,-0.8920907758213272,0.2534565544247425,-0.08829838148079748
600025_2023,600025,2023,D,电力、热力、燃气及水生产和供应业,286,32,18,3.4965075614664802,111.8881118881119,41.622425262771486,0.6408474755788314,0.44968947473991033,0.6647793194474448,0.3676604330407828,2.9444389791664403,6,7,4,15,0.2915476043201146,0.41746956725651924,0.33062782132097185,0.846787822084885
600026_2013,600026,2013,G,交通运输、仓储和邮政业,243,20,14,3.044522437723423,82.3045267489712,33.17974601300494,1.319755340689771,1.5996916669146868,1.7416883642083858,0.610361272699696,2.70805020110221,8,4,1,7,1.8686865911039796,1.169549520766195,-0.3216651500071934,0.6357024479206791
600026_2014,600026,2014,G,交通运输、仓储和邮政业,211,18,11,2.9444389791664403,85.30805687203792,24.29851783251956,0.9959559713930074,0.9988869303486856,0.6575184506905829,0.6818198362817272,2.4849066497880004,6,3,1,8,1.5708420330020616,0.28820622654857586,-0.33798591952056994,0.7272486514411709
600026_2015,600026,2015,G,交通运输、仓储和邮政业,165,18,10,2.9444389791664403,109.09090909090908,19.06096744234782,1.1914585542662146,0.750619336126924,0.2306551302412346,1.9239279411175352,2.3978952727983707,2,3,4,9,-0.2550669174342611,0.6555899043185165,1.4146640090869405,1.2869939189994593
600026_2016,600026,2016,G,交通运输、仓储和邮政业,201,18,10,2.9444389791664403,89.55223880597015,25.14338812212935,1.0393889980342703,0.7567561308567463,0.863454816164029,0.8117415761508698,2.3978952727983707,6,0,2,10,1.3919500566936842,-2.324013731560333,0.5786452327556789,1.340443405727479
600026_2017,600026,2017,G,交通运输、仓储和邮政业,276,20,14,3.044522437723423,72.46376811594203,39.55053168743526,1.7153993344068021,1.6976589876185142,2.6786829999180553,0.5059342661240218,2.70805020110221,10,4,3,3,2.6345724564690576,1.138814098548253,0.9471641262784044,0.16425394335900423
600026_2018,600026,2018,G,交通运输、仓储和邮政业,153,16,9,2.833213344056216,104.57516339869281,20.91218513907191,-0.8843664426978178,-1.0757007125665834,-1.7622546602181526,0.10177123216305836,2.302585092994046,4,2,1,9,-0.45656343172236624,-1.2979098566268854,-1.2636060866625756,-0.15343572601724945
600026_2019,600026,2019,G,交通运输、仓储和邮政业,206,13,9,2.6390573296152584,63.10679611650485,18.089280281082978,0.6397673745128635,0.7338034207584251,0.16749978499878304,-0.030396600540493826,2.302585092994046,3,4,2,4,0.4983908197024599,1.0131935884689784,0.5424010410082017,0.15292029521008377
600026_2020,600026,2020,G,交通运输、仓储和邮政业,260,18,14,2.9444389791664403,69.23076923076924,34.40060438775972,-0.07094477935924258,0.269370291455833,0.6190292271330936,-0.7910537372141974,2.70805020110221,8,2,2,6,0.9279148103777466,-1.0349852645336972,-0.1279757065337008,-0.10019161153468817
600026_2021,600026,2021,G,交通运输、仓储和邮政业,234,22,17,3.1354942159291497,94.01709401709401,30.163853204079935,0.5882667827827995,1.0121016747591849,0.520523061442172,0.3264551102267063,2.8903717578961645,5,3,5,9,0.5691521238918384,0.15508177379101085,1.5204465200270139,0.33379527728148645
600026_2022,600026,2022,G,交通运输、仓储和邮政业,183,28,15,3.367295829986474,153.0054644808743,28.053029915547057,1.2578128803202473,0.7787751347793588,0.34736662250611744,2.9181434523635708,2.772588722239781,6,6,1,15,0.8035667633982795,1.0050243316909233,-0.8613934612940491,1.4451685354159005
600026_2023,600026,2023,G,交通运输、仓储和邮政业,251,33,20,3.5263605246161616,131.47410358565736,36.87495744106288,0.8285402928136081,0.7420876113789608,0.45662331677027485,1.367565865015408,3.044522437723423,2,6,6,19,-1.3878168666188593,0.598049666950342,1.2453820657803445,0.9996054115871872
600027_2013,600027,2013,C,制造业,162,13,7,2.6390573296152584,80.24691358024691,14.73219792662134,0.5972032399786878,0.2108532080465065,-0.19575358378190055,0.7160713362804033,2.0794415416798357,2,2,3,6,-0.12438274374861069,-0.04365669714339641,1.042426467537301,0.7994026499733339
600027_2014,600027,2014,C,制造业,137,7,6,2.0794415416798357,51.09489051094891,12.973574683507598,-0.5998769214574106,-0.016469363717456487,-0.3568814820691161,-0.4383993376299042,1.9459101490553132,2,2,2,1,-0.13357558726098795,0.04034391721770217,0.5555603226572033,-1.1260791476140248
600027_2015,600027,2015,C,制造业,182,7,5,2.0794415416798357,38.46153846153847,13.501320480619334,-1.632706833776014,-1.3907153049429954,-1.2024572272728462,-1.789414391938264,1.791759469228055,2,3,2,0,-0.9420352632796586,0.0742127490614796,0.017537332315326445,-2.8574233547045598
600027_2016,600027,2016,C,制造业,133,5,3,1.791759469228055,37.59398496240601,10.018947768511044,-1.9339532349834032,-2.02688761403691,-1.245262736423448,-1.502336299118455,1.3862943611198906,2,1,1,1,-0.6070562720553876,-1.1383148938799506,-0.5661770998907929,-1.6088422205315533
600027_2017,600027,2017,C,制造业,226,29,15,3.4011973816621555,128.31858407079648,36.13548968129468,1.0034140881344469,0.5961731542306187,0.8941118490774723,1.6818666557817161,2.772588722239781,5,5,3,16,0.259128204856619,0.5604540205056309,0.4421445187582336,1.1581369568665965
600027_2018,600027,2018,C,制造业,232,21,14,3.091042453358316,90.51724137931035,35.938735113950536,0.19111353431308972,0.300861150645406,0.728138162018599,0.028359895249254027,2.70805020110221,4,6,3,8,-0.11896210433254525,0.7957149132812715,0.43558943888419865,0.093276848772482
600027_2019,600027,2019,C,制造业,143,18,9,2.9444389791664403,125.87412587412588,19.77215064314743,0.06164159121720535,-0.37859652047368425,-0.7512592144536515,1.601869850324876,2.302585092994046,3,3,2,10,-0.3963758030678559,-0.33430002784170243,0.09576167111733325,0.5241182620103154
600027_2020,600027,2020,C,制造业,204,18,12,2.9444389791664403,88.23529411764706,29.60467944315048,-0.15089822892215393,-0.043285499199857407,-0.06586438021854606,-0.08448530635612696,2.5649493574615367,4,2,4,8,-0.35093994404933454,-0.9854069607518972,0.8391551898888467,0.22444695970739778
600027_2021,600027,2021,C,制造业,136,12,4,2.5649493574615367,88.23529411764706,14.257539794286634,-0.5631610685860557,-1.9022394922641015,-1.1540898437397398,0.2928948456113506,1.6094379124341003,2,2,0,8,-1.0543679301669495,-0.6136790669311384,-2.115219183001869,0.5188624583024274
600027_2022,600027,2022,C,制造业,210,19,12,2.995732273553991,90.47619047619047,26.110553815641104,-0.2551644090495368,-0.3033605836075177,-0.7026430603015629,-0.22388754539584974,2.5649493574615367,8,2,1,8,0.9029262572262526,-1.1304719679125745,-1.1580133900176588,-0.04324667829755215
600027_2023,600027,2023,C,制造业,266,22,14,3.1354942159291497,82.70676691729322,38.31622485869473,0.12410371403290976,0.175689144761673,0.6632440113038104,-0.43444352162916994,2.70805020110221,7,8,3,4,0.5541640608925336,1.1587638958918727,0.2318228314863748,-0.8101417371993118
600028_2013,600028,2013,C,制造业,181,15,8,2.772588722239781,82.87292817679558,24.839237973465067,0.8962223438750372,0.48772680054664636,0.9086423757035499,0.8256812290598429,2.1972245773362196,4,5,1,5,0.9198753022611983,1.3633800721981246,-0.31277148452745074,0.5670112173422974
600028_2014,600028,2014,C,制造业,152,11,5,2.4849066497880004,72.36842105263158,17.730100950761898,0.30808794661417427,-0.37883268940576464,0.16286399894166897,0.4495581797344716,1.791759469228055,6,1,0,4,1.598517649474449,-0.782719829982931,-1.5923776124195355,0.25528430874824903
600028_2015,600028,2015,C,制造业,195,13,9,2.6390573296152584,66.66666666666667,19.504237336954965,-0.37954974355355564,-0.18991312825407258,-0.5465186843821911,-0.6121318732281091,2.302585092994046,2,5,2,4,-0.9420352632796586,0.8972764962621126,0.017537332315326445,-0.4310987830556212
600028_2016,600028,2016,C,制造业,190,12,10,2.5649493574615367,63.15789473684211,22.330406542815634,-0.20253605302228958,0.3510913286178661,0.10000999057635573,-0.43529828147685173,2.3978952727983707,5,4,2,1,0.8099136031682582,0.7216865420521558,0.2265628831211941,-1.6088422205315533
600028_2017,600028,2017,C,制造业,217,16,12,2.833213344056216,73.73271889400921,23.10407766446941,-0.26848216498055244,0.10807351789318845,-0.5298301469044592,-0.596548261318957,2.5649493574615367,5,4,2,5,0.259128204856619,0.19035493989558291,-0.12031345029453121,-0.41191747469137235
600028_2018,600028,2018,C,制造业,173,11,8,2.4849066497880004,63.58381502890173,19.897211696238575,-1.166216613008417,-0.8999410260435159,-1.0247186154753043,-1.0958417669696885,2.1972245773362196,4,5,1,1,-0.11896210433254525,0.4828005992379975,-0.9196085131805531,-2.1742104008230942
600028_2019,600028,2019,C,制造业,220,23,17,3.1780538303479458,104.54545454545453,30.954590982599708,0.5847792750545864,1.0031186359424322,0.4706457024003062,0.7116107555977748,2.8903717578961645,4,6,4,9,0.0597866093756759,0.8016780334022046,1.0944959350735586,0.38043242647673714
600028_2020,600028,2020,C,制造业,234,25,13,3.258096538021482,106.83760683760683,34.15036184920295,0.5514804427575334,0.1309207467909602,0.43084219847124466,0.6919755348609087,2.6390573296152584,7,6,3,9,0.6098675187307795,0.734544122632898,0.40287889498538626,0.38328428176076035
600028_2021,600028,2021,C,制造业,234,20,13,3.044522437723423,85.47008547008546,34.025536474032236,0.5107550337940964,0.5180957058752447,1.0059585541144418,0.1774749908358451,2.6390573296152584,7,4,3,6,0.9506975786229734,0.42325862180033474,0.5951767211276344,0.1399908237790078
600028_2022,600028,2022,C,制造业,304,34,23,3.5553480614894135,111.84210526315789,49.11610932541465,0.9979926811729214,1.1378693612649726,1.811173292750925,0.6679260918977451,3.1780538303479458,8,7,6,13,0.9029262572262526,0.8605378235698347,1.2913102990089553,0.6228428024656926
600028_2023,600028,2023,C,制造业,217,18,10,2.9444389791664403,82.94930875576037,24.649822435763205,-0.30372950607085913,-0.5533947063425922,-0.830083367101215,-0.4243198212720385,2.3978952727983707,3,6,1,8,-0.8628058143311124,0.6486144627345133,-1.123375120578377,0.07598205603399072
600029_2013,600029,2013,C,制造业,181,11,7,2.4849066497880004,60.773480662983424,22.060040284898868,0.2520110178278145,0.2108532080465065,0.6049595285358156,-0.0967500764086863,2.0794415416798357,3,4,1,3,0.4637128898176665,0.9932809915880767,-0.31277148452745074,-0.044251849812158274
600029_2014,600029,2014,C,制造业,190,11,8,2.4849066497880004,57.89473684210526,21.06110273084778,0.30808794661417427,0.5742976191292954,0.5268424624597299,-0.15457363907731825,2.1972245773362196,3,4,2,2,0.45452004630528925,1.0772816059491752,0.5555603226572033,-0.514816080459569
600029_2015,600029,2015,C,制造业,224,25,16,3.258096538021482,111.60714285714286,30.626251978683666,1.0066752162566845,1.0574392543272328,0.668783518313545,1.2636843477362039,2.833213344056216,6,5,2,12,0.7900579734557783,0.8972764962621126,0.017537332315326445,1.0093922602152268
600029_2016,600029,2016,C,制造业,216,13,11,2.6390573296152584,60.18518518518518,23.90813883851297,-0.03658481871372232,0.5556297190681299,0.2724087506922788,-0.559379227428095,2.4849066497880004,2,2,3,6,-0.6070562720553876,-0.3152511466793173,0.7890208521739589,0.2797733945406035
600029_2017,600029,2017,C,制造业,252,20,15,3.044522437723423,79.36507936507937,36.96164643128196,0.2047058591359134,0.5961731542306187,0.9843859721005148,-0.3614534419144711,2.772588722239781,10,4,2,4,1.4982246017571856,0.19035493989558291,-0.12031345029453121,-0.6867782007702188
600029_2018,600029,2018,C,制造业,229,25,13,3.258096538021482,109.1703056768559,33.95951459327101,0.5652005689526967,0.13867901567971214,0.5118687957315066,0.8069391081557984,2.6390573296152584,7,3,2,13,0.8418453584475688,-0.34026314796263546,-0.1268685301685661,0.7593663295357267
600029_2019,600029,2019,C,制造业,217,23,11,3.1780538303479458,105.99078341013825,30.512306441803755,0.5847792750545864,0.04998832740737331,0.42231728403706176,0.7719388063623148,2.4849066497880004,7,3,2,11,1.02059407215579,-0.33430002784170243,0.09576167111733325,0.6552931525555833
600029_2020,600029,2020,C,制造业,263,23,15,3.1780538303479458,87.45247148288973,33.71955135300858,0.37223945491522714,0.44481413713757284,0.3837675486137364,-0.11716033610418736,2.772588722239781,11,1,2,9,1.4387417603881487,-1.8084707079525304,-0.15957907406737853,0.38328428176076035
600029_2021,600029,2021,C,制造业,236,26,14,3.295836866004329,110.16949152542372,41.86224688090307,1.0735276797148068,0.6802778408409385,1.8622756626736883,1.208428608915359,2.70805020110221,9,5,3,9,1.4068599910665063,0.7933577024103827,0.5951767211276344,0.67769978035579
600029_2022,600029,2022,C,制造业,292,45,22,3.828641396489095,154.1095890410959,47.040695610972385,1.609983064305059,1.0378241104876875,1.584392899097839,2.4321715652646785,3.1354942159291497,4,8,3,30,-0.2986598136449534,1.09962854862958,0.19718456204709292,1.821247458671155
600029_2023,600029,2023,C,制造业,297,30,16,3.4339872044851463,101.01010101010101,44.54727057979436,0.7925241071934455,0.4699112188079193,1.3441101883306374,0.32953794673573344,2.833213344056216,8,8,2,12,0.7949426689836255,1.1587638958918727,-0.33063513756638996,0.6303493060715363
600030_2013,600030,2013,E,建筑业,187,8,7,2.1972245773362196,42.780748663101605,14.606378185272543,-1.0339619939110016,-0.03394657140349762,-0.6672826095967554,-1.5097909439845258,2.0794415416798357,5,0,3,0,0.6126548634809925,-2.3692980449171004,1.3374839509909655,-2.6897214200990174
600030_2014,600030,2014,E,建筑业,239,27,15,3.332204510175204,112.97071129707113,31.85691563799641,2.6837635579459755,2.417271698929773,1.8755123733531283,2.2468578124531344,2.772588722239781,7,5,2,13,1.4990734044670466,2.0053192928350403,1.2962559635015667,2.048297446497881
600030_2015,600030,2015,E,建筑业,117,6,3,1.9459101490553132,51.28205128205128,6.516035221192129,-0.30779625414314543,-0.5870989667885209,-0.7500860896418929,-0.27878123520628023,1.3862943611198906,2,1,0,3,0.4648383307455902,-0.4881091732727169,-1.4241856692048986,-0.09512188894983267
600030_2016,600030,2016,E,建筑业,238,15,12,2.772588722239781,63.02521008403361,28.16271091750178,-0.3668442398019663,0.13677973338886207,0.09411077662693636,-0.8950410136728808,2.5649493574615367,7,5,2,1,0.6258029977356756,0.4532657373811334,0.3500342782405911,-1.938873700437876
600030_2017,600030,2017,E,建筑业,178,13,7,2.6390573296152584,73.03370786516854,15.03759936899457,0.491466460256512,0.17744551443574616,-0.1517288755756268,0.07932816444280967,2.0794415416798357,3,1,1,8,0.07244186211363152,-0.6761072085091011,0.025551996545657,0.8190200420119725
600030_2018,600030,2018,E,建筑业,301,32,20,3.4965075614664802,106.31229235880399,52.25186974868719,1.6404581230148987,1.715884249221976,3.0228970876848975,0.9232069479472662,3.044522437723423,5,7,7,13,0.795560812558205,1.4353297141970598,2.157974684584615,1.0565964300207364
600030_2019,600030,2019,E,建筑业,256,23,16,3.1780538303479458,89.84375,31.418411378215506,0.1553060034513072,0.4307395691545137,-0.07798976001523529,-0.17878583418458732,2.833213344056216,7,4,4,8,0.700234253351434,-0.13458044792889923,0.518367423030382,0.014627103677748374
600030_2020,600030,2020,E,建筑业,202,10,7,2.3978952727983707,49.504950495049506,19.48235632640772,-1.347478597303927,-1.2735278861917536,-1.1431101927868732,-1.6029062923263253,2.0794415416798357,1,5,1,3,-1.7154702418422114,0.01572060835761285,-0.9268091200072366,-1.0394727512874529
600030_2021,600030,2021,E,建筑业,219,25,12,3.258096538021482,114.15525114155251,34.49071689072598,0.3176554427022063,-0.2748425196128235,0.5031618735697438,0.8241037306277942,2.5649493574615367,5,4,5,11,-0.05224589790043318,0.30205723260462825,0.7041355976721859,0.26814156792092275
600030_2022,600030,2022,E,建筑业,243,22,12,3.1354942159291497,90.53497942386832,33.4824689742474,0.7276112130120145,0.6954970500500831,1.1324450432376472,0.16964943611944414,2.5649493574615367,7,2,3,10,1.468413870256163,-0.6406039294550444,0.830197016220519,0.5121431698366713
600030_2023,600030,2023,E,建筑业,267,26,16,3.295836866004329,97.37827715355806,34.45242749541001,0.252572465341869,0.30957836996254384,0.2717739911233338,-0.18506839522965096,2.833213344056216,7,2,4,13,0.795010326415034,-0.7854445003760419,0.37085542909826513,0.27514297215041966
600031_2013,600031,2013,C,制造业,179,14,8,2.70805020110221,78.2122905027933,16.662366168414323,0.7517001429299988,0.48772680054664636,0.0151558414784647,0.6311461353087982,2.1972245773362196,2,1,3,8,-0.12438274374861069,-0.8667204443440296,1.042426467537301,1.1782742844967535
600031_2014,600031,2014,C,制造业,90,1,1,0.6931471805599453,11.11111111111111,1.758676434263981,-3.7042293096950245,-2.9613500225108043,-1.582333073741889,-2.1073229524083565,0.6931471805599453,0,0,0,1,-2.379419704142003,-2.1897565993244523,-1.5923776124195355,-1.1260791476140248
600031_2015,600031,2015,C,制造业,220,26,16,3.295836866004329,118.18181818181817,28.684188029926855,1.0911877704387394,1.0574392543272328,0.4565742495139055,1.5381114047466358,2.833213344056216,6,2,2,16,0.7900579734557783,-0.5097602730794085,0.017537332315326445,1.413816374581194
600031_2016,600031,2016,C,制造业,186,12,6,2.5649493574615367,64.51612903225806,19.251932539561057,-0.20253605302228958,-0.7113939798135425,-0.23637477042368368,-0.37860555947691854,1.9459101490553132,5,0,2,5,0.8099136031682582,-2.5453516632214717,0.2265628831211941,0.04738196190956711
600031_2017,600031,2017,C,制造业,169,13,4,2.6390573296152584,76.92307692307693,17.340730165698382,-0.7032590089356714,-2.13805543425534,-1.159590953357482,-0.46338266431361835,1.6094379124341003,4,0,1,8,-0.11358362435721782,-3.076683265378045,-0.9130534333065182,0.19934559246308367
600031_2018,600031,2018,C,制造业,206,21,12,3.091042453358316,101.94174757281553,25.14682350243851,0.19111353431308972,-0.03552723031110547,-0.45109369257368326,0.5052189730982286,2.5649493574615367,1,4,6,10,-1.9920943919997232,0.11270151862794953,1.529715175846061,0.3958000063594228
600031_2019,600031,2019,C,制造业,197,23,14,3.1780538303479458,116.751269035533,22.811485834951927,0.5847792750545864,0.5745337880613748,-0.4191511501941212,1.2210816546939118,2.70805020110221,4,3,1,15,0.0597866093756759,-0.33430002784170243,-0.6969783118946538,1.088991200687792
600031_2020,600031,2020,C,制造业,254,35,23,3.58351893845611,137.7952755905512,39.6826271084143,1.280204322986811,1.3979444456726329,1.0353526556137138,1.9841491416532535,3.1780538303479458,6,5,3,21,0.3368952466762934,0.421629808589624,0.40287889498538626,1.5719312325810033
600031_2021,600031,2021,C,制造业,219,14,11,2.70805020110221,63.926940639269404,20.794834644311905,-0.2427129313261776,0.155732380186937,-0.4397598336803085,-0.7217362314251282,2.4849066497880004,6,3,1,4,0.6777253065684874,-0.029706044790250193,-0.7600212309371174,-0.36726133493087504
600031_2022,600031,2022,C,制造业,224,22,14,3.1354942159291497,98.21428571428571,32.111862130584875,0.057806870186251594,0.03302779734899367,-0.04688028268002735,0.09910067808144932,2.70805020110221,6,3,3,10,0.3891753770806745,-0.5464989457716865,0.19718456204709292,0.25927647928938863
600031_2023,600031,2023,C,制造业,149,12,7,2.5649493574615367,80.53691275167785,18.776748401771243,-1.1535270285099795,-1.3019866244273886,-1.4718339887310539,-0.5250132704617575,2.0794415416798357,2,4,2,4,-1.4509014478973894,-0.03439893191880881,-0.33063513756638996,-0.8101417371993118
600032_2013,600032,2013,G,交通运输、仓储和邮政业,225,23,18,3.1780538303479458,102.22222222222223,31.859790969099954,1.6187744445861203,2.155372795734483,1.59745691658032,1.441726211838225,2.9444389791664403,7,7,2,7,1.6279079830128875,2.1236216235171312,0.4710748330047936,0.6357024479206791
600032_2014,600032,2014,G,交通运输、仓储和邮政业,190,12,7,2.5649493574615367,63.15789473684211,16.97679415875298,0.14615844895388716,0.045756621813625574,-0.14252607315613325,-0.24272829832382137,2.0794415416798357,3,1,3,5,0.4268444298329018,-1.1188305427929455,1.0172120325441818,0.11598558428671484
600032_2015,600032,2015,G,交通运输、仓储和邮政业,201,11,10,2.4849066497880004,54.72636815920398,20.170030297457693,0.16242004398478807,0.750619336126924,0.35184239479365326,-0.34524889832552325,2.3978952727983707,5,2,4,0,1.161902957789385,0.07161688217762838,1.4146640090869405,-2.1842917679361444
600032_2016,600032,2016,G,交通运输、仓储和邮政业,212,15,8,2.772588722239781,70.75471698113208,24.982639553401647,0.6545618138000666,0.2850378052720898,0.8458898249328543,0.027132703661120486,2.1972245773362196,4,4,4,3,0.7041148659680563,0.9430244737132945,1.5773794967119041,-0.1846058861683735
600032_2017,600032,2017,G,交通运输、仓储和邮政业,215,18,13,2.9444389791664403,83.72093023255813,21.449404304522925,1.4912807544657702,1.5354768526528204,0.7007733595913952,0.9758083994303448,2.6390573296152584,4,3,4,7,1.0227642303546542,0.6858494319576681,1.383440421181865,1.2092150586456687
600032_2018,600032,2018,G,交通运输、仓储和邮政业,285,43,25,3.784189633918261,150.87719298245614,52.056550802559286,1.2451708326365032,1.1704282395819445,1.6408892315718193,2.0344187143274532,3.258096538021482,8,7,6,22,0.7450226391488398,0.6930999348555239,1.1857176023640386,1.1022249337168093
600032_2019,600032,2019,G,交通运输、仓储和邮政业,231,14,10,2.70805020110221,60.60606060606061,25.758407370748568,0.7942642774641744,0.957849878189219,1.0055050695679348,-0.13477734218975312,2.3978952727983707,6,2,2,4,1.6423884228716197,-0.02374410026249475,0.5424010410082017,0.15292029521008377
600032_2020,600032,2020,G,交通运输、仓储和邮政业,210,18,13,2.9444389791664403,85.71428571428571,29.193095620297093,-0.07094477935924258,0.10718815649013926,0.0500049019977855,-0.10303148601995177,2.6390573296152584,7,5,2,4,0.6871362022866546,0.37205150480782395,-0.1279757065337008,-0.607443770244571
600032_2021,600032,2021,G,交通运输、仓储和邮政业,230,20,13,3.044522437723423,86.95652173913044,33.887919645948166,0.3845521426200624,0.4213346919124335,0.9274516886359477,0.031746706333519115,2.6390573296152584,6,6,0,8,0.8842754854036295,1.2910598350349178,-1.9826893671144765,0.17495795522812388
600032_2022,600032,2022,G,交通运输、仓储和邮政业,236,15,10,2.772588722239781,63.559322033898304,27.935270620724673,-0.07392479532313498,-0.10201997170582519,0.3344990679311941,-0.8153400157150154,2.3978952727983707,5,4,2,4,0.48844340188648844,0.32201093703760125,-0.06865347828206213,-0.30835135408181935
600032_2023,600032,2023,G,交通运输、仓储和邮政业,263,23,14,3.1780538303479458,87.45247148288973,34.773033604448855,0.048571226707615725,-0.04886056219040539,0.22694616287123473,-0.4698977885004509,2.70805020110221,6,6,5,6,0.3442763701165778,0.598049666950342,0.9439963118304688,-0.5830646602762591
600033_2013,600033,2013,G,交通运输、仓储和邮政业,153,16,8,2.833213344056216,104.57516339869281,21.63164112065084,0.8465673165733052,0.398889490225765,0.4798272927453508,1.5399380155381093,2.1972245773362196,5,2,1,8,1.0398123494466103,0.13261183203472182,-0.3216651500071934,0.8132674669429265
600033_2014,600033,2014,G,交通运输、仓储和邮政业,268,26,17,3.295836866004329,97.01492537313433,37.989690822776716,1.7828471972547495,1.9520172388837447,2.1535525082362663,1.1704647215289952,2.8903717578961645,7,6,3,10,1.8438143050565476,1.4241842877924829,1.0172120325441818,1.0297718090281116
600033_2015,600033,2015,G,交通运输、仓储和邮政业,260,21,14,3.091042453358316,80.76923076923077,35.48835595477114,1.5197501913062947,1.4797031872311892,2.0256753749352874,0.7417806186110582,2.70805020110221,7,5,2,7,1.749998591355662,1.4786536515191495,0.41592974513071523,0.9505915779238493
600033_2016,600033,2016,G,交通运输、仓储和邮政业,265,25,15,3.258096538021482,94.33962264150944,38.41127286022131,1.7417676697139577,1.6375512373419303,2.313236179229207,1.0115670567849635,2.772588722239781,2,9,5,9,-0.3401431800417527,2.3500612430548165,1.9338431848204305,1.1967575701939008
600033_2017,600033,2017,G,交通运输、仓储和邮政业,194,16,13,2.833213344056216,82.47422680412372,24.014953159927682,1.2422113102903363,1.5354768526528204,0.9811108052371514,0.9237709776665609,2.6390573296152584,3,4,3,6,0.5666018179111224,1.138814098548253,0.9471641262784044,1.0079084431444962
600033_2018,600033,2018,G,交通运输、仓储和邮政业,290,31,22,3.4657359027997265,106.89655172413794,48.53757986802082,0.5320520113622201,0.8822259091071696,1.2563713842457207,0.1986660193382321,3.1354942159291497,9,5,2,15,0.9604064435012806,0.10912691271463582,-0.47086610365058856,0.5551230481938053
600033_2019,600033,2019,G,交通运输、仓储和邮政业,262,30,17,3.4339872044851463,114.50381679389312,37.6156084321019,2.419867275907721,2.1155185771745417,2.3011410700460964,2.114915894308296,2.8903717578961645,5,6,3,16,1.3272650613598287,1.6962069831223003,1.1048590100609665,1.9978354528468991
600033_2020,600033,2020,G,交通运输、仓储和邮政业,195,19,11,2.995732273553991,97.43589743589743,26.694461657437284,0.04391716150873795,-0.25517516919816846,-0.2230207553683626,0.3862287814959567,2.4849066497880004,5,4,0,10,0.09904056872037738,0.001952424197775947,-2.2759136416104395,0.5812031805756722
600033_2021,600033,2021,G,交通运输、仓储和邮政业,222,20,11,3.044522437723423,90.09009009009009,29.452458114176892,0.3845521426200624,0.058971366224125826,0.4427889415371005,0.16254190123348264,2.4849066497880004,4,3,0,13,0.19644029467800153,0.15508177379101085,-1.9826893671144765,0.8410474359913687
600033_2022,600033,2022,G,交通运输、仓储和邮政业,203,16,14,2.833213344056216,78.81773399014779,23.490937042327555,0.06183294473563468,0.62706387939844,-0.15113312743346932,-0.17845364779187833,2.70805020110221,6,3,3,4,0.8035667633982795,-0.1309537295529837,0.49380449077070265,-0.30835135408181935
600033_2023,600033,2023,G,交通运输、仓储和邮政业,256,30,20,3.4339872044851463,117.1875,41.85622932161817,0.6216871561345393,0.7420876113789608,1.0009267441324454,0.771242794586033,3.044522437723423,13,2,2,13,1.7612462453402238,-1.1219014164344532,-0.4112016402342827,0.46189645501040527
600034_2013,600034,2013,D,电力、热力、燃气及水生产和供应业,219,23,13,3.1780538303479458,105.0228310502283,27.730049408148552,0.8390698173501618,0.7190843068526912,0.40748513511580736,0.8508775748963153,2.6390573296152584,7,3,1,12,1.0591398336854398,-0.11408855044716089,-0.4346979863244792,0.9683998024539163
600034_2014,600034,2014,D,电力、热力、燃气及水生产和供应业,217,24,11,3.2188758248682006,110.59907834101384,26.760742408626697,1.1394817312037495,0.3703640045263752,0.3062082262293816,1.4895389869508855,2.4849066497880004,4,3,2,15,0.14710436250275793,0.2656108099925126,-0.2992951320011524,1.6542202489215878
600034_2015,600034,2015,D,电力、热力、燃气及水生产和供应业,199,19,13,2.995732273553991,95.47738693467336,25.561304062163895,0.545146670566855,0.5726598235015291,0.26781428129065327,0.6490323558854806,2.6390573296152584,5,3,3,8,0.41370391870164924,0.3448559245480902,0.2631628370516124,0.9222268519560702
600034_2016,600034,2016,D,电力、热力、燃气及水生产和供应业,236,16,13,2.833213344056216,67.79661016949153,21.13313546333402,0.27017586531361737,0.7492665048327631,-0.11495417105243094,-0.33648378465991546,2.6390573296152584,3,3,2,8,-0.2303109274370719,0.25307416856265297,0.33418856432180355,0.5293660320699496
600034_2017,600034,2017,D,电力、热力、燃气及水生产和供应业,224,20,9,3.044522437723423,89.28571428571429,30.42177777525415,0.10088353497957,-0.6393775910385273,0.15103168839262546,-0.03180304912433851,2.302585092994046,5,5,1,9,-0.01538049431597698,0.4392729713432123,-0.6609039800236122,0.2704614089178462
600034_2018,600034,2018,D,电力、热力、燃气及水生产和供应业,262,30,20,3.4339872044851463,114.50381679389312,35.76231905618074,1.3057597363324995,1.3389469273192791,1.2848613183489208,1.276165571872712,3.044522437723423,5,7,3,15,0.6252800084876184,1.1390980813190206,0.8240919648994702,1.1049444663364973
600034_2019,600034,2019,D,电力、热力、燃气及水生产和供应业,245,26,19,3.295836866004329,106.12244897959184,32.683336234219354,0.9384445402685422,1.250869470933721,0.6748360232661164,0.9453122242014106,2.995732273553991,7,1,4,14,0.9889610010018198,-1.4845183465093403,0.7939788456408762,1.2551005855544737
600034_2020,600034,2020,D,电力、热力、燃气及水生产和供应业,211,22,9,3.1354942159291497,104.26540284360189,29.7980046823067,0.34596337385213727,-0.5074639942878998,0.2648508314104271,0.6128470204336284,2.302585092994046,4,6,0,12,-0.31913692854109615,0.7445687951932222,-1.789895938389231,0.6869189025092535
600034_2021,600034,2021,D,电力、热力、燃气及水生产和供应业,223,18,8,2.9444389791664403,80.71748878923766,26.150344142884283,0.5856190477260464,-0.3456851238688299,0.44208135791162984,0.3518445693177473,2.1972245773362196,3,4,2,9,-0.14555350330539094,0.5465099599637805,0.2635022830017041,0.8950170009811391
600034_2022,600034,2022,D,电力、热力、燃气及水生产和供应业,241,24,12,3.2188758248682006,99.58506224066389,44.114431522847035,0.30921770042320346,-0.05642379238614319,1.2815787566951315,0.3058051577122731,2.5649493574615367,5,9,5,5,0.2517958367055515,0.9679106601107798,1.0461965374367292,-0.5219964296130062
600034_2023,600034,2023,D,电力、热力、燃气及水生产和供应业,226,22,16,3.1354942159291497,97.34513274336283,36.97764379530872,-0.16757580942906375,0.1882304199663605,0.15724418932191447,-0.23936375747385175,2.833213344056216,9,8,0,5,1.0206822888181335,0.6565602923162646,-2.816044377711992,-0.6318713413339884
600035_2013,600035,2013,E,建筑业,250,19,13,2.995732273553991,76.0,31.145350368994908,0.7541497832856282,1.2815470628198702,1.1399303794770628,-0.1232188426579738,2.6390573296152584,3,9,1,6,-0.21621937817637624,2.304776929698049,-0.01771400107378618,0.24385531025980373
600035_2014,600035,2014,E,建筑业,168,18,12,2.9444389791664403,107.14285714285714,23.39874029196294,1.8154336519577212,1.929172062592343,0.9512878097336425,2.003603083474415,2.5649493574615367,5,2,3,8,0.9109777709007695,0.5982825234935191,1.8587139325543316,1.3822079657346364
600035_2015,600035,2015,E,建筑业,172,11,7,2.4849066497880004,63.95348837209303,15.968730990162829,0.8991877178247881,1.0422880577814588,0.2828096904392946,0.2501247589288319,2.0794415416798357,1,0,4,6,-0.3640359109117787,-1.8951459426142383,1.7224865298280656,0.7485326108356594
600035_2016,600035,2016,E,建筑业,258,30,18,3.4339872044851463,116.27906976744185,37.04098864879052,1.114236557696542,1.0288492431651697,1.0642399151462723,1.3277759720595563,2.9444389791664403,7,5,4,14,0.6258029977356756,0.4532657373811334,1.3487685421968163,1.0987139383655184
600035_2017,600035,2017,E,建筑业,193,11,8,2.4849066497880004,56.994818652849744,21.128165211559697,0.14627423810563855,0.454319106935886,0.5137870693829147,-0.5901353370830814,2.1972245773362196,7,4,0,0,1.4894117373372775,1.1838942274230053,-1.3296459555190947,-2.4934283228702685
600035_2018,600035,2018,E,建筑业,190,23,12,3.1780538303479458,121.05263157894737,24.144927932435152,0.9273393017406155,0.5885476946960982,-0.04834759240866623,1.5384689512795995,2.5649493574615367,3,4,2,14,-0.033313429099163766,0.48125761144612356,0.24031876346709852,1.1606073384653097
600035_2019,600035,2019,E,建筑业,235,30,18,3.4339872044851463,127.6595744680851,37.14061461306072,0.7284219328782308,0.6921986239280634,0.5472752139660577,1.3996473058141803,2.9444389791664403,11,3,2,14,1.5291084950088032,-0.5875451145194842,-0.4803668409258433,0.7847274928855663
600035_2020,600035,2020,E,建筑业,245,17,11,2.8903717578961645,69.38775510204081,27.78984016927169,-0.2446676824350423,-0.3203975776566934,-0.23535168514993507,-0.7729976985237043,2.4849066497880004,3,4,2,8,-0.2985003666185654,-0.3543784722524352,-0.13406913699524958,0.1830533830214589
600035_2021,600035,2021,E,建筑业,271,27,19,3.332204510175204,99.6309963099631,33.41782658276895,0.4836066770107736,0.7378025773786082,0.3859271821480092,0.2178610932547513,2.995732273553991,6,4,6,11,0.26287746361135794,0.30205723260462825,1.0055213516220616,0.26814156792092275
600035_2022,600035,2022,E,建筑业,199,18,9,2.9444389791664403,90.45226130653266,24.220293640234182,0.29977799290824564,0.0787551224715355,0.12036742530791525,0.16619678053101178,2.302585092994046,4,5,1,8,0.507606407476049,0.7664328398864767,-0.5250009358442328,0.20962001224973045
600035_2023,600035,2023,E,建筑业,204,15,11,2.772588722239781,73.52941176470588,28.860508400150252,-0.9191459447540768,-0.5091891647377039,-0.33925483887551267,-1.1805204317944924,2.4849066497880004,2,6,3,4,-1.210055182374889,0.9345065830087533,-0.06542086580519534,-1.2770703018461276
600036_2013,600036,2013,D,电力、热力、燃气及水生产和供应业,172,12,7,2.5649493574615367,69.76744186046511,12.501269636385341,-0.5338653889263394,-0.5964093273706765,-1.256563168826675,-0.6206829541526081,2.0794415416798357,1,1,3,7,-1.7747999167618522,-1.5211253197886823,0.9204999657402726,0.23646753339412335
600036_2014,600036,2014,D,电力、热力、燃气及水生产和供应业,229,19,12,2.995732273553991,82.96943231441048,31.910774049648953,0.6397926061015653,0.5585210842238653,0.8689520275011868,0.3362771039095082,2.5649493574615367,5,4,5,5,0.5198161917165948,0.7185754765830976,1.0559028200635991,0.1755610855027144
600036_2015,600036,2015,D,电力、热力、燃气及水生产和供应业,205,10,7,2.3978952727983707,48.78048780487805,19.293802953163325,-0.7935998273798529,-0.7428338107218387,-0.41703537486682696,-1.3000969876742456,2.0794415416798357,4,3,2,1,0.04099208948781239,0.3448559245480902,-0.2992951320011524,-1.3452603976395061
600036_2016,600036,2016,D,电力、热力、燃气及水生产和供应业,226,17,12,2.8903717578961645,75.2212389380531,27.14375203472419,0.39817166727920883,0.5750602588419457,0.5418257194687877,-0.02657965681585923,2.5649493574615367,5,5,1,6,0.5985633142202968,1.076137915763286,-0.45855141869018345,0.15049439754653002
600036_2017,600036,2017,D,电力、热力、燃气及水生产和供应业,207,18,9,2.9444389791664403,86.95652173913044,25.75367460169134,-0.12323504496146173,-0.6393775910385273,-0.3590518038513711,-0.12902358461917782,2.302585092994046,1,3,3,11,-2.261224611196992,-0.38379077585742066,0.6942939720411395,0.5453221349966924
600036_2018,600036,2018,D,电力、热力、燃气及水生产和供应业,191,14,9,2.70805020110221,73.29842931937172,22.083416430740293,-0.3198432621110473,-0.4051315547851462,-0.20983195680526384,-0.4437479841880737,2.302585092994046,5,2,1,6,0.6252800084876184,-0.8519117101633887,-0.5311059871652816,-0.14132326445133955
600036_2019,600036,2019,D,电力、热力、燃气及水生产和供应业,212,26,15,3.295836866004329,122.64150943396227,35.221045248804344,0.9384445402685422,0.7263240102797194,0.9521314103495669,1.6348180813281514,2.772588722239781,4,6,5,11,0.02815353822170582,1.0584964840760882,1.1504425337494024,0.9186982444788644
600036_2020,600036,2020,D,电力、热力、燃气及水生产和供应业,263,25,14,3.258096538021482,95.05703422053232,32.021509219635426,0.6205088254280555,0.4456663142471593,0.5078131047903833,0.2284895615014671,2.70805020110221,6,3,3,13,0.36869826218453183,-0.3914092660506848,0.9204999657402726,0.7986411332349527
600036_2021,600036,2021,D,电力、热力、燃气及水生产和供应业,191,17,9,2.8903717578961645,89.00523560209423,21.975933319801868,0.4645454055162038,-0.09801325571496718,-0.014056386163525765,0.697775258634658,2.302585092994046,5,3,1,8,0.6833207383519778,0.09354529337319556,-0.5292377000102829,0.7361796789277765
600036_2022,600036,2022,D,电力、热力、燃气及水生产和供应业,199,17,12,2.8903717578961645,85.42713567839195,26.995485812012017,-0.426407007756804,-0.05642379238614319,-0.5890079221021943,-0.285146931628501,2.5649493574615367,5,5,2,5,0.2517958367055515,-0.06902702862069429,-0.3090014146280223,-0.5219964296130062
600036_2023,600036,2023,D,电力、热力、燃气及水生产和供应业,187,10,7,2.3978952727983707,53.475935828877006,19.373159289478085,-1.8192935866115598,-1.5836674232689474,-1.766397298883637,-2.0704647637046034,2.0794415416798357,3,5,1,1,-0.8524499988490452,-0.16650345488436885,-1.4608464256472404,-2.2880955237751084
600037_2013,600037,2013,C,制造业,172,8,7,2.1972245773362196,46.51162790697674,14.688424768749393,-0.3922003082194082,0.2108532080465065,-0.20053667541541942,-0.6920400467982604,2.0794415416798357,5,0,3,0,1.2925871314750352,-2.273757213685551,1.042426467537301,-2.1341740803854874
600037_2014,600037,2014,C,制造业,174,12,8,2.5649493574615367,68.9655172413793,17.69942337056251,0.4873289344564804,0.5742976191292954,0.1595118606833888,0.3075209182583453,2.1972245773362196,3,1,3,5,0.45452004630528925,-0.782719829982931,1.1180182917099681,0.5301450348270955
600037_2015,600037,2015,C,制造业,204,19,14,2.995732273553991,93.13725490196079,30.68865969513083,0.4191584854449779,0.7632171802809864,0.6756028075976006,0.49275091839559215,2.70805020110221,7,4,2,6,1.0630302455102645,0.5271774156520646,0.017537332315326445,0.07615337565426167
600037_2016,600037,2016,C,制造业,186,15,8,2.772588722239781,80.64516129032258,19.31056890421389,0.26243428518262696,-0.12062699696679047,-0.2299675766358518,0.29462051427229,2.1972245773362196,3,2,2,8,-0.018960638489110466,-0.3152511466793173,0.2265628831211941,0.6586450290640231
600037_2017,600037,2017,C,制造业,230,28,18,3.367295829986474,121.73913043478261,37.74065754571896,0.9274977706040602,1.000143027669496,1.0695084929563758,1.4072401519768247,2.9444389791664403,3,3,8,14,-0.5697460368007496,-0.2626097266950021,2.0276244847822076,0.9694459816709017
600037_2018,600037,2018,C,制造业,320,34,24,3.5553480614894135,106.25,46.84067939389166,1.230840928363448,1.5016633273343276,1.9193932829540727,0.6850455008072104,3.2188758248682006,5,10,4,15,0.2537497248812916,1.713210801799655,0.8718657337876591,0.9606729450368994
600037_2019,600037,2019,C,制造业,273,21,14,3.091042453358316,76.92307692307693,34.56158809252737,0.3899332282572857,0.5745337880613748,0.864782167242336,-0.4413477441307642,2.70805020110221,8,2,4,7,1.2613726802468819,-0.9182730499825906,1.0944959350735586,0.04403008540112724
600037_2020,600037,2020,C,制造业,241,16,8,2.833213344056216,66.39004149377594,33.35636866429369,-0.39996767309758796,-0.9076992949322679,0.3440825872291175,-0.9963065129058849,2.1972245773362196,6,5,2,3,0.3368952466762934,0.421629808589624,-0.15957907406737853,-0.998079174601514
600037_2021,600037,2021,C,制造业,266,24,12,3.2188758248682006,90.22556390977444,38.47433402116599,0.9011875198232294,0.3438894598844271,1.4920785272076151,0.37596873971839584,2.5649493574615367,9,3,2,10,1.4068599910665063,-0.029706044790250193,0.03271875207486963,0.8213856158893682
600037_2022,600037,2022,C,制造业,273,29,18,3.4011973816621555,106.22710622710622,40.16576950844274,0.652800459022048,0.5887089261687898,0.8331699323138242,0.43355593907865225,2.9444389791664403,6,5,6,12,0.3891753770806745,0.2765648014289465,1.2913102990089553,0.5111205717399934
600037_2023,600037,2023,C,制造业,244,17,12,2.8903717578961645,69.67213114754098,26.994590949528774,-0.4248031482807018,-0.16069923619483845,-0.5738705826925813,-0.9785094346744904,2.5649493574615367,3,8,2,4,-0.8628058143311124,1.1587638958918727,-0.33063513756638996,-0.8101417371993118
600038_2013,600038,2013,E,建筑业,167,16,7,2.833213344056216,95.80838323353294,16.419797597010614,0.39021839824221366,-0.03394657140349762,-0.46913032545680783,0.7035834017831503,2.0794415416798357,2,4,0,10,-0.8043150117426534,0.8977401603565273,-1.3729119531385379,0.9252501023701641
600038_2014,600038,2014,E,建筑业,115,8,5,2.1972245773362196,69.56521739130434,10.067523420869366,0.142183815629072,0.1116279583248726,-0.5054138535844684,0.4351117774910102,1.791759469228055,1,4,0,3,-1.3348663459802452,1.6352202122249921,-0.8516819715751721,0.15968183142572467
600038_2015,600038,2015,E,建筑业,191,14,9,2.70805020110221,73.29842931937172,16.0479525589807,1.3988768429269725,1.5668335184354614,0.2914662288621218,0.6401827489368199,2.302585092994046,2,3,2,7,0.4648383307455902,0.9189275960688044,0.7237522658718403,0.9498392263368317
600038_2016,600038,2016,E,建筑业,231,24,13,3.2188758248682006,103.89610389610391,31.87278561022136,0.6325340104024022,0.3109859793796797,0.49951052581545186,0.8109107713738161,2.6390573296152584,6,7,0,11,0.3528307256811895,1.0372387595220216,-1.7979036568361477,0.7623115972899093
600038_2017,600038,2017,E,建筑业,133,12,6,2.5649493574615367,90.22556390977444,11.840151312522845,0.32551522594794474,-0.13644787591086593,-0.5011139277635552,0.7969165206558507,1.9459101490553132,2,2,1,7,-0.5156537714526457,0.14695653869153213,0.025551996545657,0.6414550229897251
600038_2018,600038,2018,E,建筑业,223,20,10,3.044522437723423,89.68609865470852,30.36242489503959,0.6283201978442663,0.19585222454834447,0.6310381121881737,0.22922934720154176,2.3978952727983707,5,7,1,7,0.795560812558205,1.4353297141970598,-0.5524212195448884,0.2129419302352444
600038_2019,600038,2019,E,建筑业,304,25,17,3.258096538021482,82.23684210526316,41.64711212828871,0.3345469912936134,0.5651023429893249,1.0397000608234956,-0.49629829577601076,2.8903717578961645,7,7,3,8,0.700234253351434,0.8194916548220369,0.08209112812692147,0.014627103677748374
600038_2020,600038,2020,E,建筑业,228,24,15,3.2188758248682006,105.26315789473684,30.25401818375971,0.4909570257449652,0.3558591383782269,0.033908971782290055,0.7244422085867804,2.772588722239781,3,8,2,11,-0.2985003666185654,0.8387843555582463,-0.13406913699524958,0.6167514311536676
600038_2021,600038,2021,E,建筑业,277,31,21,3.4657359027997265,111.91335740072202,37.53555378587735,0.7826257809071229,0.9618490348094031,0.8358711087871821,0.7305270487318555,3.091042453358316,7,4,4,16,0.535849735665844,0.30205723260462825,0.34767190956365956,0.7932348841922269
600038_2022,600038,2022,E,建筑业,206,13,9,2.6390573296152584,63.10679611650485,18.10515453437733,-0.3840682952223074,0.0787551224715355,-0.5478336393854815,-0.9752033896821294,2.302585092994046,3,2,3,5,0.0514439950325172,-0.6406039294550444,0.830197016220519,-0.4016430549047256
600038_2023,600038,2023,E,建筑业,218,17,10,2.8903717578961645,77.9816513761468,22.512578179044926,-0.6553924027297158,-0.7137275551879678,-1.0328929816741668,-0.9946838766284261,2.3978952727983707,2,1,5,9,-1.210055182374889,-1.608508247576675,0.7273191172067914,-0.2321091865594625
600039_2013,600039,2013,I,信息传输、软件和信息技术服务业,234,29,18,3.4011973816621555,123.93162393162393,33.153064276606294,1.339892279364824,1.2648226111803866,1.0446129070542347,1.6554179798294746,2.9444389791664403,9,4,2,14,1.360487322924264,0.3506947493402006,0.332448127468743,1.493003940017603
600039_2014,600039,2014,I,信息传输、软件和信息技术服务业,171,13,8,2.6390573296152584,76.0233918128655,20.50554188237297,-0.13420891855565018,-0.23533014828538712,-0.08409723277484571,-0.006136806826886469,2.1972245773362196,4,4,2,3,0.40286542183905005,0.576178306961398,0.13802211513049356,-0.7264768897489939
600039_2015,600039,2015,I,信息传输、软件和信息技术服务业,262,40,22,3.713572066704308,152.67175572519085,44.96638504808834,1.1590983803518788,0.8611773692041086,1.2011274183679068,2.138984761489641,3.1354942159291497,8,7,2,23,0.5212087125330508,0.9174299830338668,-0.407325226072158,1.2074180311092637
600039_2016,600039,2016,I,信息传输、软件和信息技术服务业,179,14,10,2.70805020110221,78.2122905027933,21.316235984582214,-0.359151661656641,-0.11851259624780641,-0.4190827382875518,-0.07344041609434734,2.3978952727983707,4,4,2,4,0.03226314757730072,0.25797061715289266,-0.1858668074832562,-0.5893627221237348
600039_2017,600039,2017,I,信息传输、软件和信息技术服务业,292,33,23,3.5263605246161616,113.01369863013699,40.61679662084406,1.3078359952385654,1.4485165605120003,1.2965372635662593,1.2112855589966167,3.1780538303479458,8,3,5,17,0.7255828811150093,-0.15409961964845564,1.4641349808683475,1.4362334467015359
600039_2018,600039,2018,I,信息传输、软件和信息技术服务业,234,28,14,3.367295829986474,119.65811965811966,25.681579936001054,0.5297995469269337,0.020755979559558126,-0.8703000463222974,1.2520588785102462,2.70805020110221,5,4,0,19,-0.18595456004805783,-0.2363740861954704,-2.458557199477538,1.3161851359280752
600039_2019,600039,2019,I,信息传输、软件和信息技术服务业,267,20,15,3.044522437723423,74.90636704119851,32.39053739866329,-0.2125585565306758,0.2245672524047138,-0.04924924880050113,-0.8882144380922735,2.772588722239781,5,3,3,9,0.11928095950989863,-0.6994465466450239,0.12090370542050662,0.04041087880347329
600039_2020,600039,2020,I,信息传输、软件和信息技术服务业,221,23,15,3.1780538303479458,104.07239819004525,33.759354693575915,0.4534754490227372,0.3220916732788517,0.4177850256131932,0.7806345411096122,2.772588722239781,9,5,3,6,1.142530781418923,0.2426957236855144,0.21061534637793555,0.2539714723866738
600039_2021,600039,2021,I,信息传输、软件和信息技术服务业,319,50,27,3.9318256327243257,156.73981191222572,55.63634490443958,1.5040956180431024,1.089027245609801,1.962902987951608,2.3970074151562852,3.332204510175204,9,10,4,27,0.8527968867920992,1.3584425206881856,0.05036844813888002,1.4975456713503519
600039_2022,600039,2022,I,信息传输、软件和信息技术服务业,279,24,14,3.2188758248682006,86.0215053763441,36.70559677013387,0.008372440752805604,-0.16402003944649687,-0.06805775394414845,-0.5569011899189646,2.70805020110221,3,7,5,9,-1.0344105558631065,0.6626587961860766,0.8728783301188913,-0.028357526625783884
600039_2023,600039,2023,I,信息传输、软件和信息技术服务业,312,34,23,3.5553480614894135,108.97435897435898,48.915736980988136,0.8209702955403102,1.1566902529746876,1.387166499609276,0.48767674088104845,3.1780538303479458,6,8,5,15,-0.14216629552734356,0.7336454777564604,1.1555981925185463,0.8283986335372754
600040_2013,600040,2013,G,交通运输、仓储和邮政业,180,12,11,2.5649493574615367,66.66666666666667,21.43277091279616,0.24583923830961907,1.0751462062606854,0.45809675116257254,-0.04236326629336402,2.4849066497880004,4,2,3,3,0.6671005202327736,0.13261183203472182,1.0335328020575583,-0.40925866736598526
600040_2014,600040,2014,G,交通运输、仓储和邮政业,192,13,10,2.6390573296152584,67.70833333333333,18.74561549275941,0.3121096832624544,0.7943485398984219,0.05075298038223735,-0.05279291589435751,2.3978952727983707,3,2,1,7,0.4268444298329018,-0.2957667955923122,-0.33798591952056994,0.5496836324189235
600040_2015,600040,2015,G,交通运输、仓储和邮政业,172,14,8,2.70805020110221,81.39534883720931,16.74628193502153,0.6621091690869723,0.2789010105422674,-0.022270484965859497,0.7679147971447933,2.1972245773362196,5,3,0,6,1.161902957789385,0.6555899043185165,-1.7320081899460236,0.749284962422677
600040_2016,600040,2016,G,交通运输、仓储和邮政业,135,10,8,2.3978952727983707,74.07407407407408,11.484813532675075,-0.18449555904445678,0.2850378052720898,-0.6290172151142674,0.1656827237304021,2.1972245773362196,4,2,0,4,0.7041148659680563,-0.09391321501817866,-1.5692927023210599,0.15179645490723578
600040_2017,600040,2017,G,交通运输、仓储和邮政业,139,6,6,1.9459101490553132,43.16546762589928,10.474263614685622,-0.7447417277835897,-0.09391017191715952,-0.49847993083420755,-0.71697728187501,1.9459101490553132,4,1,0,1,1.0227642303546542,-0.7211873373838532,-1.763231777851099,-0.8807071719276603
600040_2018,600040,2018,G,交通运输、仓储和邮政业,391,50,30,3.9318256327243257,127.87723785166241,65.39975324357674,1.5757746194925735,1.5838959383863187,3.0989005577521245,1.0744002060024953,3.4339872044851463,13,4,8,25,1.6482416342269075,-0.2609721678954122,1.6770718314261501,1.2870553172535983
600040_2019,600040,2019,G,交通运输、仓储和邮政业,166,10,6,2.3978952727983707,60.24096385542169,20.192307991077662,0.09972910556468939,-0.1046354302421895,0.39729755910865944,-0.15001648661196962,1.9459101490553132,5,1,2,2,1.3272650613598287,-0.846807847463128,0.5424010410082017,-0.6171800939977342
600040_2020,600040,2020,G,交通运输、仓储和邮政业,323,23,20,3.1780538303479458,71.20743034055728,40.61330834047522,0.45219290447813854,1.0603184650251993,1.2978911996846874,-0.7085478697335253,3.044522437723423,6,7,8,2,0.4141639302321685,0.9560245269487121,2.019962228543038,-1.377544159452389
600040_2021,600040,2021,G,交通运输、仓储和邮政业,205,14,11,2.70805020110221,68.29268292682927,26.29530994495604,-0.36891582250021154,0.058971366224125826,0.09780745680723107,-0.7472822349974846,2.4849066497880004,4,6,2,2,0.19644029467800153,1.2910598350349178,0.16524856796226234,-1.4812662272129966
600040_2022,600040,2022,G,交通运输、仓储和邮政业,292,32,21,3.4965075614664802,109.58904109589041,45.25071169003017,1.5471588940227328,1.5273670528641552,2.2265567885910893,1.105941220757796,3.091042453358316,7,7,5,13,1.0765390354527655,1.2760830397885374,1.2865444737826894,1.2438619199147278
600040_2023,600040,2023,G,交通运输、仓储和邮政业,304,30,21,3.4339872044851463,98.6842105263158,45.14345045422004,0.6216871561345393,0.8514426112753097,1.3601212976273038,-0.0010848146904028255,3.091042453358316,11,7,3,9,1.446122883828433,0.869108375047956,0.1512563288184821,-0.04535570369947686
600041_2013,600041,2013,C,制造业,215,15,12,2.772588722239781,69.76744186046511,22.337006355611933,0.8962223438750372,1.3521405962790567,0.6352236026853578,0.2786580130261801,2.5649493574615367,6,2,1,6,1.6077104929868262,-0.04365669714339641,-0.31277148452745074,0.7994026499733339
600041_2014,600041,2014,C,制造业,164,12,8,2.5649493574615367,73.17073170731707,17.82215168440628,0.4873289344564804,0.5742976191292954,0.1729223798161242,0.48304663975729834,2.1972245773362196,2,1,2,7,-0.13357558726098795,-0.782719829982931,0.5555603226572033,0.9638430829593041
600041_2015,600041,2015,C,制造业,263,19,12,2.995732273553991,72.24334600760456,31.786283343957347,0.4191584854449779,0.4268287993244751,0.7955401104262598,-0.37936118511811695,2.5649493574615367,6,4,4,5,0.7900579734557783,0.5271774156520646,1.0162715962715516,-0.15623805697677473
600041_2016,600041,2016,C,制造业,167,5,4,1.791759469228055,29.940119760479043,9.748407798861226,-1.9339532349834032,-1.5023421533829087,-1.2748246307046407,-1.8218087594901924,1.6094379124341003,3,1,1,0,-0.018960638489110466,-1.1383148938799506,-0.5661770998907929,-2.6538033358182176
600041_2017,600041,2017,C,制造业,228,23,15,3.1780538303479458,100.87719298245614,33.76612605369859,0.5037249630322628,0.5961731542306187,0.6352115573262719,0.5364625369832828,2.772588722239781,6,6,3,8,0.5742515663684101,0.873368334548905,0.4421445187582336,0.19934559246308367
600041_2018,600041,2018,C,制造业,306,24,14,3.2188758248682006,78.43137254901961,42.78595667122928,0.47737296324317424,0.300861150645406,1.4763338539830162,-0.4761044700195496,2.70805020110221,11,6,2,5,1.670719600104938,0.7957149132812715,-0.1268685301685661,-0.5179862183819741
600041_2019,600041,2019,C,制造业,181,17,13,2.8903717578961645,93.92265193370166,20.739849145131203,-0.05943205099263732,0.412351653095681,-0.6455188284813266,0.2682147985373347,2.6390573296152584,4,4,1,8,0.0597866093756759,0.11866463874888254,-0.6969783118946538,0.22159510442337457
600041_2020,600041,2020,C,制造业,209,23,13,3.1780538303479458,110.04784688995215,29.090736403217612,0.37223945491522714,0.1309207467909602,-0.12202292060988264,0.8259710078473484,2.6390573296152584,4,3,4,12,-0.35093994404933454,-0.40143393861100896,0.8391551898888467,0.7788142097449433
600041_2021,600041,2021,C,制造业,179,18,12,2.9444389791664403,100.5586592178771,23.688736717079006,0.28663645385306463,0.3438894598844271,-0.12354324192863912,0.8072723091233164,2.5649493574615367,3,5,3,7,-0.46627229660067243,0.7933577024103827,0.5951767211276344,0.3412974392801801
600041_2022,600041,2022,C,制造业,220,23,13,3.1780538303479458,104.54545454545453,35.04831247186329,0.15311133391986373,-0.12915433761670014,0.2739855570818617,0.3633637700174209,2.6390573296152584,5,5,2,11,0.07405201556888343,0.2765648014289465,-0.36527340700567185,0.3904513698346565
600041_2023,600041,2023,C,制造业,217,12,5,2.5649493574615367,55.29953917050692,24.75451481849256,-1.1535270285099795,-1.978243340462309,-0.8186436336145243,-1.5784216619849676,1.791759469228055,7,2,0,3,0.5541640608925336,-1.071336620650282,-2.4785730726431288,-1.146544078274921
600042_2013,600042,2013,C,制造业,128,8,6,2.1972245773362196,62.5,9.276698371097943,-0.3922003082194082,-0.1030401823001056,-0.7918758548098298,-0.0246851306689574,1.9459101490553132,1,4,0,3,-0.9532569854059796,0.9932809915880767,-1.6679694365922024,-0.044251849812158274
600042_2014,600042,2014,C,制造业,129,3,3,1.3862943611198906,23.25581395348837,5.201150346749878,-2.1520531155762175,-1.3319629979408243,-1.206174053696178,-1.6004028545000375,1.3862943611198906,0,1,1,1,-2.379419704142003,-0.782719829982931,-0.2371796603547836,-1.1260791476140248
600042_2015,600042,2015,C,制造业,138,7,6,2.0794415416798357,50.72463768115942,12.852366331017894,-1.632706833776014,-1.0283519792546874,-1.273368427524295,-1.277552427281675,1.9459101490553132,1,2,3,1,-1.7709095049370276,-0.5097602730794085,0.5799953013680912,-1.8124622394178949
600042_2016,600042,2016,C,制造业,142,3,2,1.3862943611198906,21.12676056338028,6.03684526708313,-2.841918103054988,-2.7031443300718307,-1.6803869560219709,-2.1896785184360574,1.0986122886681098,1,2,0,0,-1.4359305137127565,-0.3152511466793173,-1.9213750519555446,-2.6538033358182176
600042_2017,600042,2017,C,制造业,169,16,10,2.833213344056216,94.67455621301775,20.511653286060497,-0.26848216498055244,-0.2846219522545654,-0.8131042801340466,0.2775643754340311,2.3978952727983707,4,3,1,8,-0.11358362435721782,-0.2626097266950021,-0.9130534333065182,0.19934559246308367
600042_2018,600042,2018,C,制造业,225,15,9,2.772588722239781,66.66666666666667,24.46040084357432,-0.5220052869611943,-0.6522691578896531,-0.5260990756962732,-0.9671634885189724,2.302585092994046,5,2,2,6,0.2537497248812916,-0.9242361701035237,-0.1268685301685661,-0.28559478575093766
600042_2019,600042,2019,C,制造业,125,7,3,2.0794415416798357,56.0,9.241639176869343,-1.875361787135806,-2.5325290056976666,-1.9019278831015558,-1.3146773216466612,1.3862943611198906,2,1,0,4,-0.9844714366341331,-1.7413367971832239,-2.0521762639594057,-0.6645286888099279
600042_2020,600042,2020,C,制造业,191,16,11,2.833213344056216,83.76963350785341,25.391674916484064,-0.39996767309758796,-0.23144257889734748,-0.5262192571142114,-0.27088205421585504,2.4849066497880004,4,2,5,5,-0.35093994404933454,-0.9854069607518972,1.195618877997373,-0.38681610744705824
600042_2021,600042,2021,C,制造业,136,8,4,2.1972245773362196,58.8235294117647,10.879225602257563,-1.3866133824755846,-1.9022394922641015,-1.5232381330763782,-0.9347527006372066,1.6094379124341003,2,2,1,3,-1.0543679301669495,-0.6136790669311384,-0.7600212309371174,-0.7036636760064844
600042_2022,600042,2022,C,制造业,218,29,14,3.4011973816621555,133.0275229357798,36.002801502109946,0.652800459022048,0.03302779734899367,0.37828254447796705,1.5522057766472792,2.70805020110221,7,4,3,15,0.6621476491351606,-0.09353427918110145,0.19718456204709292,0.8241494179668652
600042_2023,600042,2023,C,制造业,234,28,17,3.367295829986474,119.65811965811966,37.163683296737155,0.6431809853383195,0.6042739926427305,0.5373058297723645,1.107906554147406,2.8903717578961645,5,8,1,14,-0.033931572673743644,1.1587638958918727,-1.123375120578377,0.8460824452418086
600043_2013,600043,2013,C,制造业,140,8,5,2.1972245773362196,57.14285714285714,10.074226363037072,-0.3922003082194082,-0.4654035079884138,-0.7047299953107201,-0.2482923623070876,1.791759469228055,3,0,1,4,0.4637128898176665,-2.273757213685551,-0.31277148452745074,0.292150491263451
600043_2014,600043,2014,C,制造业,177,10,5,2.3978952727983707,56.497175141242934,15.062807582896236,0.11324189981687348,-0.37883268940576464,-0.1285910664959206,-0.21290788763233445,1.791759469228055,1,4,0,5,-0.9624498289183568,1.0772816059491752,-1.5923776124195355,0.5301450348270955
600043_2015,600043,2015,C,制造业,256,20,11,3.044522437723423,78.125,35.08842151891987,0.5284151245180292,0.238671719626985,1.1563646486876011,-0.13386085000210893,2.4849066497880004,5,6,2,7,0.4749346119439873,1.2101908103053867,0.017537332315326445,0.2774599911554339
600043_2016,600043,2016,C,制造业,210,22,16,3.1354942159291497,104.76190476190476,30.73314114130447,1.0750946895205997,1.3743972537683775,1.0181765453925358,1.3012537864496783,2.833213344056216,2,7,2,11,-0.6070562720553876,1.675758644803092,0.2265628831211941,1.092343077196232
600043_2017,600043,2017,C,制造业,254,30,18,3.4339872044851463,118.11023622047244,43.175466017719174,1.0768408924591863,1.000143027669496,1.6633698499150553,1.2557700473318472,2.9444389791664403,10,5,3,12,1.4982246017571856,0.5604540205056309,0.4421445187582336,0.7537128425006292
600043_2018,600043,2018,C,制造业,326,30,23,3.4339872044851463,92.02453987730061,43.786222355091894,0.9590755105373141,1.4057027145613847,1.585632854931845,0.09127455953499801,3.1780538303479458,9,5,5,11,1.2980077708911015,0.4828005992379975,1.2283294218961855,0.5269748969046907
600043_2019,600043,2019,C,制造业,236,23,9,3.1780538303479458,97.45762711864407,32.47340508314035,0.5847792750545864,-0.37859652047368425,0.6366064731177855,0.4157647213400337,2.302585092994046,6,4,0,13,0.7476218001013039,0.11866463874888254,-2.0521762639594057,0.8876845851866193
600043_2020,600043,2020,C,制造业,357,40,24,3.713572066704308,112.04481792717087,62.9619631331339,1.5714344906900977,1.4939050584455758,3.5790849972336645,0.9093246120355621,3.2188758248682006,14,10,4,12,1.8949041728316804,1.6520400111512814,0.8391551898888467,0.7788142097449433
600043_2021,600043,2021,C,制造业,213,25,15,3.258096538021482,117.37089201877934,32.59617765100785,0.9890151255327518,0.8319890962218572,0.8497725588589884,1.509015184852879,2.772588722239781,1,10,4,10,-1.8832421718243186,2.0237679049720403,1.0314530160310948,0.8213856158893682
600043_2022,600043,2022,C,制造业,285,32,17,3.4965075614664802,112.28070175438597,42.53130989761151,0.8662301551941467,0.4616126452300513,1.091652458917987,0.686233116710224,2.8903717578961645,10,3,2,17,1.3131484124694501,-0.5464989457716865,-0.36527340700567185,1.0017144369891118
600043_2023,600043,2023,C,制造业,324,41,22,3.7376696182833684,126.54320987654322,53.23266061157629,1.47256526798898,1.180485457900367,2.2931624937729858,1.3952903339672251,3.1354942159291497,9,7,6,19,1.0103264733360664,0.9196731708321273,1.3259485684482373,1.2797804933740173
600044_2013,600044,2013,C,制造业,238,12,8,2.5649493574615367,50.42016806722689,23.665505228663648,0.43125200567012073,0.48772680054664636,0.7803886342652483,-0.5288975157353292,2.1972245773362196,2,4,2,4,-0.12438274374861069,0.9932809915880767,0.47996849848453627,0.292150491263451
600044_2014,600044,2014,C,制造业,222,21,13,3.091042453358316,94.5945945945946,30.25025398541961,1.665418093935681,1.6129176608525233,1.5309407414429026,1.3772790317181787,2.6390573296152584,5,4,4,8,1.2833942879626579,1.0772816059491752,1.5542945866134286,1.1414081019815516
600044_2015,600044,2015,C,制造业,229,23,13,3.1780538303479458,100.43668122270742,27.87911345220213,0.8274342284143784,0.6010350453152926,0.368603774814807,0.7974290939929413,2.6390573296152584,4,3,1,15,0.1022227827301504,0.0742127490614796,-0.7752026506966606,1.3224211064420988
600044_2016,600044,2016,C,制造业,154,12,9,2.5649493574615367,77.92207792207792,15.485985696817005,-0.20253605302228958,0.12704487118707228,-0.6478796677513975,0.18095896935359246,2.302585092994046,2,2,2,6,-0.6070562720553876,-0.3152511466793173,0.2265628831211941,0.2797733945406035
600044_2017,600044,2017,C,制造业,224,20,14,3.044522437723423,89.28571428571429,31.55079470387615,0.2047058591359134,0.4444618988496999,0.39314236789732615,0.0526340240820662,2.70805020110221,5,8,0,7,0.259128204856619,1.3835177677062642,-2.26825138537127,0.021780573440836337
600044_2018,600044,2018,C,制造业,264,22,15,3.1354942159291497,83.33333333333333,31.108545159113394,0.29065511737677835,0.4525724060263248,0.20034345209903018,-0.2714965456447904,2.772588722239781,2,8,5,7,-1.1632201503423543,1.305864346438631,1.2283294218961855,-0.08428817024976536
600044_2019,600044,2019,C,制造业,179,20,11,3.044522437723423,111.73184357541899,23.248672539447647,0.2857601711582371,0.04998832740737331,-0.3713797722488432,1.011570752804571,2.4849066497880004,2,5,4,9,-0.9844714366341331,0.48876371935893054,1.0944959350735586,0.38043242647673714
600044_2020,600044,2020,C,制造业,298,24,19,3.2188758248682006,80.53691275167785,37.71490907500294,0.4636528370480109,0.9693595977915743,0.8203401657616726,-0.4058158721527294,2.995732273553991,6,7,6,5,0.3368952466762934,1.005602830730512,1.4970046319472485,-0.38681610744705824
600044_2021,600044,2021,C,制造业,201,16,10,2.833213344056216,79.60199004975124,26.185144327444622,0.03756700967763053,-0.048806010263326725,0.14923914196796867,-0.06745940925762908,2.3978952727983707,6,3,2,5,0.6777253065684874,-0.029706044790250193,0.03271875207486963,-0.09240060885202861
600044_2022,600044,2022,C,制造业,161,8,8,2.1972245773362196,49.689440993788814,14.106242467452114,-2.0432761862461666,-1.1677743793399282,-2.014353797362052,-1.9263271447276995,2.1972245773362196,3,3,0,2,-0.7548222260884853,-0.5464989457716865,-2.5132113420824105,-1.6994708607386726
600044_2023,600044,2023,C,制造业,261,22,20,3.1354942159291497,84.29118773946361,34.16965882498067,0.12410371403290976,0.9666373183310393,0.21014886651871478,-0.36830977025404166,3.044522437723423,6,4,6,6,0.28119178883804746,-0.03439893191880881,1.3259485684482373,-0.30288957848942893
600045_2013,600045,2013,F,批发和零售业,201,14,9,2.70805020110221,69.65174129353234,21.890753333357544,0.5915235873621414,0.5218053335190022,0.4455175225529449,0.11041438877434151,2.302585092994046,3,7,1,3,0.18681005035777726,1.6778610845709003,-0.020898897110571274,-0.1916844607618388
600045_2014,600045,2014,F,批发和零售业,208,19,14,2.995732273553991,91.34615384615384,29.140048433152558,0.6969799388597908,0.9822555205576073,0.7136502717777573,0.7953875641203331,2.70805020110221,6,3,4,6,0.9852067328184315,-0.1858158444459469,1.3198087214059397,0.38717523894781275
600045_2015,600045,2015,F,批发和零售业,145,10,6,2.3978952727983707,68.9655172413793,14.292684560836225,0.1214911653417819,-0.12027444593699291,-0.41358149643632514,0.22122114104171847,1.9459101490553132,4,1,2,3,0.6465717420326872,-0.589016520981367,0.3627343517536321,-0.07638487704242025
600045_2016,600045,2016,F,批发和零售业,243,15,9,2.772588722239781,61.72839506172839,28.381986910338174,-0.40646982844381435,-0.495310461777093,-0.046630506386481155,-0.9803746648699916,2.302585092994046,2,5,3,5,-0.9503323925141419,0.18761266405720364,0.9236743374929605,-0.3992491344904119
600045_2017,600045,2017,F,批发和零售业,196,22,13,3.1354942159291497,112.24489795918367,25.29967184103244,0.04764605037308318,0.033365903099583885,-0.7608383184152874,0.7618215193878997,2.6390573296152584,5,3,1,13,-0.06641708011236394,-0.44201234128790107,-1.3088535033969317,0.6072169633766854
600045_2018,600045,2018,F,批发和零售业,140,8,6,2.1972245773362196,57.14285714285714,9.354369160410252,-1.2437487989033977,-0.8394154793536743,-1.3480296574113524,-1.2048110108443904,1.9459101490553132,1,2,0,5,-1.3819744659452475,-0.5294626346213674,-1.398375829682106,-0.4221562916380647
600045_2019,600045,2019,F,批发和零售业,148,10,7,2.3978952727983707,67.56756756756756,13.466744327894844,-0.8514170830574136,-0.6434940993342121,-1.0197405097068584,-0.4877388054562184,2.0794415416798357,2,2,2,4,-0.9664413600553151,-0.5271026659335611,0.49047420145780857,-0.4530163245153623
600045_2020,600045,2020,F,批发和零售业,213,24,13,3.2188758248682006,112.67605633802818,25.745200175068053,1.011751318599415,0.6270862241691872,0.2534083224817533,1.4054500914442538,2.6390573296152584,5,1,2,16,0.3817053517262162,-1.1104652862024105,-0.03211765643892485,1.3646638518770229
600045_2021,600045,2021,F,批发和零售业,242,17,11,2.8903717578961645,70.24793388429752,27.891701943765135,0.23979652179972163,0.16138810966878167,0.2829381138596823,-0.31187890917202016,2.4849066497880004,6,4,2,5,0.9277666917422608,0.20076416762836452,0.07984948399658855,-0.01334547227929669
600045_2022,600045,2022,F,批发和零售业,192,12,6,2.5649493574615367,62.5,19.134810312236294,-0.761652493303298,-1.2927834878831492,-0.8544582255121768,-0.8874389506860493,1.9459101490553132,3,0,2,7,-0.4246316207484572,-2.8158217647394053,-0.2316827355881333,0.12509343346789198
600045_2023,600045,2023,F,批发和零售业,192,15,13,2.772588722239781,78.125,21.900389954335377,-0.12494274630620565,0.44395306118737377,-0.5584897610684789,-0.022684167760639928,2.6390573296152584,4,5,3,3,0.019844584936820443,0.27510666279511825,0.47442569235469595,-0.41794979448758884
600046_2013,600046,2013,E,建筑业,153,5,3,1.791759469228055,32.67973856209151,10.053483253989931,-1.9419268619825862,-1.6633335959734776,-1.1647773006997688,-1.9314072729991818,1.3862943611198906,1,2,1,1,-1.6331892534000223,-0.13919752837494584,-0.01771400107378618,-1.6447603048123527
600046_2014,600046,2014,E,建筑业,131,9,6,2.302585092994046,68.70229007633588,11.938291384237903,0.3781193987068952,0.4739912840131808,-0.3009950949465981,0.39909317706340613,1.9459101490553132,3,1,1,4,0.08210352924340075,-0.2247812237071141,0.5035159804895797,0.4960841725013339
600046_2015,600046,2015,E,建筑业,141,10,4,2.3978952727983707,70.92198581560284,15.775478029206463,0.7043416710274873,-0.06255350613451946,0.26169294525478726,0.5409899577060134,1.6094379124341003,3,2,2,3,1.0529339643118674,0.3349545739279163,0.7237522658718403,-0.09512188894983267
600046_2016,600046,2016,E,建筑业,171,18,10,2.9444389791664403,105.26315789473684,23.41993269592461,0.0179829444322374,-0.25591573675889173,-0.42413245584953263,0.8679716279321897,2.3978952727983707,4,4,2,8,-0.3350044650444385,0.08316665677108544,0.3500342782405911,0.3286135491577006
600046_2017,600046,2017,E,建筑业,186,12,8,2.5649493574615367,64.51612903225806,17.767727052411757,0.32551522594794474,0.454319106935886,0.14659209361721787,-0.27619571720003083,2.1972245773362196,2,5,1,4,-0.5156537714526457,1.5539933080330532,0.025551996545657,-0.06710375122132994
600046_2018,600046,2018,E,建筑业,222,21,14,3.091042453358316,94.5945945945946,29.882195627676825,0.7324932549433149,0.9249360756526097,0.5785634747034117,0.4341100490781949,2.70805020110221,5,4,3,9,0.795560812558205,0.48125761144612356,0.8027767325198633,0.5493442713108544
600046_2019,600046,2019,E,建筑业,279,31,20,3.4657359027997265,111.1111111111111,42.48762038255662,0.7995173294985299,0.9274656686776336,1.131542372284162,0.7089141710454886,3.044522437723423,4,11,5,11,-0.26057320942868006,1.6425554020226703,0.8748311111389082,0.448325151809957
600046_2020,600046,2020,E,建筑业,239,17,12,2.8903717578961645,71.12970711297072,26.852917706005822,-0.2446676824350423,-0.13224049795920337,-0.3377291743046469,-0.7002885927190757,2.5649493574615367,5,5,3,4,0.5303738750388033,0.01572060835761285,0.4283888320575152,-0.7030704102118436
600046_2021,600046,2021,E,建筑业,277,21,18,3.091042453358316,75.81227436823104,31.396026252272556,-0.05643159193740062,0.617226990163484,0.16500512133319528,-0.7763327553277454,2.9444389791664403,9,4,2,6,0.9920121481093768,0.30205723260462825,-0.6510623543925657,-0.5444281147347056
600046_2022,600046,2022,E,建筑业,205,10,7,2.3978952727983707,48.78048780487805,17.988796374092082,-0.9241065641704816,-0.445790338182467,-0.5605480920320126,-1.5731837360314738,2.0794415416798357,4,2,0,4,0.507606407476049,-0.6406039294550444,-1.8801988879089846,-0.676503780983572
600046_2023,600046,2023,E,建筑业,155,16,10,2.833213344056216,103.2258064516129,20.20660689159692,-0.7833882046953072,-0.7137275551879678,-1.284866394339365,0.05900757457905036,2.3978952727983707,2,4,4,6,-1.210055182374889,0.2514931883554313,0.37085542909826513,-0.7698181431362447
600047_2013,600047,2013,C,制造业,167,7,7,2.0794415416798357,41.91616766467065,10.735261985083145,-0.6559538502437703,0.2108532080465065,-0.6324986529315418,-0.8838546334701559,2.0794415416798357,2,1,2,2,-0.12438274374861069,-0.8667204443440296,0.47996849848453627,-0.477949897944367
600047_2014,600047,2014,C,制造业,171,12,9,2.5649493574615367,70.17543859649122,17.16893124304781,0.4873289344564804,0.8219694872831581,0.10154500199373354,0.358023055672079,2.302585092994046,4,3,1,4,0.9106824587488211,0.6243169393585903,-0.2371796603547836,0.25528430874824903
600047_2015,600047,2015,C,制造业,179,17,13,2.8903717578961645,94.97206703910614,20.807676724599226,0.1832229023671547,0.6010350453152926,-0.404091902013,0.5693360074073731,2.6390573296152584,1,3,6,7,-1.7709095049370276,0.0742127490614796,1.6741210383299536,0.2774599911554339
600047_2016,600047,2016,C,制造业,185,16,9,2.833213344056216,86.48648648648648,26.60094765184686,0.3981920252413967,0.12704487118707228,0.5666518880825845,0.5384375247652468,2.302585092994046,7,3,3,3,1.3980092367345354,0.26872187546157084,0.7890208521739589,-0.5638811052448887
600047_2017,600047,2017,C,制造业,253,27,18,3.332204510175204,106.7193675889328,34.19655052733588,0.8489171851831361,1.000143027669496,0.6822440265106717,0.7803150018767707,2.9444389791664403,8,4,4,11,1.0880024465139881,0.19035493989558291,0.878420813661694,0.6330436405952924
600047_2018,600047,2018,C,制造业,186,12,8,2.5649493574615367,64.51612903225806,23.983982725738674,-0.9869756251661109,-0.8999410260435159,-0.5781572689877563,-1.056926965018867,2.1972245773362196,5,3,2,2,0.2537497248812916,-0.34026314796263546,-0.1268685301685661,-1.5629473336686384
600047_2019,600047,2019,C,制造业,167,13,9,2.6390573296152584,77.84431137724552,19.67090152814694,-0.6222046969133478,-0.37859652047368425,-0.7623227021800052,-0.4028954027466547,2.302585092994046,2,2,3,6,-0.9844714366341331,-0.9182730499825906,0.658219640170098,-0.15727653010004503
600047_2020,600047,2020,C,制造业,223,22,13,3.1354942159291497,98.65470852017937,26.914064510858033,0.276934991181615,0.1309207467909602,-0.359867792293969,0.3504212234808057,2.6390573296152584,6,6,0,10,0.3368952466762934,0.734544122632898,-2.3075170091441173,0.5269701172943386
600047_2021,600047,2021,C,制造业,194,11,8,2.4849066497880004,56.70103092783505,15.426290338786945,-0.7424020564283619,-0.5205243358479833,-1.026380507177286,-1.0233458225314322,2.1972245773362196,3,2,1,5,-0.46627229660067243,-0.6136790669311384,-0.7600212309371174,-0.09240060885202861
600047_2022,600047,2022,C,制造业,322,27,18,3.332204510175204,83.85093167701864,45.99013818049614,0.4983035560707372,0.5887089261687898,1.4695985205213233,-0.5004259574700585,2.9444389791664403,10,6,2,9,1.3131484124694501,0.5894791154722205,-0.36527340700567185,0.11559064375581043
600047_2023,600047,2023,C,制造业,224,23,16,3.1780538303479458,102.67857142857143,33.08519360764984,0.2194081777665219,0.4699112188079193,0.09164938510064155,0.3991799296533329,2.833213344056216,8,3,3,9,0.7949426689836255,-0.4873635985093938,0.2318228314863748,0.2348193780873533
600048_2013,600048,2013,C,制造业,99,1,0,0.6931471805599453,10.101010101010102,2.330236624324556,-3.7603062384813843,-4.677307865663434,-1.550915519271485,-2.2118198374324853,0.0,0,0,1,0,-2.3702268606296255,-2.273757213685551,-0.31277148452745074,-2.1341740803854874
600048_2014,600048,2014,C,制造业,144,5,1,1.791759469228055,34.72222222222222,5.457850921008349,-1.2440882475046333,-2.9613500225108043,-1.178124389729804,-1.121794783336598,0.6931471805599453,0,2,0,3,-2.379419704142003,0.04034391721770217,-1.5923776124195355,-0.08111803232736023
600048_2015,600048,2015,C,制造业,218,23,13,3.1780538303479458,105.5045871559633,29.022286320091194,0.8274342284143784,0.6010350453152926,0.49351823942943385,1.0089635716346643,2.6390573296152584,5,4,5,9,0.4749346119439873,0.5271774156520646,1.372735284380078,0.6138623322310439
600048_2016,600048,2016,C,制造业,165,5,3,1.791759469228055,30.303030303030305,10.011596492416796,-1.9339532349834032,-2.02688761403691,-1.2460660101393848,-1.8066608674297855,1.3862943611198906,2,1,0,2,-0.6070562720553876,-1.1383148938799506,-1.9213750519555446,-0.9975791533770973
600048_2017,600048,2017,C,制造业,220,18,13,2.9444389791664403,81.81818181818181,22.884880847625283,-0.019412720805118324,0.28227976388400605,-0.5537817764352361,-0.25906090486805494,2.6390573296152584,3,2,3,10,-0.5697460368007496,-0.8465827488358902,0.4421445187582336,0.5018687500500245
600048_2018,600048,2018,C,制造业,142,14,7,2.70805020110221,98.59154929577464,15.545879316019818,-0.6665274879062328,-1.1768146185436557,-1.5001885727347015,0.36538164149354535,2.0794415416798357,0,2,3,9,-3.409064267223369,-0.9242361701035237,0.43558943888419865,0.2521141708258446
600048_2019,600048,2019,C,制造业,107,4,2,1.6094379124341003,37.38317757009346,6.867195618233175,-2.9278488561524285,-3.2087857217325872,-2.1613832587634887,-2.091743798397337,1.0986122886681098,3,0,0,1,-0.3963758030678559,-3.148373566524745,-2.0521762639594057,-2.0458921451722016
600048_2020,600048,2020,C,制造业,174,15,9,2.772588722239781,86.20689655172414,24.560187032000638,-0.5357254131563576,-0.6600274267784051,-0.6170759130420138,-0.16915065437326862,2.302585092994046,3,5,1,6,-0.8071023564928664,0.421629808589624,-0.9523190570793655,-0.15442467481602185
600048_2021,600048,2021,C,制造业,181,7,5,2.0794415416798357,38.67403314917127,13.478351150643062,-1.6503669244999466,-1.4736546443830434,-1.2392317632066205,-1.7757930085643947,1.791759469228055,2,1,3,1,-1.0543679301669495,-1.4367428141317715,0.5951767211276344,-1.7486247912931487
600048_2022,600048,2022,C,制造业,146,18,12,2.9444389791664403,123.2876712328767,17.670109000456936,-0.3700263499175173,-0.3033605836075177,-1.6249302093527143,1.1456642051548889,2.5649493574615367,1,1,3,13,-2.171792101312131,-1.9535357151132078,0.19718456204709292,0.6228428024656926
600048_2023,600048,2023,C,制造业,152,7,5,2.0794415416798357,46.05263157894736,13.567307574568764,-2.2407328844238705,-1.978243340462309,-2.0410694299755576,-1.9643877381005859,1.791759469228055,2,3,1,1,-1.4509014478973894,-0.4873635985093938,-1.123375120578377,-2.1915051935615852
600049_2013,600049,2013,C,制造业,163,12,8,2.5649493574615367,73.61963190184049,11.835434124594247,0.43125200567012073,0.48772680054664636,-0.5122828766030452,0.4394484891934189,2.1972245773362196,2,2,1,7,-0.12438274374861069,-0.04365669714339641,-0.31277148452745074,1.000709265474506
600049_2014,600049,2014,C,制造业,145,5,3,1.791759469228055,34.48275862068965,10.284202515112677,-1.2440882475046333,-1.3319629979408243,-0.6507490973711354,-1.1317899980330663,1.3862943611198906,3,1,0,1,0.45452004630528925,-0.782719829982931,-1.5923776124195355,-1.1260791476140248
600049_2015,600049,2015,C,制造业,158,20,12,3.044522437723423,126.58227848101266,16.73693877427035,0.5284151245180292,0.4268287993244751,-0.8489013144256118,1.88874675685123,2.5649493574615367,6,1,0,13,0.7900579734557783,-1.3328240202800417,-2.130400602761412,1.121114490940926
600049_2016,600049,2016,C,制造业,229,16,13,2.833213344056216,69.86899563318777,23.764464825357347,0.3981920252413967,0.9179930447564375,0.2567094956307855,-0.15517681884399365,2.6390573296152584,5,3,4,4,0.8099136031682582,0.26872187546157084,1.2252971470774194,-0.22747876416927934
600049_2017,600049,2017,C,制造业,247,15,12,2.772588722239781,60.72874493927125,27.07991384512151,-0.40423990503932206,0.10807351789318845,-0.09539064798712255,-1.1393343496974397,2.5649493574615367,6,4,3,2,0.5742515663684101,0.19035493989558291,0.4421445187582336,-1.4568785899780368
600049_2018,600049,2018,C,制造业,178,9,8,2.302585092994046,50.561797752808985,16.609827348608743,-1.5744923559778166,-0.8999410260435159,-1.3839310034713201,-1.6393809838805422,2.1972245773362196,2,3,2,2,-1.1632201503423543,-0.34026314796263546,-0.1268685301685661,-1.5629473336686384
600049_2019,600049,2019,C,制造业,188,13,9,2.6390573296152584,69.14893617021276,19.702660161140837,-0.6222046969133478,-0.37859652047368425,-0.758852437315645,-0.7658405079918809,2.302585092994046,2,6,0,5,-0.9844714366341331,0.8016780334022046,-2.0521762639594057,-0.38966796273108145
600049_2020,600049,2020,C,制造业,167,11,5,2.4849066497880004,65.8682634730539,23.36790629714997,-1.1799367392035804,-1.860829603467328,-0.7473563927906445,-1.0180855361379635,1.791759469228055,4,3,3,1,-0.35093994404933454,-0.40143393861100896,0.40287889498538626,-2.0430402898881783
600049_2021,600049,2021,C,制造业,190,15,8,2.772588722239781,78.94736842105263,25.338832373451837,-0.09819073038113912,-0.5205243358479833,0.05676266041432632,-0.09478332688819374,2.1972245773362196,5,2,3,5,0.3626019450566963,-0.6136790669311384,0.5951767211276344,-0.09240060885202861
600049_2022,600049,2022,C,制造业,195,22,14,3.1354942159291497,112.82051282051282,25.88727658219326,0.057806870186251594,0.03302779734899367,-0.7270405568309147,0.708764839556351,2.70805020110221,3,6,3,10,-0.7548222260884853,0.5894791154722205,0.19718456204709292,0.25927647928938863
600049_2023,600049,2023,C,制造业,196,17,13,2.8903717578961645,86.73469387755102,26.492570181034655,-0.4248031482807018,0.013507009795979182,-0.6287263768452745,-0.2663177835553874,2.6390573296152584,5,4,4,4,-0.033931572673743644,-0.03439893191880881,0.6680991263898353,-0.8101417371993118
600050_2013,600050,2013,K,房地产业,177,10,7,2.3978952727983707,56.497175141242934,19.55267183265948,-0.2588116469038728,0.15859101156559244,0.19530148992761961,-0.745944228589673,2.0794415416798357,4,3,1,2,0.2984188099502191,0.41124552391431135,1.1050523368334354e-17,-0.7340209200284602
600050_2014,600050,2014,K,房地产业,182,16,9,2.833213344056216,87.91208791208791,27.09442725700523,0.3328114984499059,0.23199731424420242,0.6429332312008158,0.3725197807233585,2.302585092994046,6,4,1,5,1.211102442456657,0.34771549570240606,-0.7005880943579825,-0.005351739753484946
600050_2015,600050,2015,K,房地产业,248,24,15,3.2188758248682006,96.77419354838709,30.3647150399403,0.7483858215866308,0.7455468608511925,0.5130666394293443,0.6619625173830523,2.772588722239781,5,4,4,11,0.2538075390660719,0.008336349931079906,1.1008627284595967,0.8527853137795606
600050_2016,600050,2016,K,房地产业,136,6,4,1.9459101490553132,44.11764705882353,11.92731624914845,-0.33482886658931005,-0.16564048443729712,-0.11861812941922575,-0.34835526062147887,1.6094379124341003,3,2,0,1,0.9020978246551221,0.1626556496650153,-1.2848907059331562,-0.7051846536843226
600050_2017,600050,2017,K,房地产业,149,5,4,1.791759469228055,33.557046979865774,7.980543256689696,-1.2489984097071671,-0.9129502132359654,-0.7764665984287168,-1.07630007172649,1.6094379124341003,2,1,1,1,-0.46397049272333835,-0.15950355172390226,-0.08331978860783534,-1.1856149186932037
600050_2018,600050,2018,K,房地产业,225,21,11,3.091042453358316,93.33333333333334,31.86461031670694,0.1512716095318493,-0.1838011595366228,0.35690004508551554,0.038331426292344886,2.4849066497880004,3,6,1,11,-0.5574368212248295,0.8950938330680733,-0.5915190206321174,0.30090653126249856
600050_2019,600050,2019,K,房地产业,166,9,9,2.302585092994046,54.21686746987952,16.023598468047705,-0.6855754802097369,0.06012126140923421,-0.3878980209223874,-0.6489467175389098,2.302585092994046,3,2,3,1,0.2173030981463977,-0.2621001704379759,0.5942791874245404,-1.3804809781162686
600050_2020,600050,2020,K,房地产业,211,25,17,3.258096538021482,118.48341232227489,29.844315279833317,0.4335873774236051,0.5897232864020051,0.20306591761119216,1.0804689182572098,2.8903717578961645,7,1,2,15,1.1868525472606732,-1.2147811287300432,-0.1921130624992507,0.5006802387641753
600050_2021,600050,2021,K,房地产业,153,12,10,2.5649493574615367,78.43137254901961,13.365304621962686,-0.539335979763866,-0.1978604527596361,-0.9843355062445601,-0.1547486312198328,2.3978952727983707,2,2,2,6,-0.7747983333448519,-0.6202215631411899,0.127877749621401,-0.10882355581597078
600050_2022,600050,2022,K,房地产业,248,21,13,3.091042453358316,84.6774193548387,29.91224698118025,0.2345094681178116,0.3236017460380294,0.13780990574422713,-0.19865450044711574,2.6390573296152584,3,5,7,6,-0.6112827723129395,0.08329682152957087,2.0743189224838208,-0.12777440625918413
600050_2023,600050,2023,K,房地产业,286,31,20,3.4657359027997265,108.39160839160839,43.69305127576562,0.5892188178614047,0.9293792473689587,0.9863014199553796,0.19292106942274456,3.044522437723423,7,8,5,11,0.3912499820820222,0.9063605687302043,0.6548856575412189,0.2118465801074701
600051_2013,600051,2013,I,信息传输、软件和信息技术服务业,199,13,10,2.6390573296152584,65.32663316582915,19.004725155621603,-0.36678081770529425,-0.0199423687436747,-0.5013756797353255,-0.7907553059631339,2.3978952727983707,5,2,0,6,0.3162292769144542,-0.6862429393912725,-1.8154898076079957,0.34403191628636537
600051_2014,600051,2014,I,信息传输、软件和信息技术服务业,204,15,9,2.772588722239781,73.52941176470588,24.594965489185064,0.16481018534069913,0.012341719868475641,0.362753960755161,-0.11023557536843073,2.302585092994046,6,1,0,8,1.090700612564678,-1.2838231289707083,-2.009915819946245,0.49604924455991783
600051_2015,600051,2015,I,信息传输、软件和信息技术服务业,246,20,13,3.044522437723423,81.30081300813008,28.120661993465173,-0.3391157593193409,-0.30580107890027913,-0.639604229068929,-0.8400395703119227,2.6390573296152584,3,3,5,9,-1.136539770781687,-0.48960678630765436,0.9478727259925935,-0.11240381025624703
600051_2016,600051,2016,I,信息传输、软件和信息技术服务业,183,13,9,2.6390573296152584,71.03825136612022,19.53403576913873,-0.5136485646079518,-0.34255905367860023,-0.6138237017949181,-0.3728849285504931,2.302585092994046,4,4,1,4,0.03226314757730072,0.25797061715289266,-0.9786067904952432,-0.5893627221237348
600051_2017,600051,2017,I,信息传输、软件和信息技术服务业,165,13,7,2.6390573296152584,78.78787878787878,21.349212029973597,-0.679117042835361,-1.13400077259304,-0.8088311205084222,-0.21730072842496104,2.0794415416798357,7,2,1,3,0.4848042730239174,-0.7380726417893438,-0.683802954208391,-0.83125380289404
600051_2018,600051,2018,I,信息传输、软件和信息技术服务业,173,9,6,2.302585092994046,52.02312138728324,12.06292860501119,-1.854425197733071,-1.7708131799761155,-2.3584096643586125,-1.5710270701921567,1.9459101490553132,2,2,1,4,-1.6029244352717036,-1.2733117749269436,-1.1033592474127862,-0.773737094645254
600051_2019,600051,2019,I,信息传输、软件和信息技术服务业,190,26,15,3.295836866004329,136.8421052631579,26.36978626216506,0.3502140893900346,0.2245672524047138,-0.7071365429438098,1.6969843017192943,2.772588722239781,4,3,1,18,-0.25343086970393824,-0.6994465466450239,-1.2342942466442453,1.0080442639727865
600051_2020,600051,2020,I,信息传输、软件和信息技术服务业,242,24,16,3.2188758248682006,99.17355371900827,35.69593562653688,0.5448888311555209,0.4646024919441792,0.629395165443059,0.5761566917026689,2.833213344056216,5,4,6,9,0.09827273540911298,-0.1274033569245336,1.3047410833397979,0.791680428963456
600051_2021,600051,2021,I,信息传输、软件和信息技术服务业,219,28,16,3.367295829986474,127.85388127853881,33.72304745906239,0.23993449143732384,-0.08395556994823934,-0.43156235952022654,1.1913081917955253,2.833213344056216,6,6,3,13,0.12366220229408038,0.44094663216980234,-0.38590784676458045,0.45258455606368714
600051_2022,600051,2022,I,信息传输、软件和信息技术服务业,185,14,11,2.70805020110221,75.67567567567568,20.662638960424864,-1.1355280103966015,-0.6885655001004984,-1.82107126740808,-0.9887362930806195,2.4849066497880004,3,2,4,5,-1.0344105558631065,-1.3283509952963326,0.5164146420103649,-0.7984579158336025
600051_2023,600051,2023,I,信息传输、软件和信息技术服务业,211,27,14,3.332204510175204,127.96208530805686,32.25090402722495,0.321281170438126,0.051848689058708826,-0.4337992919909577,1.280224752722761,2.70805020110221,4,7,2,14,-0.8300014862529714,0.49455475269671506,-0.19959975954620532,0.7311029264806759
600052_2013,600052,2013,C,制造业,201,15,10,2.772588722239781,74.62686567164178,23.371674370445593,0.8962223438750372,0.9594451261313028,0.7482817452963558,0.4814904434372569,2.3978952727983707,1,3,2,9,-0.9532569854059796,0.5403163249974917,0.47996849848453627,1.337111606550116
600052_2014,600052,2014,C,制造业,190,15,13,2.772588722239781,78.94736842105263,20.18335891353903,0.9522992726613969,1.6129176608525233,0.4309314221545282,0.7241635519216489,2.6390573296152584,4,3,1,7,0.9106824587488211,0.6243169393585903,-0.2371796603547836,0.9638430829593041
600052_2015,600052,2015,C,制造业,309,31,23,3.4657359027997265,100.32362459546925,41.780936107996716,1.4716455544616012,1.8680587441969654,1.887655514927124,0.7927101084983948,3.1780538303479458,4,9,4,14,0.1022227827301504,1.9342141849935865,1.0162715962715516,1.2251253993854994
600052_2016,600052,2016,C,制造业,191,11,8,2.4849066497880004,57.59162303664921,21.271099486478917,-0.38177704086459574,-0.12062699696679047,-0.015740459352655556,-0.667634554489668,2.1972245773362196,5,2,3,1,0.8099136031682582,-0.3152511466793173,0.7890208521739589,-1.6088422205315533
600052_2017,600052,2017,C,制造业,191,19,14,2.995732273553991,99.47643979057591,24.582926678389985,0.0954492200628622,0.4444618988496999,-0.3682363599902619,0.4779950755402886,2.70805020110221,2,5,4,8,-1.157841670367027,0.5604540205056309,0.878420813661694,0.19934559246308367
600052_2018,600052,2018,C,制造业,143,14,8,2.70805020110221,97.9020979020979,15.00740777599708,-0.6665274879062328,-0.8999410260435159,-1.5590273415871836,0.3366039288955791,2.1972245773362196,3,1,1,9,-0.5751245167760771,-1.7472999173041568,-0.9196085131805531,0.2521141708258446
600052_2019,600052,2019,C,制造业,295,28,21,3.367295829986474,94.91525423728814,40.184955158964584,1.0085520826263839,1.47483696152709,1.4792473160982789,0.3096460351388874,3.091042453358316,8,10,0,10,1.2613726802468819,1.719173921920588,-2.0521762639594057,0.5241182620103154
600052_2020,600052,2020,C,制造业,247,21,14,3.091042453358316,85.02024291497976,35.466864218107496,0.1773934081179264,0.293102881756654,0.5746963724066934,-0.21868159683673827,2.70805020110221,7,1,7,6,0.6098675187307795,-1.8084707079525304,1.7580768470501378,-0.15442467481602185
600052_2021,600052,2021,C,制造业,235,22,14,3.1354942159291497,93.61702127659574,30.593128371937205,0.7144696739568335,0.6802778408409385,0.6308994248649573,0.5175282264142778,2.70805020110221,5,7,2,8,0.3626019450566963,1.377330724551271,0.03271875207486963,0.5188624583024274
600052_2022,600052,2022,C,制造业,231,18,13,2.9444389791664403,77.92207792207792,33.42726148978442,-0.3700263499175173,-0.12915433761670014,0.09685336541839804,-0.747896411456922,2.6390573296152584,6,5,4,3,0.3891753770806745,0.2765648014289465,0.6334608569505534,-1.265772812606464
600052_2023,600052,2023,C,制造业,316,27,18,3.332204510175204,85.44303797468355,45.468289441398525,0.5646003999173953,0.7313702735814691,1.444749891413953,-0.3202315223469799,2.9444389791664403,6,4,7,10,0.28119178883804746,-0.03439893191880881,1.5870207835511263,0.3785052136209315
600053_2013,600053,2013,F,批发和零售业,122,2,1,1.0986122886681098,16.393442622950822,4.0030016707099305,-3.0125179259776576,-3.2615141762749604,-1.5090765592896818,-2.1125878803562728,0.6931471805599453,0,1,1,0,-2.647129700089515,-1.1362124541121421,-0.020898897110571274,-2.281606691335168
600053_2014,600053,2014,F,批发和零售业,203,12,9,2.5649493574615367,59.11330049261083,17.0942163220851,-0.26767952444731,0.0291252120225483,-0.6025974377836026,-0.5500122690339329,2.302585092994046,4,3,0,5,0.29737154209280353,-0.1858158444459469,-1.8268634776270243,0.15478380631677635
600053_2015,600053,2015,F,批发和零售业,89,1,0,0.6931471805599453,11.235955056179774,2.3443545058703408,-3.695980044170116,-4.694542129300321,-1.7191751592836098,-2.188411741288847,0.0,1,0,0,0,-1.2265605456344908,-1.9960532903228883,-1.7852035833231066,-2.1663071076157494
600053_2016,600053,2016,F,批发和零售业,235,27,14,3.332204510175204,114.8936170212766,32.44016185473009,0.8466872617786438,0.45781984675796605,0.3968061467482944,1.238742580799583,2.70805020110221,7,3,2,15,1.0547331162757811,-0.6354510831434294,0.3612163684401957,1.0794100289284616
600053_2017,600053,2017,F,批发和零售业,247,19,12,2.995732273553991,76.92307692307693,32.28678469485555,-0.2653252288627052,-0.1408403428912337,0.002643291281198675,-0.712511876028342,2.5649493574615367,3,5,2,9,-0.8952913217697326,0.3810514059127319,-0.5161135203849447,0.09996480466680331
600053_2018,600053,2018,F,批发和零售业,140,6,5,1.9459101490553132,42.857142857142854,9.712305747529133,-1.8065214448241087,-1.2017788050419824,-1.3089179373890745,-1.8010969618794037,1.791759469228055,3,2,0,1,0.03499540927839847,-0.5294626346213674,-1.398375829682106,-2.078380474079185
600053_2019,600053,2019,F,批发和零售业,189,14,10,2.70805020110221,74.07407407407408,20.951349797778583,-0.15688191115792854,0.1050978187505843,-0.20189789693679852,-0.21615711604587673,2.3978952727983707,2,5,2,5,-0.9664413600553151,0.87993410340796,0.49047420145780857,-0.1781555984365158
600053_2020,600053,2020,F,批发和零售业,203,15,7,2.772588722239781,73.89162561576356,24.13351484777353,0.012373068395046509,-0.6884074100541806,0.07729951563261997,-0.2134126896561466,2.0794415416798357,6,1,3,5,0.6968287132380073,-1.1104652862024105,0.53034031261384,-0.20539057968094598
600053_2021,600053,2021,F,批发和零售业,147,5,5,1.791759469228055,34.013605442176875,8.754002456710003,-2.22034454039067,-1.4679989149011987,-1.808237728859056,-1.8243003788377665,1.791759469228055,1,1,1,2,-1.6332007866505451,-1.6592372683037417,-0.7128904990153985,-1.0583065875659612
600053_2022,600053,2022,F,批发和零售业,166,9,6,2.302585092994046,54.21686746987952,11.795326099415337,-1.3491692241150037,-1.2927834878831492,-1.6564434429228865,-1.2331770397650856,1.9459101490553132,3,1,2,3,-0.4246316207484572,-1.4087849953978842,-0.2316827355881333,-0.9198676818187724
600053_2023,600053,2023,F,批发和零售业,141,6,6,1.9459101490553132,42.5531914893617,10.74268595004979,-1.976138044321362,-1.1854339633826063,-1.777691739328748,-1.5074520445067339,1.9459101490553132,3,2,1,0,-0.4363178275067114,-1.131930106546403,-0.8807722597100558,-2.507872025060918
600054_2013,600054,2013,F,批发和零售业,153,5,3,1.791759469228055,32.67973856209151,10.252670320236803,-1.4603417318588505,-1.6321271517049802,-0.826175455438234,-1.4327976179527002,1.3862943611198906,3,0,1,1,0.18681005035777726,-2.5432492234536634,-0.020898897110571274,-1.2366455760485033
600054_2014,600054,2014,F,批发和零售业,157,13,7,2.6390573296152584,82.80254777070063,21.32123627279851,-0.10172829013874278,-0.49542024863145423,-0.14071109592725273,0.43877730494242345,2.0794415416798357,4,4,1,4,0.29737154209280353,0.26714882214463803,-0.4716655255622725,-0.12007691976207009
600054_2015,600054,2015,F,批发和零售业,162,4,4,1.6094379124341003,24.691358024691358,6.951479619384459,-1.644114724949125,-0.9112226195063593,-1.215754737812353,-1.6267829983941677,1.6094379124341003,0,0,1,3,-2.643530420858137,-1.9960532903228883,-0.4300056312583549,-0.07638487704242025
600054_2016,600054,2016,F,批发和零售业,177,12,8,2.5649493574615367,67.79661016949153,17.669405252406676,-0.8714401666487309,-0.7429823299309558,-1.217193979356207,-0.7270872657067611,2.1972245773362196,0,4,2,6,-3.196176509395157,-0.18248641655284437,0.3612163684401957,-0.16685770185937546
600054_2017,600054,2017,F,批发和零售业,180,24,12,3.2188758248682006,133.33333333333334,26.494408664806826,0.23436389623947904,-0.1408403428912337,-0.6302894619044277,1.6420531613919676,2.5649493574615367,4,2,3,15,-0.4391289093262008,-1.0259853634287892,0.046344448667820067,0.8085235788778581
600054_2018,600054,2018,F,批发和零售业,157,14,8,2.70805020110221,89.17197452229298,16.506854865915802,-0.09984834775399076,-0.24864849650692236,-0.5664777612254299,0.1320848793742384,2.1972245773362196,2,3,1,8,-0.5531002242878786,0.054510387519520746,-0.04317787761735419,0.18910677551639138
600054_2019,600054,2019,F,批发和零售业,154,13,7,2.6390573296152584,84.41558441558442,14.662150075959179,-0.31137881410923934,-0.6434940993342121,-0.8891185598591171,0.21549769699293778,2.0794415416798357,1,4,2,6,-1.7953156017126841,0.5098350227979119,0.49047420145780857,0.0542358341945206
600054_2020,600054,2020,F,批发和零售业,171,12,7,2.5649493574615367,70.17543859649122,18.184791682945537,-0.45259726980987003,-0.6884074100541806,-0.5727172842300823,-0.3685263974269012,2.0794415416798357,2,3,2,5,-1.0352645234974296,0.29657148313911086,-0.03211765643892485,-0.20539057968094598
600054_2021,600054,2021,F,批发和零售业,179,6,5,1.9459101490553132,33.5195530726257,9.541184414927617,-1.8751523182397958,-1.4679989149011987,-1.7222223801510168,-1.8449221329304915,1.791759469228055,2,2,1,1,-0.8043265449931762,-0.8361735211031086,-0.7128904990153985,-1.669569654720417
600054_2022,600054,2022,F,批发和零售业,146,8,6,2.1972245773362196,54.794520547945204,9.434990489364079,-1.5851048071928269,-1.2927834878831492,-1.9143572434706821,-1.2090657907134965,1.9459101490553132,1,0,3,4,-1.8416014959721032,-2.8158217647394053,0.3307752334646315,-0.5834653407431631
600054_2023,600054,2023,F,批发和零售业,165,11,9,2.4849066497880004,66.66666666666667,14.62632883794596,-0.7691540723534285,-0.3469951123819915,-1.353326198715663,-0.5009551909866401,2.302585092994046,2,2,1,6,-1.0244134610729885,-1.131930106546403,-0.8807722597100558,0.4257047052979033
600055_2013,600055,2013,C,制造业,108,2,1,1.0986122886681098,18.51851851851852,4.097705576007172,-2.8523413704098,-3.0479208410934535,-1.3577842405086347,-1.8604728965869386,0.6931471805599453,0,1,1,0,-2.3702268606296255,-0.8667204443440296,-0.31277148452745074,-2.1341740803854874
600055_2014,600055,2014,C,制造业,117,1,1,0.6931471805599453,8.547008547008549,1.7481776501657613,-3.7042293096950245,-2.9613500225108043,-1.5834802755619912,-2.214348635927461,0.6931471805599453,0,0,1,0,-2.379419704142003,-2.1897565993244523,-0.2371796603547836,-2.1710402629006893
600055_2015,600055,2015,C,制造业,158,10,4,2.3978952727983707,63.29113924050633,9.557380176876604,-0.91958801250173,-1.8193001528240536,-1.6334114646873403,-0.7530264439368043,1.6094379124341003,0,2,1,7,-3.1878793801606737,-0.5097602730794085,-0.7752026506966606,0.2774599911554339
600055_2016,600055,2016,C,制造业,185,9,7,2.302585092994046,48.64864864864865,16.959272164716666,-0.7900527838339954,-0.39750058946693023,-0.48689370007225574,-1.0409144536518156,2.0794415416798357,2,6,0,1,-0.6070562720553876,1.4046999367054778,-1.9213750519555446,-1.6088422205315533
600055_2017,600055,2017,C,制造业,189,15,7,2.772588722239781,79.36507936507937,25.62415167468008,-0.40423990503932206,-1.0332138703393619,-0.25446173621431906,-0.3614534419144711,2.0794415416798357,6,5,1,3,0.5742515663684101,0.5604540205056309,-0.9130534333065182,-1.0231805418458282
600055_2018,600055,2018,C,制造业,169,12,6,2.5649493574615367,71.00591715976331,19.240918340427662,-0.9869756251661109,-1.4907080088902678,-1.0964317705667461,-0.7860431010251027,1.9459101490553132,4,4,1,3,-0.11896210433254525,0.11270151862794953,-0.9196085131805531,-1.1292492855364298
600055_2019,600055,2019,C,制造业,120,8,4,2.1972245773362196,66.66666666666667,10.750046074931806,-1.611608245111444,-2.007983545043665,-1.7371043070833336,-0.8694504782071844,1.6094379124341003,2,2,1,3,-0.9844714366341331,-0.9182730499825906,-0.6969783118946538,-1.0009310298855372
600055_2020,600055,2020,C,制造业,115,8,4,2.1972245773362196,69.56521739130434,10.983567728122482,-1.824148065250803,-2.289414451348386,-2.100592692750192,-0.8637746183226025,1.6094379124341003,1,2,1,4,-2.2240722317165127,-0.9854069607518972,-0.9523190570793655,-0.6616768335259047
600055_2021,600055,2021,C,制造业,226,18,10,2.9444389791664403,79.64601769911505,24.84587167074775,0.28663645385306463,-0.048806010263326725,0.0028968593758199775,-0.0656216944435375,2.3978952727983707,3,3,3,9,-0.46627229660067243,-0.029706044790250193,0.5951767211276344,0.67769978035579
600055_2022,600055,2022,C,制造业,189,14,9,2.70805020110221,74.07407407407408,21.928498756917598,-0.8993757350967596,-0.9201025111860655,-1.1596160897734566,-0.9085121558434573,2.302585092994046,1,5,3,5,-2.171792101312131,0.2765648014289465,0.19718456204709292,-0.6545097454520082
600055_2023,600055,2023,C,制造业,171,6,6,1.9459101490553132,35.08771929824561,10.470003612749299,-2.5397519883202193,-1.6158800147740007,-2.3795117399770813,-2.4220633584125477,1.9459101490553132,3,1,2,0,-0.8628058143311124,-1.8944003678509151,-0.33063513756638996,-3.23646630884825
600056_2013,600056,2013,I,信息传输、软件和信息技术服务业,206,16,11,2.833213344056216,77.66990291262135,19.69437818273739,0.06799602624982472,0.18459602170658904,-0.42601731437182483,-0.27554702217379506,2.4849066497880004,2,6,1,7,-1.1007405983091918,1.0337081439935227,-0.460291855543244,0.5453385317875377
600056_2014,600056,2014,I,信息传输、软件和信息技术服务业,213,21,14,3.091042453358316,98.59154929577464,29.799306243418116,0.8779290066149832,0.9654720284035346,0.9314321171809236,0.9358584605194238,2.70805020110221,5,4,3,9,0.7755772510528869,0.576178306961398,0.7004800841832584,0.6548865666132804
600056_2015,600056,2015,I,信息传输、软件和信息技术服务业,214,25,18,3.258096538021482,116.82242990654206,30.68190598931958,0.13914433241931456,0.4120621848852108,-0.35973717529572125,0.6426333077080467,2.9444389791664403,5,2,4,14,-0.3076655291243183,-1.0735798084485424,0.5914090378840673,0.4988592568982083
600056_2016,600056,2016,I,信息传输、软件和信息技术服务业,258,21,16,3.091042453358316,81.39534883720931,26.59855388475974,0.49848936056268156,0.9047933289027051,0.1581159785113911,0.05942049153525532,2.833213344056216,4,2,1,14,0.03226314757730072,-0.7789670715785805,-0.9786067904952432,1.0668614603173856
600056_2017,600056,2017,I,信息传输、软件和信息技术服务业,243,22,9,3.1354942159291497,90.53497942386832,35.60315416225244,0.43256246539896104,-0.6094553119390377,0.7486967041234948,0.27302344679949136,2.302585092994046,5,5,2,10,-0.10329136054235981,0.6689641275521773,0.10893702880359603,0.6937954890018125
600056_2018,600056,2018,I,信息传输、软件和信息技术服务业,212,13,8,2.6390573296152584,61.320754716981135,26.035558000613847,-1.100957232612798,-1.1800461971293636,-0.831620873934242,-1.1829437009259944,2.1972245773362196,5,6,2,0,-0.18595456004805783,0.4466393084578516,-0.3106192644007993,-3.2000616662941925
600056_2019,600056,2019,I,信息传输、软件和信息技术服务业,260,23,16,3.1780538303479458,88.46153846153847,32.77191386372562,0.08646054736567352,0.3670780710700413,-0.007576254026010845,-0.32242135836487024,2.833213344056216,6,5,5,7,0.43440432102168974,0.12361720055560908,0.9136436884324934,-0.2959914622721367
600056_2020,600056,2020,I,信息传输、软件和信息技术服务业,321,29,22,3.4011973816621555,90.34267912772586,44.012254157145016,0.9531645741249214,1.1751767310366268,1.5381190391419453,0.20755583991330526,3.1354942159291497,11,7,2,9,1.5152426106327592,0.8266687458264025,-0.35184262267482924,0.791680428963456
600056_2021,600056,2021,I,信息传输、软件和信息技术服务业,207,14,10,2.70805020110221,67.6328502415459,21.258009327085343,-1.236325385151097,-1.107261495098751,-1.7936166982765607,-1.3223186416986414,2.3978952727983707,4,3,3,4,-0.5641729884315475,-0.6950314290741048,-0.38590784676458045,-1.09962871793286
600056_2022,600056,2022,I,信息传输、软件和信息技术服务业,295,28,19,3.367295829986474,94.91525423728814,41.63297440388884,0.34073186619181944,0.5122366765884234,0.47035665070415866,-0.18567596507194353,2.995732273553991,7,6,3,12,0.38255931936053944,0.3916000880884625,0.08013834710690451,0.36717240135839907
600056_2023,600056,2023,I,信息传输、软件和信息技术服务业,277,25,17,3.258096538021482,90.25270758122744,41.8526510298011,0.1553299361295587,0.4804335369397664,0.6153833118672458,-0.29376529853191113,2.8903717578961645,8,8,3,6,0.3715845846182345,0.7336454777564604,0.36285820950655945,-0.4178690972505617
600057_2013,600057,2013,C,制造业,144,8,5,2.1972245773362196,55.55555555555555,8.559496909086977,-0.3922003082194082,-0.4654035079884138,-0.8702444368190918,-0.3145463568665336,1.791759469228055,3,0,1,4,0.4637128898176665,-2.273757213685551,-0.31277148452745074,0.292150491263451
600057_2014,600057,2014,C,制造业,136,8,6,2.1972245773362196,58.8235294117647,9.341760977588752,-0.3361233794330485,-0.016469363717456487,-0.7537296556026932,-0.1158058218273638,1.9459101490553132,3,1,0,4,0.45452004630528925,-0.782719829982931,-1.5923776124195355,0.25528430874824903
600057_2015,600057,2015,C,制造业,185,8,7,2.1972245773362196,43.24324324324324,14.811200226884687,-1.3689532917516518,-0.7144585889080751,-1.0593267071123922,-1.5898259551053386,2.0794415416798357,4,2,1,1,0.1022227827301504,-0.5097602730794085,-0.7752026506966606,-1.8124622394178949
600057_2016,600057,2016,C,制造业,149,20,10,3.044522437723423,134.2281879194631,17.922649404154665,0.8713800493578624,0.3510913286178661,-0.381625498327292,2.531176933774695,2.3978952727983707,2,4,2,12,-0.6070562720553876,0.7216865420521558,0.2265628831211941,1.2130122791015687
600057_2017,600057,2017,C,制造业,122,4,3,1.6094379124341003,32.786885245901644,7.504178997080981,-3.0089031681747525,-2.6626008949093416,-2.2344306013200357,-2.305628036363786,1.3862943611198906,2,1,0,1,-1.157841670367027,-1.6696464960365234,-2.26825138537127,-2.0681416571324927
600057_2018,600057,2018,C,制造业,177,11,9,2.4849066497880004,62.14689265536723,14.620090029976271,-1.166216613008417,-0.6522691578896531,-1.6013495399518745,-1.155818930654344,2.302585092994046,2,3,0,6,-1.1632201503423543,-0.34026314796263546,-2.274806465245305,-0.28559478575093766
600057_2019,600057,2019,C,制造业,128,12,6,2.5649493574615367,93.75,11.406127514571448,-0.788155931221915,-1.217035371474299,-1.6654143080655013,0.2610083039633618,1.9459101490553132,0,5,0,7,-3.230315553515148,0.48876371935893054,-2.0521762639594057,0.04403008540112724
600057_2020,600057,2020,C,制造业,109,6,4,1.9459101490553132,55.04587155963303,5.910118703631131,-2.386920711171514,-2.289414451348386,-2.6549683138355573,-1.4698123539577097,1.6094379124341003,1,1,0,4,-2.2240722317165127,-1.8084707079525304,-2.3075170091441173,-0.6616768335259047
600057_2021,600057,2021,C,制造业,146,8,6,2.1972245773362196,54.794520547945204,15.332739188161643,-1.3866133824755846,-1.1112913186947353,-1.0366028385697557,-1.1029235973835843,1.9459101490553132,2,3,2,1,-1.0543679301669495,-0.029706044790250193,0.03271875207486963,-1.7486247912931487
600057_2022,600057,2022,C,制造业,195,12,9,2.5649493574615367,61.53846153846154,17.198616750428716,-1.2198238723566377,-0.9201025111860655,-1.676450153218226,-1.4317488308257484,2.302585092994046,6,1,2,3,0.3891753770806745,-1.9535357151132078,-0.36527340700567185,-1.265772812606464
600057_2023,600057,2023,C,制造业,214,14,10,2.70805020110221,65.42056074766354,21.125114423340882,-0.8330788912501014,-0.5533947063425922,-1.2152281047537417,-1.1559700536243165,2.3978952727983707,5,3,3,3,-0.033931572673743644,-0.4873635985093938,0.2318228314863748,-1.146544078274921
600058_2013,600058,2013,G,交通运输、仓储和邮政业,201,19,10,2.995732273553991,94.5273631840796,33.4452703595567,1.21049870161672,0.8706078158104215,1.7707022015057217,1.120542668063478,2.3978952727983707,5,7,0,7,1.0398123494466103,2.1236216235171312,-1.676863102071945,0.6357024479206791
600058_2014,600058,2014,G,交通运输、仓储和邮政业,158,12,10,2.5649493574615367,75.9493670886076,16.472537475880248,0.14615844895388716,0.7943485398984219,-0.1976261856051873,0.2911879696249183,2.3978952727983707,1,2,4,5,-0.9901254453907443,-0.2957667955923122,1.4534883274476422,0.11598558428671484
600058_2015,600058,2015,G,交通运输、仓储和邮政业,260,19,13,2.995732273553991,73.07692307692308,31.16745408097051,1.3063204951341951,1.3175210522654954,1.5535305581895833,0.42070356805374315,2.6390573296152584,4,5,6,4,0.789191128575548,1.4786536515191495,2.0725134511453422,0.24203280371279412
600058_2016,600058,2016,G,交通运输、仓储和邮政业,214,12,8,2.5649493574615367,56.074766355140184,23.67038693997588,0.18959147559515013,0.2850378052720898,0.7025000216497242,-0.5856086787505427,2.1972245773362196,3,7,2,0,0.2479524535245244,1.8970965764642307,0.5786452327556789,-2.2745281167417026
600058_2017,600058,2017,G,交通运输、仓储和邮政业,201,24,13,3.2188758248682006,119.40298507462687,26.003406553980277,2.105831820435935,1.5354768526528204,1.1983890473177896,2.4651779598773973,2.6390573296152584,6,3,2,13,1.7105994210802822,0.6858494319576681,0.38470615722563967,2.0528695584311607
600058_2018,600058,2018,G,交通运输、仓储和邮政业,230,17,13,2.8903717578961645,73.91304347826087,26.35024885898628,-0.7563706407322264,-0.2847525389972182,-1.1680376024185883,-1.1780661614622487,2.6390573296152584,4,3,5,5,-0.45656343172236624,-0.7139368344859972,0.884331848414163,-0.9235361152250681
600058_2019,600058,2019,G,交通运输、仓储和邮政业,226,24,19,3.2188758248682006,106.19469026548673,33.542267206993856,1.9381647286135815,2.3631904453284047,1.8560471978772928,1.7680928153100215,2.995732273553991,11,3,3,7,2.744234936583475,0.5602289218783933,1.1048590100609665,0.8614790694211388
600058_2020,600058,2020,G,交通运输、仓储和邮政业,236,24,13,3.2188758248682006,101.6949152542373,31.75222031289577,0.5436062866109223,0.10718815649013926,0.3296403795684941,0.5640002558158268,2.6390573296152584,5,3,3,13,0.09904056872037738,-0.451012242392809,0.43448226251906397,0.9447695037519762
600058_2021,600058,2021,G,交通运输、仓储和邮政业,247,28,18,3.367295829986474,113.36032388663968,31.98108236544767,1.1073440540882091,1.1391979556979235,0.719091636808646,1.1338418455462704,2.9444389791664403,7,3,3,15,1.1572477574581155,0.15508177379101085,0.7277065370150271,1.0423540514925413
600058_2022,600058,2022,G,交通运输、仓储和邮政业,223,23,15,3.1780538303479458,103.13901345291481,33.61165866496772,0.8340400727484498,0.7787751347793588,0.9547578174244492,0.8367169600472278,2.772588722239781,4,7,3,9,0.11573157267265156,1.2760830397885374,0.49380449077070265,0.7366097612048457
600058_2023,600058,2023,G,交通运输、仓储和邮政业,285,24,19,3.2188758248682006,84.21052631578947,38.325388129782475,0.13998460884039945,0.6273961538445149,0.61511183415137,-0.6052166335021933,2.995732273553991,6,8,2,8,0.3442763701165778,1.1081991001077014,-0.4112016402342827,-0.20419302575283946
600059_2013,600059,2013,C,制造业,157,15,9,2.772588722239781,95.54140127388536,18.221913992867975,0.8962223438750372,0.735398668700509,0.18556758497292172,1.354463506080019,2.302585092994046,4,3,1,7,0.9198753022611983,0.5403163249974917,-0.31277148452745074,1.000709265474506
600059_2014,600059,2014,C,制造业,201,13,10,2.6390573296152584,64.67661691542288,18.83702753977349,0.6532801687650476,1.0460159447139519,0.28381783376229763,0.12850214757533415,2.3978952727983707,0,7,2,4,-2.379419704142003,2.0313537087001112,0.5555603226572033,0.25528430874824903
600059_2015,600059,2015,C,制造业,163,13,7,2.6390573296152584,79.75460122699386,21.288338596458285,-0.37954974355355564,-0.7144585889080751,-0.35156999384804405,-0.06584126778089901,2.0794415416798357,3,0,3,7,-0.35393962971338144,-2.739860789621563,0.5799953013680912,0.2774599911554339
600059_2016,600059,2016,C,制造业,257,25,15,3.258096538021482,97.27626459143968,32.5935977366724,1.349640141096518,1.23188643510305,1.2214685811616082,0.9888030416790616,2.772588722239781,4,5,5,11,0.4372017739544214,1.0917856226622038,1.5817608351859456,1.092343077196232
600059_2017,600059,2017,C,制造业,234,32,18,3.4965075614664802,136.75213675213678,34.30555754633943,1.2168437843065458,1.000143027669496,0.6941552201722292,2.0338832844654986,2.9444389791664403,5,5,1,21,0.259128204856619,0.5604540205056309,-0.9130534333065182,1.5468298653366892
600059_2018,600059,2018,C,制造业,224,22,10,3.1354942159291497,98.21428571428571,34.422832250195256,0.29065511737677835,-0.4282227004588593,0.5624955020563911,0.34963465335001515,2.3978952727983707,2,6,7,7,-1.1632201503423543,0.7957149132812715,1.7907873909489502,-0.08428817024976536
600059_2019,600059,2019,C,制造业,266,22,15,3.1354942159291497,82.70676691729322,37.06680143657211,0.4894748113209743,0.7262450434422936,1.1385267533910828,-0.19993642792225758,2.772588722239781,5,5,7,5,0.43249843858951276,0.48876371935893054,2.0134175922348496,-0.38966796273108145
600059_2020,600059,2020,C,制造业,225,20,11,3.044522437723423,88.88888888888889,21.64124319913096,0.07322035101887782,-0.23144257889734748,-0.9360288171608558,-0.0572042497728258,2.4849066497880004,5,3,2,10,0.021771885164502274,-0.40143393861100896,-0.15957907406737853,0.5269701172943386
600059_2021,600059,2021,C,制造业,203,14,11,2.70805020110221,68.9655172413793,20.83101332656036,-0.2427129313261776,0.155732380186937,-0.43580659016791357,-0.5114259605514975,2.4849066497880004,5,4,2,3,0.3626019450566963,0.42325862180033474,0.03271875207486963,-0.7036636760064844
600059_2022,600059,2022,C,制造业,312,31,23,3.4657359027997265,99.35897435897435,47.616478741552015,0.7973226599670864,1.1378693612649726,1.647308704319231,0.14688000108104965,3.1780538303479458,7,10,6,8,0.6621476491351606,1.506975003990604,1.2913102990089553,-0.04324667829755215
600059_2023,600059,2023,C,制造业,285,32,21,3.4965075614664802,112.28070175438597,39.87210732552097,0.9325269990408049,1.075992318227388,0.8332552412814492,0.7999730085836656,3.091042453358316,9,6,2,15,1.0103264733360664,0.6486144627345133,-0.33063513756638996,0.943378152298408
600060_2013,600060,2013,C,制造业,133,6,5,1.9459101490553132,45.11278195488722,11.076768515071318,-0.9549729541401192,-0.4654035079884138,-0.5951822447537969,-0.750427900020783,1.791759469228055,2,3,1,0,-0.12438274374861069,0.5403163249974917,-0.31277148452745074,-2.1341740803854874
600060_2014,600060,2014,C,制造业,179,8,6,2.1972245773362196,44.6927374301676,15.489934162289153,-0.3361233794330485,-0.016469363717456487,-0.08191895811561502,-0.7056253133210839,1.9459101490553132,5,2,1,0,1.2833942879626579,0.04034391721770217,-0.2371796603547836,-2.1710402629006893
600060_2015,600060,2015,C,制造业,138,13,7,2.6390573296152584,94.20289855072464,13.429456602351479,-0.37954974355355564,-0.7144585889080751,-1.2103097910723495,0.5372309019553225,2.0794415416798357,2,2,2,7,-0.9420352632796586,-0.5097602730794085,0.017537332315326445,0.2774599911554339
600060_2016,600060,2016,C,制造业,199,13,8,2.6390573296152584,65.32663316582915,20.249403889042423,-0.03658481871372232,-0.12062699696679047,-0.12738110630797322,-0.34477510350962143,2.1972245773362196,1,2,1,9,-1.4359305137127565,-0.3152511466793173,-0.5661770998907929,0.8174823511173858
600060_2017,600060,2017,C,制造业,236,34,20,3.5553480614894135,144.0677966101695,33.100345184081704,1.3486063102853203,1.2354100724190662,0.5624617018889008,2.339239048178198,3.044522437723423,5,4,4,21,0.259128204856619,0.19035493989558291,0.878420813661694,1.5468298653366892
600060_2018,600060,2018,C,制造业,219,16,11,2.833213344056216,73.0593607305936,25.413656255536775,-0.38624754690242463,-0.22368431000859557,-0.4219368857326806,-0.7003323323480538,2.4849066497880004,4,4,0,8,-0.11896210433254525,0.11270151862794953,-2.274806465245305,0.093276848772482
600060_2019,600060,2019,C,制造业,167,20,13,3.044522437723423,119.76047904191617,20.512041467628325,0.2857601711582371,0.412351653095681,-0.6704113664952142,1.3466861302303306,2.6390573296152584,3,5,1,11,-0.3963758030678559,0.48876371935893054,-0.6969783118946538,0.6552931525555833
600060_2020,600060,2020,C,制造业,211,16,8,2.833213344056216,75.82938388625593,27.39409169764744,-0.39996767309758796,-0.9076992949322679,-0.3074152361473311,-0.6023082050107316,2.1972245773362196,4,5,1,6,-0.35093994404933454,0.421629808589624,-0.9523190570793655,-0.15442467481602185
600060_2021,600060,2021,C,制造业,163,9,7,2.302585092994046,55.214723926380366,11.211099044924385,-1.1506777993977615,-0.7973979283481232,-1.4869743320581736,-1.0853843014039006,2.0794415416798357,2,1,1,5,-1.0543679301669495,-1.4367428141317715,-0.7600212309371174,-0.09240060885202861
600060_2022,600060,2022,C,制造业,335,31,23,3.4657359027997265,92.53731343283582,48.039179239853866,0.7973226599670864,1.1378693612649726,1.6934971749529089,-0.1378562390276138,3.1780538303479458,11,8,2,10,1.4910218907925297,1.09962854862958,-0.36527340700567185,0.25927647928938863
600060_2023,600060,2023,C,制造业,202,17,10,2.8903717578961645,84.15841584158416,27.918730495821865,-0.4248031482807018,-0.5533947063425922,-0.4728898824879225,-0.3738516714718857,2.3978952727983707,1,4,7,5,-2.279775689554758,-0.03439893191880881,1.5870207835511263,-0.5352810111204653
600061_2013,600061,2013,C,制造业,183,11,8,2.4849066497880004,60.10928961748633,15.297927496261277,0.2520110178278145,0.48772680054664636,-0.13393633085957732,-0.1244734216550084,2.1972245773362196,1,3,2,5,-0.9532569854059796,0.5403163249974917,0.47996849848453627,0.5670112173422974
600061_2014,600061,2014,C,制造业,152,12,8,2.5649493574615367,78.94736842105263,17.78752777528159,0.4873289344564804,0.5742976191292954,0.16913902631582414,0.7241635519216489,2.1972245773362196,4,0,2,6,0.9106824587488211,-2.1897565993244523,0.5555603226572033,0.7625364674581319
600061_2015,600061,2015,C,制造业,182,13,10,2.6390573296152584,71.42857142857143,18.999049319914032,-0.37954974355355564,0.03413332917672125,-0.6017205636875674,-0.41336988954977144,2.3978952727983707,4,3,1,5,0.1022227827301504,0.0742127490614796,-0.7752026506966606,-0.15623805697677473
600061_2016,600061,2016,C,制造业,202,17,11,2.8903717578961645,84.15841584158416,22.076162192720087,0.5261878272069881,0.5556297190681299,0.07222871814979481,0.4412638174651871,2.4849066497880004,5,3,1,8,0.8099136031682582,0.26872187546157084,-0.5661770998907929,0.6586450290640231
600061_2017,600061,2017,C,制造业,198,15,8,2.772588722239781,75.75757575757576,19.172146154274763,-0.40423990503932206,-0.756340277839222,-0.9594721838120464,-0.512030702276848,2.1972245773362196,3,3,2,7,-0.5697460368007496,-0.2626097266950021,-0.12031345029453121,0.021780573440836337
600061_2018,600061,2018,C,制造业,162,11,7,2.4849066497880004,67.90123456790123,15.993241925575939,-1.166216613008417,-1.1768146185436557,-1.4513052739519945,-0.9156326038616261,2.0794415416798357,4,0,2,5,-0.11896210433254525,-3.1543366866456783,-0.1268685301685661,-0.5179862183819741
600061_2019,600061,2019,C,制造业,211,22,13,3.1354942159291497,104.26540284360189,23.83277154446828,0.4894748113209743,0.412351653095681,-0.3075552916794102,0.6999213929213024,2.6390573296152584,3,3,4,12,-0.3963758030678559,-0.33430002784170243,1.0944959350735586,0.7759623544609202
600061_2020,600061,2020,C,制造业,231,18,11,2.9444389791664403,77.92207792207792,24.462286474428474,-0.15089822892215393,-0.23144257889734748,-0.6277735039996982,-0.5149591212744523,2.4849066497880004,4,1,3,10,-0.35093994404933454,-1.8084707079525304,0.40287889498538626,0.5269701172943386
600061_2021,600061,2021,C,制造业,174,16,5,2.833213344056216,91.95402298850574,23.67187948850696,0.03756700967763053,-1.4736546443830434,-0.125385230783616,0.4481146503094438,1.791759469228055,3,6,1,6,-0.46627229660067243,1.1062720164536568,-0.7600212309371174,0.1399908237790078
600061_2022,600061,2022,C,制造业,231,30,18,3.4339872044851463,129.87012987012986,35.36820056006254,0.7262272633467873,0.5887089261687898,0.3089397187807758,1.4204161377613083,2.9444389791664403,4,6,5,15,-0.2986598136449534,0.5894791154722205,0.9899245450590797,0.8241494179668652
600061_2023,600061,2023,C,制造业,239,21,12,3.091042453358316,87.86610878661087,31.017677325780724,0.02456213096922116,-0.16069923619483845,-0.13426805633461747,-0.21909250650091147,2.5649493574615367,7,2,3,9,0.5541640608925336,-1.071336620650282,0.2318228314863748,0.2348193780873533
600062_2013,600062,2013,C,制造业,222,15,11,2.772588722239781,67.56756756756756,23.05869946215565,0.8962223438750372,1.1639835165815666,0.7140829865565325,0.18683522358332766,2.4849066497880004,6,1,3,5,1.6077104929868262,-0.8667204443440296,1.042426467537301,0.5670112173422974
600062_2014,600062,2014,C,制造业,146,11,9,2.4849066497880004,75.34246575342465,14.618867722989162,0.30808794661417427,0.8219694872831581,-0.17710036152824984,0.5736948548327844,2.302585092994046,3,2,3,3,0.45452004630528925,0.04034391721770217,1.1180182917099681,-0.08111803232736023
600062_2015,600062,2015,C,制造业,251,22,13,3.1354942159291497,87.64940239043825,33.26211213535732,0.7321297646807663,0.6010350453152926,0.9568038777172005,0.26368786361747515,2.6390573296152584,3,5,4,10,-0.35393962971338144,0.8972764962621126,1.0162715962715516,0.7575481677646221
600062_2016,600062,2016,C,制造业,211,26,14,3.295836866004329,123.22274881516587,34.68154050606622,1.4341526952785728,1.0801751797221313,1.449618024269385,2.0718097231742294,2.70805020110221,6,5,2,13,1.1250369646800493,1.0917856226622038,0.2265628831211941,1.3247345098272678
600062_2017,600062,2017,C,制造业,185,16,12,2.833213344056216,86.48648648648648,24.730170262090365,-0.26848216498055244,0.10807351789318845,-0.3521470580635678,-0.06420579064776787,2.5649493574615367,4,4,2,6,-0.11358362435721782,0.19035493989558291,-0.12031345029453121,-0.17952604206033596
600062_2018,600062,2018,C,制造业,175,14,8,2.70805020110221,80.0,22.653695034121665,-0.6665274879062328,-0.8999410260435159,-0.7235177647180417,-0.41062993421962674,2.1972245773362196,4,3,2,5,-0.11896210433254525,-0.34026314796263546,-0.1268685301685661,-0.5179862183819741
600062_2019,600062,2019,C,制造业,149,11,7,2.4849066497880004,73.8255033557047,15.86820551038993,-0.9673969190642212,-0.9031419811276868,-1.1778431807471945,-0.5706405161672673,2.0794415416798357,2,4,1,4,-0.9844714366341331,0.11866463874888254,-0.6969783118946538,-0.6645286888099279
600062_2020,600062,2020,C,制造业,185,8,4,2.1972245773362196,43.24324324324324,16.672075897791647,-1.824148065250803,-2.289414451348386,-1.479009577519093,-1.9624542554822981,1.6094379124341003,2,2,3,1,-1.3951979900591436,-0.9854069607518972,0.40287889498538626,-2.0430402898881783
600062_2021,600062,2021,C,制造业,243,17,12,2.8903717578961645,69.95884773662551,25.569005453212817,0.16556281164322195,0.3438894598844271,0.0819136658612408,-0.46996432921799963,2.5649493574615367,4,5,1,7,-0.010109884157140599,0.7933577024103827,-0.7600212309371174,0.3412974392801801
600062_2022,600062,2022,C,制造业,215,13,10,2.6390573296152584,60.46511627906977,18.843810711093678,-1.0538726380480705,-0.6960560537552716,-1.496679859016646,-1.4765502797407226,2.3978952727983707,4,1,1,7,-0.2986598136449534,-1.9535357151132078,-1.1580133900176588,-0.22081169731979955
600062_2023,600062,2023,C,制造业,188,9,7,2.302585092994046,47.87234042553192,17.349952104263625,-1.7410437593216852,-1.3019866244273886,-1.6277399769009828,-1.888433060687111,2.0794415416798357,6,1,2,0,0.28119178883804746,-1.8944003678509151,-0.33063513756638996,-3.23646630884825
600063_2013,600063,2013,G,交通运输、仓储和邮政业,173,9,4,2.302585092994046,52.02312138728324,13.342363611792418,-0.3416774925020866,-0.9828256661903533,-0.42594180932679515,-0.6535850889342643,1.6094379124341003,2,2,0,5,-0.3771575257770355,0.13261183203472182,-1.676863102071945,0.20200439978847046
600063_2014,600063,2014,G,交通运输、仓储和邮政业,160,4,2,1.6094379124341003,25.0,8.599492869846966,-1.9935344759766267,-2.2598871187912746,-1.0579135310053056,-1.8354394570094497,1.0986122886681098,1,2,0,1,-0.9901254453907443,-0.2957667955923122,-1.6931838715853218,-1.5402385981544053
600063_2015,600063,2015,G,交通运输、仓储和邮政业,123,6,3,1.9459101490553132,48.78048780487805,6.52389954974148,-1.0445639279831456,-1.6273596065278524,-1.1392698982752074,-0.593430042852898,1.3862943611198906,0,1,2,3,-2.5009110343152763,-0.7514468650230048,0.41592974513071523,-0.09436953736281513
600063_2016,600063,2016,G,交通运输、仓储和邮政业,168,8,6,2.1972245773362196,47.61904761904761,15.16814067982012,-0.6338608382943788,-0.3057291775746621,-0.22654016941972843,-0.9385505189270306,1.9459101490553132,2,4,0,2,-0.3401431800417527,0.9430244737132945,-1.5692927023210599,-0.6183039343005822
600063_2017,600063,2017,G,交通运输、仓储和邮政业,150,6,4,1.9459101490553132,40.0,4.369861559165014,-0.7447417277835897,-0.8848583454865259,-1.1655077583628972,-0.849103953039603,1.6094379124341003,1,0,0,5,-0.8503680573125237,-2.1282241067253747,-1.763231777851099,0.7755170105134599
600063_2018,600063,2018,G,交通运输、仓储和邮政业,188,17,9,2.8903717578961645,90.42553191489363,23.34001596099756,-0.7563706407322264,-1.0757007125665834,-1.4969656599152146,-0.4888346204647932,2.302585092994046,4,2,2,9,-0.45656343172236624,-1.2979098566268854,-0.47086610365058856,-0.15343572601724945
600063_2019,600063,2019,G,交通运输、仓储和邮政业,181,13,9,2.6390573296152584,71.8232044198895,13.60147306143463,0.6397673745128635,0.7338034207584251,-0.3228827738273344,0.3334264264950306,2.302585092994046,3,1,2,7,0.4983908197024599,-0.846807847463128,0.5424010410082017,0.8614790694211388
600063_2020,600063,2020,G,交通运输、仓储和邮政业,126,4,3,1.6094379124341003,31.746031746031743,7.655068361678545,-3.0604352267288766,-2.8376925023032085,-2.303454683544668,-2.3556673010411133,1.3862943611198906,1,0,2,1,-2.1468035481606376,-3.2650857810758516,-0.1279757065337008,-1.9888072266068446
600063_2021,600063,2021,G,交通运输、仓储和邮政业,169,22,11,3.1354942159291497,130.17751479289942,21.95856580279941,0.5882667827827995,0.058971366224125826,-0.3760684441214151,1.8357916726756232,2.4849066497880004,2,4,2,14,-0.8478177513318075,0.6080464403815958,0.16524856796226234,0.9450583444359418
600063_2022,600063,2022,G,交通运输、仓储和邮政业,177,11,6,2.4849066497880004,62.14689265536723,16.772318349212895,-0.7181361213703578,-1.1645052801372338,-0.8852763883297595,-0.8742948413823189,1.9459101490553132,1,5,1,4,-1.7574007149945263,0.6921100176476492,-0.8613934612940491,-0.30835135408181935
600063_2023,600063,2023,G,交通运输、仓储和邮政业,164,16,9,2.833213344056216,97.5609756097561,20.894160873582145,-0.7236359013051995,-1.0019908707254646,-1.289597839640027,-0.04796865872236008,2.302585092994046,3,3,2,8,-0.799721233052582,-0.5379283942935651,-0.4112016402342827,-0.20419302575283946
600064_2013,600064,2013,B,采矿业,192,9,6,2.302585092994046,46.875,17.884774057839934,-0.0732347922405668,-0.25228605152084804,0.03866301405756584,-0.5567948964510749,1.9459101490553132,5,2,1,1,1.2830566355705266,-0.23030333096876945,0.09374299484212734,-0.814672522287921
600064_2014,600064,2014,B,采矿业,128,5,4,1.791759469228055,39.0625,9.387656883454845,-1.017036068992488,-1.0542711454556726,-0.6367367461556142,-0.3724523216159947,1.6094379124341003,2,2,0,1,-0.3920637557108513,-0.13297449394528824,-1.406880388857111,-0.696640743524443
600064_2015,600064,2015,B,采矿业,223,20,13,3.044522437723423,89.68609865470852,32.29260875896082,1.7752766105822704,1.9566416718737234,1.9250687282363432,1.2104833789155112,2.6390573296152584,6,6,2,6,1.982085427846161,1.4731410236639533,1.1123493031982399,0.8476114325319798
600064_2016,600064,2016,B,采矿业,165,12,7,2.5649493574615367,72.72727272727272,18.475607776276433,0.45417497730645096,0.15408375961978132,0.2811758580620493,0.5107920337363916,2.0794415416798357,4,0,2,6,0.8123288674289765,-1.349556386494664,-0.14910565402438425,0.6347193412123627
600064_2017,600064,2017,B,采矿业,138,10,5,2.3978952727983707,72.46376811594203,13.585404033382957,-0.01613890420240804,-0.6377421645829269,-0.38490612084378323,0.6511589692866879,1.791759469228055,3,2,1,4,0.021988870187124504,-0.44297473326730574,1.1050523368334354e-17,0.7802998876106004
600064_2018,600064,2018,B,采矿业,209,16,8,2.833213344056216,76.55502392344498,21.63809349498783,0.3425976221787555,0.011574716967871476,0.14704837979643073,-0.07613262418466607,2.1972245773362196,2,2,2,10,0.3384100520880957,-0.6019867503924615,0.07676067131974082,0.7928336385615271
600064_2019,600064,2019,B,采矿业,184,11,6,2.4849066497880004,59.78260869565218,21.288242860057892,-0.27226914570755345,-0.5330466671288571,0.08849178435719972,-0.3460660017005847,1.9459101490553132,4,1,2,4,0.26397850694717256,-1.150695915192884,0.30262699666386605,-0.22197238949107054
600064_2020,600064,2020,B,采矿业,139,10,5,2.3978952727983707,71.94244604316546,14.780155707440274,0.6242303115314075,-0.04935696724925993,0.2563530420213567,0.7857691799447454,1.791759469228055,3,2,1,4,0.8065008765395358,0.5705438907254727,1.1050523368334354e-17,0.5603295807163485
600064_2021,600064,2021,B,采矿业,206,19,12,2.995732273553991,92.23300970873787,31.892275828504864,-0.10089333129199567,-0.06884800064533432,0.15859901968617396,0.07501073948199853,2.5649493574615367,5,2,5,7,0.38390543076384337,-0.8008472216942425,0.6089342157176295,-0.18578745643539682
600064_2022,600064,2022,B,采矿业,187,16,9,2.833213344056216,85.56149732620321,26.785356897196397,0.09059628920163339,-0.38441105744343235,0.11892764062813996,0.4256158154035363,2.302585092994046,5,5,2,4,-0.11192436946599575,1.136884984196128,0.17050366616186813,-0.2685568101508534
600064_2023,600064,2023,B,采矿业,207,16,9,2.833213344056216,77.29468599033817,26.78108613348526,-0.3993536834133859,-0.5120677907152495,-0.04997157037945088,-0.7255822148263411,2.302585092994046,4,4,4,4,0.04429818798897071,0.15782321886934142,0.8706588889567245,-0.8929145456532623
600065_2013,600065,2013,G,交通运输、仓储和邮政业,156,4,4,1.6094379124341003,25.64102564102564,6.897190816017112,-1.8938536866208948,-0.9828256661903533,-1.1302056453113614,-1.754774202599044,1.6094379124341003,1,1,2,0,-1.2060317674344043,-0.6904519151659114,0.4710748330047936,-2.4991808979393144
600065_2014,600065,2014,G,交通运输、仓储和邮政业,194,12,8,2.5649493574615367,61.855670103092784,17.74282686264859,0.14615844895388716,0.3226302143137654,-0.058821702826639864,-0.29708317611757207,2.1972245773362196,2,3,1,6,-0.16125120373337543,0.28820622654857586,-0.33798591952056994,0.34837701691775125
600065_2015,600065,2015,G,交通运输、仓储和邮政业,152,7,4,2.0794415416798357,46.05263157894736,8.150256648081537,-0.7455448240867968,-1.1028141458738507,-0.9615579074487588,-0.7072908069305084,1.6094379124341003,0,0,2,5,-2.5009110343152763,-2.158483634364526,0.41592974513071523,0.5168935297916406
600065_2016,600065,2016,G,交通运输、仓储和邮政业,154,5,3,1.791759469228055,32.467532467532465,10.06477219607926,-1.5418257063659635,-1.62122281179803,-0.7841850889101655,-1.5709750124490143,1.3862943611198906,1,2,1,1,-1.1690174216991216,-0.09391321501817866,-0.21409475025630806,-1.2295670014550382
600065_2017,600065,2017,G,交通运输、仓储和邮政业,133,10,5,2.3978952727983707,75.18796992481202,14.799343098854825,0.2673961973870432,-0.4562734976054677,-0.025878626730189255,0.6196424947729562,1.791759469228055,1,3,1,5,-0.8503680573125237,0.6858494319576681,-0.40803382578634734,0.7755170105134599
600065_2018,600065,2018,G,交通运输、仓储和邮政业,165,17,9,2.8903717578961645,103.03030303030303,23.038363999873155,-0.7563706407322264,-1.0757007125665834,-1.5299271605615579,0.03728873478434639,2.302585092994046,0,5,3,9,-3.7466655946131904,0.10912691271463582,0.09159186540217626,-0.15343572601724945
600065_2019,600065,2019,G,交通运输、仓储和邮政业,116,8,6,2.1972245773362196,68.9655172413793,9.565416787859766,-0.3496361736852326,-0.1046354302421895,-0.7639025204725416,0.21414651630513412,1.9459101490553132,3,1,0,4,0.4983908197024599,-0.846807847463128,-1.605536894068537,0.15292029521008377
600065_2020,600065,2020,G,交通运输、仓储和邮政业,300,34,20,3.5553480614894135,113.33333333333333,45.377591944660495,1.2970742517311962,1.0603184650251993,1.818484324666727,1.0497880193144076,3.044522437723423,7,4,8,15,0.6871362022866546,0.001952424197775947,2.019962228543038,1.1460761192531488
600065_2021,600065,2021,G,交通运输、仓储和邮政业,188,14,11,2.70805020110221,74.46808510638297,18.96202154051048,-0.36891582250021154,0.058971366224125826,-0.7035007448101481,-0.48952084568136356,2.4849066497880004,0,3,4,7,-3.0936618682128225,0.15508177379101085,1.1639828319184875,-0.0026070637941234725
600065_2022,600065,2022,G,交通运输、仓储和邮政业,166,13,8,2.6390573296152584,78.3132530120482,20.346371074981715,-0.3729438992194843,-0.5737382972904818,-0.4947397553459331,-0.19951069217824163,2.1972245773362196,2,2,3,6,-0.9285264733371574,-0.7149267516938719,0.49380449077070265,0.19890080462806348
600065_2023,600065,2023,G,交通运输、仓储和邮政业,181,17,11,2.8903717578961645,93.92265193370166,22.085952839698244,-0.595640099339608,-0.5734060228444069,-1.1593707676362037,-0.19983234925681304,2.4849066497880004,3,4,2,8,-0.799721233052582,-0.08496372770298007,-0.4112016402342827,-0.20419302575283946
600066_2013,600066,2013,C,制造业,194,12,8,2.5649493574615367,61.855670103092784,17.807048506674075,0.43125200567012073,0.48772680054664636,0.1402352458747313,-0.051579471243990205,2.1972245773362196,3,3,1,5,0.4637128898176665,0.5403163249974917,-0.31277148452745074,0.5670112173422974
600066_2014,600066,2014,C,制造业,153,14,8,2.70805020110221,91.5032679738562,16.709605673280432,0.8077770717163585,0.5742976191292954,0.051354510911445064,1.2482470073376992,2.1972245773362196,4,3,0,7,0.9106824587488211,0.6243169393585903,-1.5923776124195355,0.9638430829593041
600066_2015,600066,2015,C,制造业,209,21,12,3.091042453358316,100.47846889952153,30.82738404328833,0.6325881816170776,0.4268287993244751,0.690761212914817,0.7991733123156864,2.5649493574615367,6,7,2,6,0.7900579734557783,1.4812495184030008,0.017537332315326445,0.07615337565426167
600066_2016,600066,2016,C,制造业,241,15,11,2.772588722239781,62.24066390041494,29.1179143246912,0.26243428518262696,0.5556297190681299,0.8416807601129167,-0.47358351179008495,2.4849066497880004,9,3,2,1,1.8541716491780682,0.26872187546157084,0.2265628831211941,-1.6088422205315533
600066_2017,600066,2017,C,制造业,181,10,6,2.3978952727983707,55.248618784530386,20.23650951432814,-1.2432972778838456,-1.347107260685974,-0.8431692317292165,-1.3680749062154454,1.9459101490553132,3,5,1,1,-0.5697460368007496,0.5604540205056309,-0.9130534333065182,-2.0681416571324927
600066_2018,600066,2018,C,制造业,224,18,11,2.9444389791664403,80.35714285714286,24.05208129406629,-0.1371781027269906,-0.22368431000859557,-0.5707161404912634,-0.3957227854437512,2.4849066497880004,3,5,0,10,-0.5751245167760771,0.4828005992379975,-2.274806465245305,0.3958000063594228
600066_2019,600066,2019,C,制造业,233,20,17,3.044522437723423,85.83690987124463,30.81645368321372,0.2857601711582371,1.0031186359424322,0.45555144388455415,-0.06928420915018536,2.8903717578961645,3,8,3,6,-0.3963758030678559,1.311827466559564,0.658219640170098,-0.15727653010004503
600066_2020,600066,2020,C,制造业,209,21,12,3.091042453358316,100.47846889952153,30.972112198129917,0.1773934081179264,-0.043285499199857407,0.08355495545915868,0.4265450119387269,2.5649493574615367,5,3,1,12,0.021771885164502274,-0.40143393861100896,-0.9523190570793655,0.7788142097449433
600066_2021,600066,2021,C,制造业,198,12,9,2.5649493574615367,60.60606060606061,16.91476722715762,-0.5631610685860557,-0.2728524676941206,-0.8637346827138317,-0.8603498190463846,2.302585092994046,6,1,0,5,0.6777253065684874,-1.4367428141317715,-2.115219183001869,-0.09240060885202861
600066_2022,600066,2022,C,制造业,200,20,12,3.044522437723423,100.0,22.502995315767116,-0.14590776997648558,-0.3033605836075177,-1.096840868206007,0.17363642196082624,2.5649493574615367,2,2,4,12,-1.3429178596547624,-1.1304719679125745,0.6334608569505534,0.5111205717399934
600066_2023,600066,2023,C,制造业,199,14,11,2.70805020110221,70.35175879396985,20.884253844127578,-0.8330788912501014,-0.34885631589232846,-1.2415469329417794,-0.9501417654494535,2.4849066497880004,7,1,2,4,0.5541640608925336,-1.8944003678509151,-0.33063513756638996,-0.8101417371993118
600067_2013,600067,2013,C,制造业,189,16,11,2.833213344056216,84.65608465608466,23.889833286803146,1.031980083933807,1.1639835165815666,0.8049009543767973,0.9001102100566422,2.4849066497880004,3,7,1,5,0.4637128898176665,1.947353094339013,-0.31277148452745074,0.5670112173422974
600067_2014,600067,2014,C,制造业,201,13,6,2.6390573296152584,64.67661691542288,21.52067420212923,0.6532801687650476,-0.016469363717456487,0.5770598231930057,0.12850214757533415,1.9459101490553132,4,3,2,4,0.9106824587488211,0.6243169393585903,0.5555603226572033,0.25528430874824903
600067_2015,600067,2015,C,制造业,222,25,15,3.258096538021482,112.61261261261261,32.819610929711025,1.0066752162566845,0.9149284356619053,0.9084517843923284,1.3056526719926094,2.772588722239781,6,2,4,13,0.7900579734557783,-0.5097602730794085,1.0162715962715516,1.121114490940926
600067_2016,600067,2016,C,制造业,283,22,17,3.1354942159291497,77.73851590106007,34.52993336506731,1.0750946895205997,1.508760027603189,1.4330519165689781,0.17329708755423487,2.8903717578961645,5,4,5,8,0.8099136031682582,0.7216865420521558,1.5817608351859456,0.6586450290640231
600067_2017,600067,2017,C,制造业,194,18,11,2.9444389791664403,92.78350515463917,24.187853659826366,-0.019412720805118324,-0.08008356180430164,-0.41140597675057494,0.1986318729179583,2.4849066497880004,4,5,3,6,-0.11358362435721782,0.5604540205056309,0.4421445187582336,-0.17952604206033596
600067_2018,600067,2018,C,制造业,276,22,18,3.1354942159291497,79.71014492753622,39.76452951313202,0.29065511737677835,0.856542279465202,1.1461826000237259,-0.4227284897478739,2.9444389791664403,4,7,6,5,-0.11896210433254525,1.0667736213788857,1.529715175846061,-0.5179862183819741
600067_2019,600067,2019,C,制造业,299,29,16,3.4011973816621555,96.98996655518395,42.05686585639865,1.0844684001567706,0.868755862107621,1.6837909412528436,0.3962445616709268,2.833213344056216,7,7,4,11,1.02059407215579,1.0727367414998186,1.0944959350735586,0.6552931525555833
600067_2020,600067,2020,C,制造业,285,46,22,3.8501476017100584,161.40350877192984,55.58188678415941,1.8772703940601645,1.297899194895348,2.7726642783361624,2.969557185890284,3.1354942159291497,13,4,6,23,1.7538651218999393,0.05153072797957602,1.4970046319472485,1.7031061231262712
600067_2021,600067,2021,C,制造业,163,16,12,2.833213344056216,98.15950920245399,18.747255452496102,0.03756700967763053,0.3438894598844271,-0.6634987498899102,0.7071317477197595,2.5649493574615367,3,3,3,7,-0.46627229660067243,-0.029706044790250193,0.5951767211276344,0.3412974392801801
600067_2022,600067,2022,C,制造业,259,27,18,3.332204510175204,104.24710424710425,35.356754113163106,0.4983035560707372,0.5887089261687898,0.307688965875117,0.35091062361988423,2.9444389791664403,5,8,3,11,0.07405201556888343,1.09962854862958,0.19718456204709292,0.3904513698346565
600067_2023,600067,2023,C,制造业,273,33,18,3.5263605246161616,120.87912087912088,44.45175258895434,0.9993772438725143,0.7313702735814691,1.3336729403675383,1.1588711653469796,2.9444389791664403,6,7,3,17,0.28119178883804746,0.9196731708321273,0.2318228314863748,1.1209431713206548
600068_2013,600068,2013,E,建筑业,202,18,13,2.9444389791664403,89.10891089108911,23.11110455644843,0.6392878424176477,1.2815470628198702,0.26202858312867233,0.4239473151828682,2.6390573296152584,4,5,2,7,0.2399430342671556,1.2678392409665753,0.7750259819382008,0.445161925760976
600068_2014,600068,2014,E,建筑业,133,10,7,2.3978952727983707,75.18796992481202,13.643332888853074,0.591549094878994,0.7878846743597929,-0.1146852614320834,0.6698055614224113,2.0794415416798357,5,1,0,4,0.9109777709007695,-0.2247812237071141,-0.8516819715751721,0.4960841725013339
600068_2015,600068,2015,E,建筑业,141,9,5,2.302585092994046,63.82978723404255,12.481451194272951,0.4909119748553886,0.3660313417465387,-0.09824526712750961,0.2449614713765739,1.791759469228055,1,3,1,4,-0.3640359109117787,0.9189275960688044,-0.06898771714014673,0.2412804521257766
600068_2016,600068,2016,E,建筑业,270,19,12,2.995732273553991,70.37037037037038,36.50066386495853,0.13284488530021793,0.13677973338886207,1.0051986423989419,-0.5884539015938755,2.5649493574615367,4,7,5,3,-0.3350044650444385,1.0372387595220216,1.7052322303053427,-0.8939125851512112
600068_2017,600068,2017,E,建筑业,151,12,7,2.5649493574615367,79.47019867549669,18.70394080733847,0.32551522594794474,0.17744551443574616,0.24889214223319708,0.3479873975343349,2.0794415416798357,6,1,0,5,1.2164394652827912,-0.6761072085091011,-1.3296459555190947,0.20775697485751649
600068_2018,600068,2018,E,建筑业,213,22,12,3.1354942159291497,103.28638497652582,33.461107679167206,0.8320348380070034,0.5885476946960982,0.9696310860615044,0.796905523664274,2.5649493574615367,4,3,6,9,0.4228489833443681,0.028292944855538606,1.8969024694817256,0.5493442713108544
600068_2019,600068,2019,E,建筑业,283,26,18,3.295836866004329,91.87279151943463,39.097657294912885,0.4190595454756683,0.6921986239280634,0.7611212084768895,-0.09409360753719491,2.9444389791664403,6,6,4,10,0.42726198129694787,0.5484329467244228,0.518367423030382,0.31715026126468915
600068_2020,600068,2020,E,建筑业,228,16,9,2.833213344056216,70.17543859649122,25.125269405326527,-0.3726634844006337,-0.7489824255377511,-0.5265092517396778,-0.7401197764114983,2.302585092994046,0,4,3,9,-3.132440117065858,-0.3543784722524352,0.4283888320575152,0.3418907050748215
600068_2021,600068,2021,E,建筑业,189,17,11,2.8903717578961645,89.94708994708994,21.93392349228376,-0.5057968711873235,-0.46299959931031354,-0.868918560371331,-0.18634531881763747,2.4849066497880004,3,2,2,10,-0.8811201395578019,-0.7348804561268448,-0.6510623543925657,0.13696667737565488
600068_2022,600068,2022,E,建筑业,171,19,10,2.995732273553991,111.1111111111111,21.47405416515076,0.41463993377622615,0.30280157990232937,-0.17971407887180882,1.0284975137418906,2.3978952727983707,0,6,1,12,-2.782495755414775,1.0793471539297508,-0.5250009358442328,0.763987262287276
600068_2023,600068,2023,E,建筑业,278,31,15,3.4657359027997265,111.51079136690647,41.52148175472,0.6330302493647306,0.16706755129721632,1.044209335713008,0.4048229822459103,2.772588722239781,7,3,2,19,0.795010326415034,-0.2014714782351537,-0.6278788348579601,0.8128519287272016
600069_2013,600069,2013,C,制造业,170,9,7,2.302585092994046,52.94117647058823,9.64626840187794,-0.15626472514158504,0.2108532080465065,-0.7514929487514135,-0.4236705831997386,2.0794415416798357,1,2,2,4,-0.9532569854059796,-0.04365669714339641,0.47996849848453627,0.292150491263451
600069_2014,600069,2014,C,制造业,165,8,3,2.1972245773362196,48.484848484848484,11.430399102510174,-0.3361233794330485,-1.3319629979408243,-0.5255042310174975,-0.5473425350541292,1.3862943611198906,3,0,1,4,0.45452004630528925,-2.1897565993244523,-0.2371796603547836,0.25528430874824903
600069_2015,600069,2015,C,制造业,192,12,8,2.5649493574615367,62.5,17.640655443584684,-0.5455009778621229,-0.4375849964079353,-0.7501522213692249,-0.7860486089466548,2.1972245773362196,3,3,2,4,-0.35393962971338144,0.0742127490614796,0.017537332315326445,-0.4310987830556212
600069_2016,600069,2016,C,制造业,206,11,7,2.4849066497880004,53.398058252427184,22.24578076124482,-0.38177704086459574,-0.39750058946693023,0.09076293398986365,-0.842674018080742,2.0794415416798357,6,1,0,4,1.1250369646800493,-1.1383148938799506,-1.9213750519555446,-0.22747876416927934
600069_2017,600069,2017,C,制造业,208,12,6,2.5649493574615367,57.69230769230769,24.676348023203484,-0.8692102432442387,-1.347107260685974,-0.35802821247491234,-1.266075290706906,1.9459101490553132,2,4,3,3,-1.157841670367027,0.19035493989558291,0.4421445187582336,-1.0231805418458282
600069_2018,600069,2018,C,制造业,201,17,11,2.8903717578961645,84.5771144278607,27.898033194406146,-0.2582517449368333,-0.22368431000859557,-0.15046909294571215,-0.2195811021467165,2.4849066497880004,10,2,1,4,1.4928461217818583,-0.9242361701035237,-0.9196085131805531,-0.7928469444608205
600069_2019,600069,2019,C,制造业,293,29,15,3.4011973816621555,98.97610921501706,48.36986797997143,1.0844684001567706,0.7262450434422936,2.3736124918930934,0.4791461892076125,2.772588722239781,8,6,6,9,1.2613726802468819,0.8016780334022046,1.7523453771319604,0.38043242647673714
600069_2020,600069,2020,C,制造业,296,33,22,3.5263605246161616,111.48648648648648,41.531068775809395,1.1522085210212194,1.297899194895348,1.237331820567472,0.8860198484484755,3.1354942159291497,6,9,4,14,0.3368952466762934,1.458567497321098,0.8391551898888467,0.9945473489152158
600069_2021,600069,2021,C,制造业,235,23,17,3.1780538303479458,97.87234042553192,32.52577983944426,0.8097741376904456,1.1088626887219961,0.8420801921238111,0.6951453182119417,2.8903717578961645,8,4,1,10,1.1914761867140655,0.42325862180033474,-0.7600212309371174,0.8213856158893682
600069_2022,600069,2022,C,制造业,237,29,17,3.4011973816621555,122.36286919831224,34.8671613633665,0.652800459022048,0.4616126452300513,0.2541911809486985,1.1070629529059317,2.8903717578961645,5,5,6,13,0.07405201556888343,0.2765648014289465,1.2913102990089553,0.6228428024656926
600069_2023,600069,2023,C,制造业,182,11,9,2.4849066497880004,60.43956043956044,19.16083773238062,-1.3327680163522857,-0.7774411637733861,-1.4298645592204888,-1.3638770890319234,2.302585092994046,2,5,2,2,-1.4509014478973894,0.33570014869123915,-0.33063513756638996,-1.5802421264071298
600070_2013,600070,2013,I,信息传输、软件和信息技术服务业,234,21,13,3.091042453358316,89.74358974358974,30.660742214984356,0.645357107465339,0.5469593473948967,0.7722769509449796,0.22840886624140797,2.6390573296152584,10,2,2,7,1.5553256738150207,-0.6862429393912725,0.332448127468743,0.5453385317875377
600070_2014,600070,2014,I,信息传输、软件和信息技术服务业,198,15,11,2.772588722239781,75.75757575757576,21.342711106685694,0.16481018534069913,0.44092656774953326,0.007380222983852824,-0.017231973379903454,2.4849066497880004,2,3,3,7,-0.6413926241707589,0.12321364037081313,0.7004800841832584,0.3184842255376705
600070_2015,600070,2015,I,信息传输、软件和信息技术服务业,194,17,12,2.8903717578961645,87.62886597938143,27.293926669875894,-0.6843079814702154,-0.4800073248910967,-0.7299415728119198,-0.5759065344205437,2.5649493574615367,5,2,4,6,-0.3076655291243183,-1.0735798084485424,0.5914090378840673,-0.6501127668330293
600070_2016,600070,2016,I,信息传输、软件和信息技术服务业,267,25,16,3.258096538021482,93.63295880149813,38.258962818638686,0.8725763952022885,0.9047933289027051,1.4322485091869246,0.5702185342518615,2.833213344056216,7,3,7,8,0.9930706103574147,-0.1949940494376923,1.7317891136342602,0.2967610711095677
600070_2017,600070,2017,I,信息传输、软件和信息技术服务业,264,28,20,3.367295829986474,106.06060606060606,42.5279411295267,0.9516397367043706,1.1346231701653877,1.5053679660864336,0.9210633599146104,3.044522437723423,9,9,0,10,0.9409666854674501,1.7059018162836512,-2.039000906273143,0.6937954890018125
600070_2018,600070,2018,I,信息传输、软件和信息技术服务业,251,25,16,3.258096538021482,99.601593625498,36.23675845939512,0.2852677271974423,0.31497805360580444,0.28306399090879486,0.41489914952282425,2.833213344056216,5,5,5,10,-0.18595456004805783,0.1337249944145776,1.0445786876639522,0.41490985617498927
600070_2019,600070,2019,I,信息传输、软件和信息技术服务业,188,21,11,3.091042453358316,111.70212765957446,25.40887463441943,-0.10838549943162723,-0.45168946363020646,-0.8121353273739028,0.6476412199146763,2.4849066497880004,3,4,1,13,-0.7095932821474701,-0.2464818800544389,-1.2342942466442453,0.5476630375133554
600070_2020,600070,2020,I,信息传输、软件和信息技术服务业,225,21,14,3.091042453358316,93.33333333333334,29.498591443583543,0.2586294022254364,0.17038041789793282,-0.04778844553231289,0.33238579601783175,2.70805020110221,5,3,6,7,0.09827273540911298,-0.5803680235151186,1.3047410833397979,0.4552780878878461
600070_2021,600070,2021,I,信息传输、软件和信息技术服务业,258,21,14,3.091042453358316,81.39534883720931,27.72521886529672,-0.37868436293177443,-0.3781776439944856,-1.086944908114132,-0.7478717222373176,2.70805020110221,1,4,3,13,-2.437305276098725,-0.24206676248351972,-0.38590784676458045,0.45258455606368714
600070_2022,600070,2022,I,信息传输、软件和信息技术服务业,252,25,12,3.258096538021482,99.2063492063492,34.64761841214838,0.09620004646232805,-0.5004084204030083,-0.2929329867258218,-0.0065655899493738765,2.5649493574615367,7,6,2,10,0.38255931936053944,0.3916000880884625,-0.4823196219458603,0.11532830890779433
600070_2023,600070,2023,I,信息传输、软件和信息技术服务业,240,25,16,3.258096538021482,104.16666666666667,38.00912732504938,0.1553299361295587,0.34607076310495516,0.1954015931799896,0.2870035842827267,2.833213344056216,8,3,4,10,0.3715845846182345,-0.912482016644806,0.79913450441002,0.26352569485979876
600071_2013,600071,2013,D,电力、热力、燃气及水生产和供应业,189,19,10,2.995732273553991,100.52910052910052,27.561908131925783,0.4307940743807614,0.15218259071411985,0.38911234296078434,0.6633091884723129,2.3978952727983707,6,5,1,7,0.7861675616309537,0.7089751967534721,-0.4346979863244792,0.23646753339412335
600071_2014,600071,2014,D,电力、热力、燃气及水生产和供应业,152,10,9,2.3978952727983707,65.78947368421052,16.71116630945832,-0.6989538918451424,-0.0582208433546824,-0.7919086494358203,-0.3808146540290598,2.302585092994046,2,2,4,2,-0.897153683507051,-0.3183622121483755,0.6994391319550729,-0.86940002978395
600071_2015,600071,2015,D,电力、热力、燃气及水生产和供应业,194,8,7,2.1972245773362196,41.23711340206186,14.80854945033309,-1.2429651066297749,-0.7428338107218387,-0.9071388891336549,-1.6149575602599957,2.0794415416798357,3,3,2,0,-0.41517032295571943,0.3448559245480902,-0.2992951320011524,-2.390221512926171
600071_2016,600071,2016,D,电力、热力、燃气及水生产和供应业,140,7,7,2.0794415416798357,50.0,10.731803004505174,-1.41775806886396,-0.5662271293906045,-1.2515074534729074,-1.079314588067941,2.0794415416798357,2,3,0,2,-0.8184065610033491,0.25307416856265297,-1.8137493707549353,-1.1268581503711708
600071_2017,600071,2017,D,电力、热力、燃气及水生产和供应业,228,22,14,3.1354942159291497,96.49122807017544,31.9889998622711,0.3045981751423072,0.31375271749653183,0.32228199832469984,0.26895521565209346,2.70805020110221,5,6,1,10,-0.01538049431597698,0.7521872853864864,-0.6609039800236122,0.4141472444514244
600071_2018,600071,2018,D,电力、热力、燃气及水生产和供应业,228,17,10,2.8903717578961645,74.56140350877193,28.470787331928424,0.0884324808583522,-0.18108509735435238,0.4881158679102449,-0.39103142059193113,2.3978952727983707,2,7,2,6,-0.7916898667360275,1.1390980813190206,0.2616339958467054,-0.14132326445133955
600071_2019,600071,2019,D,电力、热力、燃气及水生产和供应业,209,18,13,2.9444389791664403,86.1244019138756,28.677835569046348,0.15155331440680012,0.4124306199331068,0.23715508702457125,0.11059340826176108,2.6390573296152584,3,4,3,8,-0.428008874221826,0.3754830894227661,0.35770255073741575,0.48500019634665575
600071_2020,600071,2020,D,电力、热力、燃气及水生产和供应业,234,20,13,3.044522437723423,85.47008547008546,27.80586897584379,0.14224873368940003,0.28348417928146546,0.04717022316435692,-0.1716698382214223,2.6390573296152584,5,5,0,10,0.053574900672740705,0.43165448114994814,-1.789895938389231,0.43507481005864873
600071_2021,600071,2021,D,电力、热力、燃气及水生产和供应业,162,15,9,2.772588722239781,92.59259259259258,18.51534636058454,0.2007918634918427,-0.09801325571496718,-0.3921946182764147,0.8475115988693568,2.302585092994046,1,3,1,10,-1.562523378529037,0.09354529337319556,-0.5292377000102829,1.0387028365147173
600071_2022,600071,2022,D,电力、热力、燃气及水生产和供应业,207,18,9,2.9444389791664403,86.95652173913044,31.648871582510452,-0.30533336554696133,-0.6731657199646909,-0.08053260004482816,-0.221310332107601,2.302585092994046,6,3,3,6,0.5669191982173426,-0.8920907758213272,0.2534565544247425,-0.2896049969819698
600071_2023,600071,2023,D,电力、热力、燃气及水生产和供应业,201,20,13,3.044522437723423,99.50248756218906,26.386657158564343,-0.3712904495918009,-0.2681737890455796,-1.0000325993693082,-0.1493157315833878,2.6390573296152584,3,3,2,12,-0.8524499988490452,-0.9895672020850018,-0.6681064426352534,0.5337589758580132
600072_2013,600072,2013,E,建筑业,167,10,7,2.3978952727983707,59.880239520958085,19.50270330829444,-0.5845967146610795,-0.03394657140349762,-0.13226131185477655,-0.7960579121971231,2.0794415416798357,3,3,0,4,-0.21621937817637624,0.4447754937659423,-1.3729119531385379,-0.2633968484500791
600072_2014,600072,2014,E,建筑业,133,5,4,1.791759469228055,37.59398496240601,9.327716546771924,-0.7657810524425128,-0.3169568895561855,-0.5862525282870511,-0.8993679939328871,1.6094379124341003,4,1,0,0,0.5382659416869326,-0.2247812237071141,-0.8516819715751721,-1.9302403991476045
600072_2015,600072,2015,E,建筑业,117,2,1,1.0986122886681098,17.094017094017097,4.181727157616403,-2.2051646704128265,-2.216485991358501,-1.0051558609754307,-1.7057903487943462,0.6931471805599453,1,1,0,0,-0.3640359109117787,-0.4881091732727169,-1.4241856692048986,-2.185044119523162
600072_2016,600072,2016,E,建筑业,231,17,12,2.8903717578961645,73.5930735930736,27.262935630139758,-0.10309069777760528,0.13677973338886207,-0.004207641743019259,-0.45393821567015213,2.5649493574615367,7,3,0,7,0.6258029977356756,-0.36979800981949956,-1.7979036568361477,0.15104853013545322
600072_2017,600072,2017,E,建筑业,189,17,12,2.8903717578961645,89.94708994708994,21.257731772840966,1.0542391061772223,1.3187329026682963,0.5279448036058184,0.7852930128384036,2.5649493574615367,1,5,2,9,-1.3445280131100146,1.5539933080330532,0.818291979557644,0.9778573640653351
600072_2018,600072,2018,E,建筑业,198,16,6,2.833213344056216,80.80808080808082,21.34845244544359,0.15513217372780044,-0.866633083883064,-0.35391838408649795,-0.14133926484721362,1.9459101490553132,1,5,0,10,-1.4502833043228098,0.8513566920561716,-1.9076191716096402,0.6930301068444326
600072_2019,600072,2019,E,建筑业,255,31,16,3.4657359027997265,121.56862745098039,40.72900198167218,0.7995173294985299,0.4307395691545137,0.9393781929386902,1.1454110763783092,2.833213344056216,6,3,5,17,0.42726198129694787,-0.5875451145194842,0.8748311111389082,1.0595882189644124
600072_2020,600072,2020,E,建筑业,181,10,9,2.3978952727983707,55.248618784530386,18.230187225775406,-1.347478597303927,-0.7489824255377511,-1.279934672448722,-1.3631654827367325,2.302585092994046,2,5,2,1,-0.8865960001848425,0.01572060835761285,-0.13406913699524958,-2.084433866574117
600072_2021,600072,2021,E,建筑业,267,33,20,3.5263605246161616,123.59550561797752,35.6287206374292,0.9183835209658925,0.8524940349130542,0.627511508469115,1.2181401089219284,3.044522437723423,7,3,4,19,0.535849735665844,-0.1509074339859567,0.34767190956365956,1.0382419571287407
600072_2022,600072,2022,E,建筑业,161,18,10,2.9444389791664403,111.80124223602485,23.590116579811955,0.29977799290824564,0.30280157990232937,0.051507997021780653,1.0573035983329546,2.3978952727983707,3,2,4,9,0.0514439950325172,-0.6406039294550444,1.2664733111239794,0.368457334303093
600072_2023,600072,2023,E,建筑业,278,25,17,3.258096538021482,89.92805755395683,37.39256532347161,0.1680599111598141,0.4439411437973551,0.5930427624542214,-0.496040684785405,2.8903717578961645,8,3,7,7,1.035788934506126,-0.2014714782351537,1.2897770862595561,-0.5685115276350724
600073_2013,600073,2013,C,制造业,165,22,11,3.1354942159291497,133.33333333333334,21.97206974311465,1.7088827482130098,1.1639835165815666,0.5953469901022138,2.9318993765463177,2.4849066497880004,1,5,1,15,-0.9532569854059796,1.3633800721981246,-0.31277148452745074,2.045670380761171
600073_2014,600073,2014,C,制造业,152,8,6,2.1972245773362196,52.63157894736842,15.384411355414377,-0.3361233794330485,-0.016469363717456487,-0.09344943202349855,-0.3742579368270601,1.9459101490553132,2,2,3,1,-0.13357558726098795,0.04034391721770217,1.1180182917099681,-1.1260791476140248
600073_2015,600073,2015,C,制造业,285,31,21,3.4657359027997265,108.77192982456141,42.85507895548842,1.4716455544616012,1.6635203537467016,2.005027071305838,1.1453425087698252,3.091042453358316,3,5,9,14,-0.35393962971338144,0.8972764962621126,2.371469548336304,1.2251253993854994
600073_2016,600073,2016,C,制造业,253,31,21,3.4657359027997265,122.5296442687747,37.67570045535854,1.8146104793014344,1.9804783531878465,1.776789791149268,2.042879527921421,3.091042453358316,8,6,2,15,1.6387878448256274,1.4046999367054778,0.2265628831211941,1.5260411253284405
600073_2017,600073,2017,C,制造业,196,15,9,2.772588722239781,76.53061224489797,24.585626678120946,-0.40423990503932206,-0.5086684096853592,-0.3679413311015205,-0.47976414648491006,2.302585092994046,4,3,1,7,-0.11358362435721782,-0.2626097266950021,-0.9130534333065182,0.021780573440836337
600073_2018,600073,2018,C,制造业,258,22,16,3.1354942159291497,85.27131782945736,42.710404613198094,0.29065511737677835,0.5950832246916522,1.4680782828925951,-0.1906050406594204,2.833213344056216,8,8,4,2,1.0826239665386608,1.305864346438631,0.8718657337876591,-1.5629473336686384
600073_2019,600073,2019,C,制造业,266,23,16,3.1780538303479458,86.46616541353383,39.5388604480921,0.5847792750545864,0.868755862107621,1.4086485666300488,-0.04301907238672752,2.833213344056216,11,4,2,6,1.8494683138131591,0.11866463874888254,0.09576167111733325,-0.15727653010004503
600073_2020,600073,2020,C,制造业,203,25,14,3.258096538021482,123.15270935960591,33.43885589128884,0.5514804427575334,0.293102881756654,0.3530959640219649,1.3729681845103865,2.70805020110221,10,4,0,11,1.260868282065069,0.05153072797957602,-2.3075170091441173,0.6581450078396065
600073_2021,600073,2021,C,制造业,173,19,10,2.995732273553991,109.82658959537572,21.382886872062564,0.40149839472104515,-0.048806010263326725,-0.37550338458302257,1.19411587667243,2.3978952727983707,2,3,2,12,-1.0543679301669495,-0.029706044790250193,0.03271875207486963,1.0732297083399729
600073_2022,600073,2022,C,制造业,255,20,12,3.044522437723423,78.43137254901961,34.3749108549936,-0.14590776997648558,-0.3033605836075177,0.20040298282322883,-0.7266384452881154,2.5649493574615367,6,3,4,7,0.3891753770806745,-0.5464989457716865,0.6334608569505534,-0.22081169731979955
600073_2023,600073,2023,C,制造业,230,23,12,3.1780538303479458,100.0,30.031907906215523,0.2194081777665219,-0.16069923619483845,-0.24198305092317698,0.2873763138342678,2.5649493574615367,7,3,2,11,0.5541640608925336,-0.4873635985093938,-0.33063513756638996,0.5096801041661994
600074_2013,600074,2013,C,制造业,182,15,12,2.772588722239781,82.41758241758242,22.41109073682806,0.8962223438750372,1.3521405962790567,0.6433188007746957,0.8066750895240904,2.5649493574615367,6,3,3,3,1.6077104929868262,0.5403163249974917,1.042426467537301,-0.044251849812158274
600074_2014,600074,2014,C,制造业,138,8,3,2.1972245773362196,57.971014492753625,11.44997623470336,-0.3361233794330485,-1.3319629979408243,-0.5233650383763029,-0.15138980867514787,1.3862943611198906,2,2,1,3,-0.13357558726098795,0.04034391721770217,-0.2371796603547836,-0.08111803232736023
600074_2015,600074,2015,C,制造业,172,14,8,2.70805020110221,81.39534883720931,16.625400943605666,-0.22505284060224484,-0.4375849964079353,-0.8610890498006505,0.0026435646607034144,2.1972245773362196,2,2,1,9,-0.9420352632796586,-0.5097602730794085,-0.7752026506966606,0.6138623322310439
600074_2016,600074,2016,C,制造业,236,24,18,3.2188758248682006,101.6949152542373,28.29330468085894,1.2618125353869956,1.6358563085419275,0.7515756893325276,1.1732375935721056,2.9444389791664403,4,5,1,14,0.4372017739544214,1.0917856226622038,-0.5661770998907929,1.428745418271841
600074_2017,600074,2017,C,制造业,206,15,8,2.772588722239781,72.81553398058252,25.307240499020526,-0.40423990503932206,-0.756340277839222,-0.2890906107702768,-0.6348315748053893,2.1972245773362196,5,2,3,5,0.259128204856619,-0.8465827488358902,0.4421445187582336,-0.41191747469137235
600074_2018,600074,2018,C,制造业,243,23,14,3.1780538303479458,94.65020576131687,27.465545109975682,0.3859595811103905,0.300861150645406,-0.19772705281891612,0.20086989704755565,2.70805020110221,5,2,2,14,0.2537497248812916,-0.9242361701035237,-0.1268685301685661,0.8633772379803
600074_2019,600074,2019,C,制造业,240,15,12,2.772588722239781,62.5,28.122047496200153,-0.32318559301699834,0.23814540710486337,0.16113376152070077,-1.0433672139257302,2.5649493574615367,7,3,1,4,1.02059407215579,-0.33430002784170243,-0.6969783118946538,-0.6645286888099279
600074_2020,600074,2020,C,制造业,178,15,11,2.772588722239781,84.26966292134831,23.159521641244663,-0.5357254131563576,-0.23144257889734748,-0.7701265778234478,-0.250010818209865,2.4849066497880004,4,5,2,4,-0.35093994404933454,0.421629808589624,-0.15957907406737853,-0.6616768335259047
600074_2021,600074,2021,C,制造业,206,21,14,3.091042453358316,101.94174757281553,29.690663432365756,0.6149280908931449,0.6802778408409385,0.5322871082796247,0.86500243997961,2.70805020110221,5,4,2,10,0.3626019450566963,0.42325862180033474,0.03271875207486963,0.8213856158893682
600074_2022,600074,2022,C,制造业,241,25,14,3.258096538021482,103.7344398340249,39.041278153397464,0.33235232176216994,0.03302779734899367,0.710296796041237,0.32951200252184637,2.70805020110221,3,8,7,7,-0.7548222260884853,1.09962854862958,1.5523825141118446,-0.22081169731979955
600074_2023,600074,2023,C,制造业,183,15,12,2.772588722239781,81.96721311475409,22.644325712949733,-0.688556690305063,-0.16069923619483845,-1.0492239331988213,-0.46531250960337256,2.5649493574615367,4,4,3,4,-0.40664340188758047,-0.03439893191880881,0.2318228314863748,-0.8101417371993118
600075_2013,600075,2013,C,制造业,124,4,4,1.6094379124341003,32.25806451612903,7.006133822560603,-1.708440919260393,-0.8939883558694719,-1.039980374187749,-1.2869840189487238,1.6094379124341003,1,2,1,0,-0.9532569854059796,-0.04365669714339641,-0.31277148452745074,-2.1341740803854874
600075_2014,600075,2014,C,制造业,118,4,4,1.6094379124341003,33.898305084745765,6.972025231583956,-1.6523639904740335,-0.8074175372868229,-1.0126706087211312,-1.1561850983091917,1.6094379124341003,0,2,1,1,-2.379419704142003,0.04034391721770217,-0.2371796603547836,-1.1260791476140248
600075_2015,600075,2015,C,制造业,192,16,8,2.833213344056216,83.33333333333333,21.71633820034204,0.05522710040156328,-0.4375849964079353,-0.3048024901080936,0.08353506964607287,2.1972245773362196,6,2,1,7,0.7900579734557783,-0.5097602730794085,-0.7752026506966606,0.2774599911554339
600075_2016,600075,2016,C,制造业,149,5,4,1.791759469228055,33.557046979865774,9.322975217036516,-1.9339532349834032,-1.5023421533829087,-1.3213116360220283,-1.6708381574116413,1.6094379124341003,1,2,1,1,-1.4359305137127565,-0.3152511466793173,-0.5661770998907929,-1.6088422205315533
600075_2017,600075,2017,C,制造业,195,16,9,2.833213344056216,82.05128205128206,26.85934287785736,-0.26848216498055244,-0.5086684096853592,-0.11949243089263252,-0.2493312972754085,2.302585092994046,3,3,4,6,-0.5697460368007496,-0.2626097266950021,0.878420813661694,-0.17952604206033596
600075_2018,600075,2018,C,制造业,130,9,4,2.302585092994046,69.23076923076924,13.417218752808978,-1.5744923559778166,-2.281656182459634,-1.7327872479383502,-0.8601378049998673,1.6094379124341003,4,0,0,5,-0.11896210433254525,-3.1543366866456783,-2.274806465245305,-0.5179862183819741
600075_2019,600075,2019,C,制造业,209,19,13,2.995732273553991,90.9090909090909,29.891078058176507,0.17650353208518588,0.412351653095681,0.3544356773930016,0.14242871142798968,2.6390573296152584,7,7,1,4,1.02059407215579,1.0727367414998186,-0.6969783118946538,-0.6645286888099279
600075_2020,600075,2020,C,制造业,180,17,9,2.8903717578961645,94.44444444444444,23.468102177970042,-0.2719718711319966,-0.6600274267784051,-0.7364079919312522,0.17468473118523506,2.302585092994046,4,2,4,7,-0.35093994404933454,-0.9854069607518972,0.8391551898888467,0.04688194068515044
600075_2021,600075,2021,C,制造业,149,8,8,2.1972245773362196,53.691275167785236,13.883544232297327,-1.3866133824755846,-0.5205243358479833,-1.1949563274592208,-1.1489730778349412,2.1972245773362196,2,4,2,0,-1.0543679301669495,0.42325862180033474,0.03271875207486963,-2.7935859065798136
600075_2022,600075,2022,C,制造业,260,28,19,3.367295829986474,107.6923076923077,37.617202406967955,0.5768841414916612,0.709284513383914,0.5546880824051295,0.4947134725181412,2.995732273553991,5,9,2,12,0.07405201556888343,1.3135024901604206,-0.36527340700567185,0.5111205717399934
600075_2023,600075,2023,C,制造业,252,21,12,3.091042453358316,83.33333333333333,30.681956385318024,0.02456213096922116,-0.16069923619483845,-0.17095227332032603,-0.40829062903991475,2.5649493574615367,3,6,4,8,-0.8628058143311124,0.6486144627345133,0.6680991263898353,0.07598205603399072
600076_2013,600076,2013,F,批发和零售业,174,17,11,2.8903717578961645,97.70114942528737,22.147608384408844,0.9997993303315409,0.9503901814000597,0.4735840661937877,1.2811971490412366,2.4849066497880004,5,2,2,8,1.015684292015146,-0.31314870691150887,0.7718410859014158,1.030841673547073
600076_2014,600076,2014,F,批发和零售业,178,10,7,2.3978952727983707,56.17977528089887,13.583991946815864,-0.6417665590869169,-0.49542024863145423,-0.9861595488435375,-0.6724576599864928,2.0794415416798357,2,1,3,4,-0.7468865039170055,-1.5928526137874683,0.8835324265024793,-0.12007691976207009
600076_2015,600076,2015,F,批发和零售业,157,9,6,2.302585092994046,57.32484076433121,17.865524006527195,-0.09193853083031689,-0.12027444593699291,-0.02317743852982005,-0.2646608880248086,1.9459101490553132,3,2,1,3,0.1904093295891553,0.2340472262192662,-0.4300056312583549,-0.07638487704242025
600076_2016,600076,2016,F,批发和零售业,238,14,10,2.70805020110221,58.8235294117647,27.32715068628006,-0.5509920293888528,-0.2712640043462992,-0.16189242860795972,-1.1016238052402194,2.3978952727983707,5,5,3,1,0.46663748270950395,0.18761266405720364,0.9236743374929605,-2.055473316931532
600076_2017,600076,2017,F,批发和零售业,197,15,12,2.772588722239781,76.14213197969544,19.196209497414966,-0.7650143539648895,-0.1408403428912337,-1.4277634636528125,-0.7451085309072575,2.5649493574615367,4,4,2,5,-0.4391289093262008,0.010952325302683936,-0.5161135203849447,-0.6701355845410153
600076_2018,600076,2018,F,批发和零售业,189,14,10,2.70805020110221,74.07407407407408,15.59889027357798,-0.09984834775399076,0.2230698290777342,-0.6656910247018013,-0.49810173554363335,2.3978952727983707,1,1,2,10,-1.3819744659452475,-1.3525263818220006,0.7495621053946327,0.4916299331033322
600076_2019,600076,2019,F,批发和零售业,283,28,17,3.367295829986474,98.9399293286219,38.9673917813765,1.3193779654304922,1.262766517735907,1.7667144643864612,0.8217440943671157,2.8903717578961645,8,6,4,10,1.2794027568256998,1.192848417451234,1.4892084654140338,0.7356306263048811
600076_2020,600076,2020,F,批发和零售业,209,16,12,2.833213344056216,76.55502392344498,24.756736771983178,0.14813080845381615,0.45287997817836967,0.14539895639567738,-0.10224240015448638,2.5649493574615367,5,4,3,4,0.3817053517262162,0.7495361497296958,0.53034031261384,-0.4802513057597924
600076_2021,600076,2021,F,批发和零售业,248,23,16,3.1780538303479458,92.74193548387098,38.886872868828796,0.8840078478469453,0.9801556443690295,1.4843801074811769,0.6270210903749136,2.833213344056216,6,8,5,4,0.9277666917422608,1.3939269954390459,1.43504743606134,-0.28820619835814315
600076_2022,600076,2022,F,批发和零售业,222,16,12,2.833213344056216,72.07207207207207,31.186680048689922,-0.16092441503961175,0.16239729069601316,0.46244921519207643,-0.487900503765066,2.5649493574615367,6,5,1,4,0.7193659824207026,0.8213155211442702,-1.0244227186001202,-0.5834653407431631
600076_2023,600076,2023,F,批发和零售业,281,31,16,3.4657359027997265,110.3202846975089,46.49764180873322,1.4272334478126019,0.9003572701993138,2.129251203302809,1.3211475490681575,2.833213344056216,7,8,3,13,0.9806520477169345,1.0981704099957517,0.47442569235469595,1.4706658205845677
600077_2013,600077,2013,D,电力、热力、燃气及水生产和供应业,148,4,4,1.6094379124341003,27.027027027027028,7.052363562322181,-2.6735583138568533,-1.701250891286655,-1.8519649703353505,-2.4046685776137418,1.6094379124341003,2,1,1,0,-0.9459256751044832,-1.5211253197886823,-0.4346979863244792,-2.89841581246587
600077_2014,600077,2014,D,电力、热力、燃气及水生产和供应业,138,4,4,1.6094379124341003,28.985507246376812,7.099129793348557,-2.464559782136049,-1.6876078679246633,-1.842215588125876,-1.917012823076167,1.6094379124341003,1,2,1,0,-1.72602792516442,-0.3183622121483755,-1.0920351150131393,-2.5256242122250705
600077_2015,600077,2015,D,电力、热力、燃气及水生产和供应业,180,8,7,2.1972245773362196,44.44444444444444,14.454242717116928,-1.2429651066297749,-0.7428338107218387,-0.9458539751300356,-1.4810835093976102,2.0794415416798357,2,1,4,1,-1.0032659565219966,-1.0621808447934311,0.6994391319550729,-1.3452603976395061
600077_2016,600077,2016,D,电力、热力、燃气及水生产和供应业,173,10,7,2.3978952727983707,57.80346820809248,19.38925685224358,-0.7046392475896758,-0.5662271293906045,-0.3055077340140046,-0.7535976957395666,2.0794415416798357,3,2,3,2,-0.2303109274370719,-0.3308988535782352,0.8966465333745683,-1.1268581503711708
600077_2017,600077,2017,D,电力、热力、燃气及水生产和供应业,182,25,13,3.258096538021482,137.36263736263737,28.161959436671918,0.5791436267182255,0.15157058253083802,-0.09589859294931101,1.97492851685888,2.6390573296152584,6,2,3,14,0.2997428671958141,-0.9677637979983088,0.6942939720411395,0.8817244760723016
600077_2018,600077,2018,D,电力、热力、燃气及水生产和供应业,172,12,8,2.5649493574615367,69.76744186046511,16.38572331793766,-0.6402913993709255,-0.652803422939009,-0.8324187104940809,-0.5911314592399519,2.1972245773362196,2,2,2,6,-0.7916898667360275,-0.8519117101633887,0.2616339958467054,-0.14132326445133955
600077_2019,600077,2019,D,电力、热力、燃气及水生产和供应业,162,7,5,2.0794415416798357,43.20987654320987,13.888706900831577,-1.7854500639462112,-1.5793197303251814,-1.3788525541628598,-1.6806595919086929,1.791759469228055,2,2,3,0,-1.0161045077881032,-0.6614545993087071,0.35770255073741575,-2.827448168535585
600077_2020,600077,2020,D,电力、热力、燃气及水生产和供应业,179,19,9,2.995732273553991,106.14525139664805,27.947776774720523,0.03299209461634882,-0.5074639942878998,0.06267648404514568,0.691311930191473,2.302585092994046,5,5,0,9,0.053574900672740705,0.43165448114994814,-1.789895938389231,0.2913889745250705
600077_2021,600077,2021,D,电力、热力、燃气及水生产和供应业,164,7,5,2.0794415416798357,42.6829268292683,13.787743769526848,-1.3513843306269648,-1.29881543240389,-0.9087796100661272,-1.2357186772172861,1.791759469228055,1,4,0,2,-1.562523378529037,0.5465099599637805,-1.8844356520750347,-0.9200445035133439
600077_2022,600077,2022,D,电力、热力、燃气及水生产和供应业,273,28,14,3.367295829986474,102.56410256410255,38.93565283055925,0.6415771258622172,0.2799645885703682,0.7156937660031176,0.43015035018260267,2.70805020110221,6,6,1,15,0.5669191982173426,0.24388728542257979,-1.1017413976400092,0.9566627338058672
600077_2023,600077,2023,D,电力、热力、燃气及水生产和供应业,288,30,21,3.4339872044851463,104.16666666666667,45.01048811245936,0.500844583731472,0.7943115193858293,1.0349928443108936,0.04536718153438708,3.091042453358316,7,5,7,11,0.5645198763746007,-0.16650345488436885,1.249549478482263,0.4130897739526763
600078_2013,600078,2013,C,制造业,195,13,6,2.6390573296152584,66.66666666666667,21.506141593823365,0.5972032399786878,-0.1030401823001056,0.5444350353555302,0.14923160504958838,1.9459101490553132,4,2,1,6,0.9198753022611983,-0.04365669714339641,-0.31277148452745074,0.7994026499733339
600078_2014,600078,2014,C,制造业,225,18,11,2.9444389791664403,80.0,24.405730249282787,1.3371264568956007,1.2505543351642157,0.892309809994084,0.7681004114715974,2.4849066497880004,5,3,3,7,1.2833942879626579,0.6243169393585903,1.1180182917099681,0.9638430829593041
600078_2015,600078,2015,C,制造业,252,21,12,3.091042453358316,83.33333333333333,30.924158700423035,0.6325881816170776,0.4268287993244751,0.7013357767658364,0.08353506964607287,2.5649493574615367,5,5,3,8,0.4749346119439873,0.8972764962621126,0.5799953013680912,0.45502501017768127
600078_2016,600078,2016,C,制造业,222,23,13,3.1780538303479458,103.6036036036036,29.140890459359632,1.1703991532542117,0.9179930447564375,0.844191361651528,1.2529062769062989,2.6390573296152584,4,5,3,11,0.4372017739544214,1.0917856226622038,0.7890208521739589,1.092343077196232
600078_2017,600078,2017,C,制造业,192,14,9,2.70805020110221,72.91666666666667,16.012308509508717,-0.5487621059843605,-0.5086684096853592,-1.3047475474531973,-0.6306102948122201,2.302585092994046,2,2,2,8,-1.157841670367027,-0.8465827488358902,-0.12031345029453121,0.19934559246308367
600078_2018,600078,2018,C,制造业,218,19,13,2.995732273553991,87.1559633027523,31.148899320112424,-0.022316161859010062,0.13867901567971214,0.20475295004790509,-0.11193990737089504,2.6390573296152584,2,5,6,6,-1.1632201503423543,0.4828005992379975,1.529715175846061,-0.28559478575093766
600078_2019,600078,2019,C,制造业,220,22,15,3.1354942159291497,100.0,31.40445553161086,0.4894748113209743,0.7262450434422936,0.5198023880314088,0.5218834075411801,2.772588722239781,6,6,3,7,0.7476218001013039,0.8016780334022046,0.658219640170098,0.04403008540112724
600078_2020,600078,2020,C,制造业,229,26,14,3.295836866004329,113.53711790393014,33.98940045146602,0.6359929969395882,0.293102881756654,0.4132539514206838,0.9716132377965622,2.70805020110221,4,4,3,15,-0.35093994404933454,0.05153072797957602,0.40287889498538626,1.091843055971815
600078_2021,600078,2021,C,制造业,236,23,15,3.1780538303479458,97.45762711864407,33.90228305031038,0.8097741376904456,0.8319890962218572,0.9924906562412485,0.6778351779096271,2.772588722239781,5,8,3,7,0.3626019450566963,1.616421449611016,0.5951767211276344,0.3412974392801801
600078_2022,600078,2022,C,制造业,334,39,29,3.6888794541139363,116.76646706586827,56.749252531626304,1.2970117850692706,1.662414821918974,2.645246619466053,0.8734690351516207,3.4011973816621555,8,11,4,16,0.9029262572262526,1.6836015707704681,0.6334608569505534,0.9155446861059606
600078_2023,600078,2023,C,制造业,187,25,16,3.258096538021482,133.6898395721925,26.066445651246518,0.3986491656088281,0.4699112188079193,-0.6752889912956467,1.6935907759007967,2.833213344056216,6,5,2,12,0.28119178883804746,0.33570014869123915,-0.33063513756638996,0.6303493060715363
600079_2013,600079,2013,C,制造业,193,15,11,2.772588722239781,77.720207253886,21.32948755593677,0.8962223438750372,1.1639835165815666,0.5251320539915973,0.6106065723443823,2.4849066497880004,3,3,2,7,0.4637128898176665,0.5403163249974917,0.47996849848453627,1.000709265474506
600079_2014,600079,2014,C,制造业,198,19,13,2.995732273553991,95.95959595959596,25.41572371656612,1.4519883977635812,1.6129176608525233,1.0026717655423603,1.4342542113147538,2.6390573296152584,6,4,2,7,1.598517649474449,1.0772816059491752,0.5555603226572033,0.9638430829593041
600079_2015,600079,2015,C,制造业,242,22,18,3.1354942159291497,90.9090909090909,35.38090230610318,0.7321297646807663,1.3188983091007827,1.1883240154354593,0.3997473164070649,2.9444389791664403,7,6,3,6,1.0630302455102645,1.2101908103053867,0.5799953013680912,0.07615337565426167
600079_2016,600079,2016,C,制造业,190,15,9,2.772588722239781,78.94736842105263,21.168924398496873,0.26243428518262696,0.12704487118707228,-0.026905128118629062,0.22375461177237344,2.302585092994046,2,3,0,10,-0.6070562720553876,0.26872187546157084,-1.9213750519555446,0.9611681866509639
600079_2017,600079,2017,C,制造业,207,20,14,3.044522437723423,96.61835748792271,27.472425200215444,0.2047058591359134,0.4444618988496999,-0.05250094411647538,0.3586986728621152,2.70805020110221,6,3,4,7,0.5742515663684101,-0.2626097266950021,0.878420813661694,0.021780573440836337
600079_2018,600079,2018,C,制造业,232,28,16,3.367295829986474,120.6896551724138,39.304247503939436,0.809732388682188,0.5950832246916522,1.0958875988344432,1.2877569470042391,2.833213344056216,9,3,3,13,1.2980077708911015,-0.34026314796263546,0.43558943888419865,0.7593663295357267
600079_2019,600079,2019,C,制造业,246,26,12,3.295836866004329,105.69105691056912,31.153002189016753,0.8485328170789475,0.23814540710486337,0.4923260889099102,0.7594282173030965,2.5649493574615367,4,5,1,16,0.0597866093756759,0.48876371935893054,-0.6969783118946538,1.1803864688268875
600079_2020,600079,2020,C,制造业,293,26,19,3.295836866004329,88.73720136518772,38.49676893952301,0.6359929969395882,0.9693595977915743,0.9057739694527398,-0.0635356895259467,2.995732273553991,6,7,3,10,0.3368952466762934,1.005602830730512,0.40287889498538626,0.5269701172943386
600079_2021,600079,2021,C,制造业,231,15,13,2.772588722239781,64.93506493506493,27.90830419390031,-0.09819073038113912,0.5180957058752447,0.33752876833147005,-0.6796571066115324,2.6390573296152584,5,6,2,2,0.3626019450566963,1.1062720164536568,0.03271875207486963,-1.137361724138693
600079_2022,600079,2022,C,制造业,239,24,15,3.2188758248682006,100.418410041841,33.334682919357775,0.24452471605264745,0.1847390527299125,0.0867373078347481,0.19110086404134946,2.772588722239781,6,6,3,9,0.3891753770806745,0.5894791154722205,0.19718456204709292,0.11559064375581043
600079_2023,600079,2023,C,制造业,146,7,6,2.0794415416798357,47.94520547945205,12.959788796514733,-2.2407328844238705,-1.6158800147740007,-2.107452988434291,-1.885391672128932,1.9459101490553132,5,1,1,0,-0.033931572673743644,-1.8944003678509151,-1.123375120578377,-3.23646630884825
600080_2013,600080,2013,F,批发和零售业,245,22,13,3.1354942159291497,89.79591836734693,31.10505605526724,1.5487061926451524,1.3127535070883674,1.4523641016095639,0.9512326736737488,2.6390573296152584,9,2,2,9,2.059942338024956,-0.31314870691150887,0.7718410859014158,1.1896789956004354
600080_2014,600080,2014,F,批发和零售业,188,10,6,2.3978952727983707,53.191489361702125,18.67284053058538,-0.6417665590869169,-0.8093136389780664,-0.4301012183827434,-0.7971887637769868,1.9459101490553132,2,2,2,4,-0.7468865039170055,-0.7697888665868351,0.3210744574497145,-0.12007691976207009
600080_2015,600080,2015,F,批发和零售业,168,16,10,2.833213344056216,95.23809523809523,20.294924222319477,1.096306278245075,0.9422108624944155,0.24228304939334222,1.317838982025651,2.3978952727983707,4,2,1,9,0.6465717420326872,0.2340472262192662,-0.4300056312583549,1.304978579319854
600080_2016,600080,2016,F,批发和零售业,201,12,9,2.5649493574615367,59.701492537313435,23.118623979150648,-0.8714401666487309,-0.495310461777093,-0.6217580142985785,-1.0649776098298145,2.302585092994046,2,4,0,6,-0.9503323925141419,-0.18248641655284437,-1.786721566636543,-0.16685770185937546
600080_2017,600080,2017,F,批发和零售业,262,34,15,3.5553480614894135,129.7709923664122,41.035652880745424,0.987831861359753,0.34725929344619655,0.9586318526983411,1.4933609903959582,2.772588722239781,7,3,4,20,0.5216785534539132,-0.44201234128790107,0.48262074357128054,1.2184800305311414
600080_2018,600080,2018,F,批发和零售业,204,20,12,3.044522437723423,98.0392156862745,22.707501959233277,0.6536196173662832,0.615765299225488,0.11106675866529095,0.502203672510746,2.5649493574615367,6,3,2,9,1.1789930124475583,0.054510387519520746,0.7495621053946327,0.347944097569754
600080_2019,600080,2019,F,批发和零售业,197,15,8,2.772588722239781,76.14213197969544,19.244302799458463,-0.01235971021289007,-0.36662050683407227,-0.38842687068764886,-0.12983634479245304,2.1972245773362196,5,3,1,6,0.45052851516833076,0.056870356207326965,-0.30226578155417844,0.0542358341945206
600080_2020,600080,2020,F,批发和零售业,199,9,8,2.302585092994046,45.22613065326633,16.31609380006817,-1.0401140006215759,-0.4115338175540407,-0.7769098452354448,-1.40991092444829,2.1972245773362196,2,2,2,3,-1.0352645234974296,-0.2874015390017773,-0.03211765643892485,-0.8166536468354016
600080_2021,600080,2021,F,批发和零售业,186,15,9,2.772588722239781,80.64516129032258,24.35967069976454,-0.02395702022463944,-0.2671967382122759,-0.10300683308537055,0.12210153506300664,2.302585092994046,2,7,1,5,-0.8043265449931762,1.1548362703793007,-0.7128904990153985,-0.01334547227929669
600080_2022,600080,2022,F,批发和零售业,241,19,13,2.995732273553991,78.83817427385893,31.511146571424494,0.20300697000380286,0.3366035366868308,0.4979036622938527,-0.20548328573158603,2.6390573296152584,4,6,3,6,0.03153079169507465,1.1342298351875442,0.3307752334646315,-0.07621318203328029
600080_2023,600080,2023,F,批发和零售业,257,24,16,3.2188758248682006,93.3852140077821,35.68399923632148,0.8744355038981628,0.9003572701993138,0.9476448072718711,0.6142774178233327,2.833213344056216,5,5,4,10,0.39255641415065734,0.27510666279511825,0.9107019872581564,1.1070994974082637
600081_2013,600081,2013,G,交通运输、仓储和邮政业,124,4,4,1.6094379124341003,32.25806451612903,7.0166842370412095,-1.8938536866208948,-0.9828256661903533,-1.1171486028189535,-1.478578890291676,1.6094379124341003,1,1,1,1,-1.2060317674344043,-0.6904519151659114,-0.3216651500071934,-1.4542197826526497
600081_2014,600081,2014,G,交通运输、仓储和邮政业,166,12,8,2.5649493574615367,72.28915662650603,17.73455377574205,0.14615844895388716,0.3226302143137654,-0.05972570278208772,0.13841072427814025,2.1972245773362196,3,4,1,4,0.4268444298329018,0.7411708931391608,-0.33798591952056994,-0.1588751417921316
600081_2015,600081,2015,G,交通运输、仓储和邮政业,142,5,2,1.791759469228055,35.21126760563381,4.7437045633282375,-1.3897561501340194,-2.303616322562773,-1.3337917504672352,-1.1598095188445887,1.0986122886681098,0,1,1,3,-2.5009110343152763,-0.7514468650230048,-0.37681023788127177,-0.09436953736281513
600081_2016,600081,2016,G,交通运输、仓储和邮政业,144,4,3,1.6094379124341003,27.777777777777775,7.661647955087365,-1.9501014493353637,-1.62122281179803,-1.0467744018635454,-1.7667254509201047,1.3862943611198906,2,1,1,0,-0.3401431800417527,-0.9169769622188119,-0.21409475025630806,-2.2745281167417026
600081_2017,600081,2017,G,交通运输、仓储和邮政业,95,2,2,1.0986122886681098,21.052631578947366,3.430298561356145,-2.642110144053271,-2.0856605221754476,-1.268173778647065,-1.6399674249386738,1.0986122886681098,1,1,0,0,-0.8503680573125237,-0.7211873373838532,-1.763231777851099,-1.925668287214325
600081_2018,600081,2018,G,交通运输、仓储和邮政业,202,24,14,3.2188758248682006,118.8118811881188,31.02699876055572,-0.020745932552218897,-0.12257040403152437,-0.6570092824674654,0.6960120686310065,2.70805020110221,5,7,2,10,-0.0838516025085294,0.6930999348555239,-0.47086610365058856,-0.009749890483671218
600081_2019,600081,2019,G,交通运输、仓储和邮政业,117,1,1,0.6931471805599453,8.547008547008549,1.7481776501657613,-3.717742103947209,-3.0495160890355373,-1.6180920040391809,-2.307723037880672,0.6931471805599453,0,0,1,0,-2.3355489307448325,-2.253844616804649,-0.25033894200378526,-2.2734042764388547
600081_2020,600081,2020,G,交通运输、仓储和邮政业,190,17,10,2.8903717578961645,89.47368421052632,26.866534234050906,-0.19201842156908525,-0.45971355964843214,-0.20421839013882334,0.0538858695155783,2.3978952727983707,5,4,3,5,0.09904056872037738,0.001952424197775947,0.43448226251906397,-0.3325830441657246
600081_2021,600081,2021,G,交通运输、仓储和邮政业,144,5,4,1.791759469228055,34.72222222222222,9.61826456049961,-2.4207811417212035,-1.9990005062269127,-1.724492786724587,-2.148513821152596,1.6094379124341003,3,0,1,1,-0.2597221177655303,-2.658991764892032,-0.6274914150497246,-2.0925292943674525
600081_2022,600081,2022,G,交通运输、仓储和邮政业,120,7,5,2.0794415416798357,58.333333333333336,7.6273580483185555,-1.6261009894419425,-1.5268686058255418,-1.8845459231444084,-1.0334728706840386,1.791759469228055,0,1,3,3,-3.1743705902181723,-1.537990498894505,0.49380449077070265,-0.6447536951574286
600081_2023,600081,2023,G,交通运输、仓储和邮政业,165,12,6,2.5649493574615367,72.72727272727272,13.311520698948431,-1.3243639795688857,-1.8404297217260792,-2.1181527016258235,-1.084527828592539,1.9459101490553132,5,0,0,7,0.029153008604786684,-3.3520019329766075,-2.5591395753110215,-0.38175804477508685
600082_2013,600082,2013,C,制造业,174,17,12,2.8903717578961645,97.70114942528737,21.13659226695346,1.1599758858993983,1.3521405962790567,0.5040543916127419,1.4446114297118593,2.5649493574615367,3,2,4,8,0.4637128898176665,-0.04365669714339641,1.4787027624407616,1.1782742844967535
600082_2014,600082,2014,C,制造业,191,12,7,2.5649493574615367,62.82722513089005,18.59888461364258,0.4873289344564804,0.2974240266291557,0.25779596344417677,0.05130850383997903,2.0794415416798357,5,1,2,4,1.2833942879626579,-0.782719829982931,0.5555603226572033,0.25528430874824903
600082_2015,600082,2015,C,制造业,213,16,14,2.833213344056216,75.11737089201878,23.351220237867842,0.05522710040156328,0.7632171802809864,-0.1261589794352845,-0.25939933881303073,2.70805020110221,4,6,1,5,0.1022227827301504,1.2101908103053867,-0.7752026506966606,-0.15623805697677473
600082_2016,600082,2016,C,制造业,241,22,16,3.1354942159291497,91.2863070539419,30.775183477677164,1.0750946895205997,1.3743972537683775,1.0227705102133078,0.7387821147956266,2.833213344056216,6,5,3,8,1.1250369646800493,1.0917856226622038,0.7890208521739589,0.6586450290640231
600082_2017,600082,2017,C,制造业,201,17,11,2.8903717578961645,84.5771144278607,21.841725394706263,-0.140486363014961,-0.08008356180430164,-0.6677673411484927,-0.14390301201778258,2.4849066497880004,3,4,2,8,-0.5697460368007496,0.19035493989558291,-0.12031345029453121,0.19934559246308367
600082_2018,600082,2018,C,制造业,192,12,10,2.5649493574615367,62.5,16.48793475940827,-0.9869756251661109,-0.4282227004588593,-1.3972502029976208,-1.1410802242375182,2.3978952727983707,2,2,2,6,-1.1632201503423543,-0.9242361701035237,-0.1268685301685661,-0.28559478575093766
600082_2019,600082,2019,C,制造业,250,28,18,3.367295829986474,112.0,36.26438981674119,1.0085520826263839,1.1302149168811708,1.0508472600203025,1.0227636064105914,2.9444389791664403,4,6,4,14,0.0597866093756759,0.8016780334022046,1.0944959350735586,0.9916954936311926
600082_2020,600082,2020,C,制造业,188,18,11,2.9444389791664403,95.74468085106383,24.351219709419347,-0.15089822892215393,-0.23144257889734748,-0.6399097660448364,0.22895662034563247,2.4849066497880004,7,1,4,6,0.6098675187307795,-1.8084707079525304,0.8391551898888467,-0.15442467481602185
600082_2021,600082,2021,C,制造业,215,23,12,3.1780538303479458,106.97674418604652,28.396780273937136,0.8097741376904456,0.3438894598844271,0.39090453478709325,1.0751632820581059,2.5649493574615367,6,4,3,10,0.6777253065684874,0.42325862180033474,0.5951767211276344,0.8213856158893682
600082_2022,600082,2022,C,制造业,212,24,16,3.2188758248682006,113.20754716981132,27.9515316224127,0.24452471605264745,0.32724987139524,-0.5014794711718392,0.7249196597101782,2.833213344056216,3,4,5,12,-0.7548222260884853,-0.09353427918110145,0.9899245450590797,0.5111205717399934
600082_2023,600082,2023,C,制造业,225,28,16,3.367295829986474,124.44444444444444,33.534667890292866,0.6431809853383195,0.4699112188079193,0.1407634263375311,1.3076878300497352,2.833213344056216,8,4,1,15,0.7949426689836255,-0.03439893191880881,-1.123375120578377,0.943378152298408
600083_2013,600083,2013,C,制造业,138,10,6,2.3978952727983707,72.46376811594203,14.32788384214519,0.057164971030513774,-0.1030401823001056,-0.23993297153429807,0.39120271561452125,1.9459101490553132,0,3,2,5,-2.3702268606296255,0.5403163249974917,0.47996849848453627,0.5670112173422974
600083_2014,600083,2014,C,制造业,114,5,3,1.791759469228055,43.859649122807014,9.87656667976117,-1.2440882475046333,-1.3319629979408243,-0.6952914527409716,-0.7403984330766298,1.3862943611198906,2,3,0,0,-0.13357558726098795,0.6243169393585903,-1.5923776124195355,-2.1710402629006893
600083_2015,600083,2015,C,制造业,146,4,3,1.6094379124341003,27.397260273972602,7.601037493588761,-2.6851939027926366,-2.343845613478055,-1.847180970376272,-2.2512375468494703,1.3862943611198906,0,1,2,1,-3.1878793801606737,-1.3328240202800417,0.017537332315326445,-1.8124622394178949
600083_2016,600083,2016,C,制造业,186,7,3,2.0794415416798357,37.634408602150536,15.035776927780852,-1.2897419089361806,-2.02688761403691,-0.6970739662941956,-1.5006490157255998,1.3862943611198906,1,2,1,3,-1.4359305137127565,-0.3152511466793173,-0.5661770998907929,-0.5638811052448887
600083_2017,600083,2017,C,制造业,228,19,12,2.995732273553991,83.33333333333333,31.96698110137435,0.0954492200628622,0.10807351789318845,0.4386190429336892,-0.1958184555158565,2.5649493574615367,7,5,2,5,0.8472238384228962,0.5604540205056309,-0.12031345029453121,-0.41191747469137235
600083_2018,600083,2018,C,制造业,168,9,6,2.302585092994046,53.57142857142857,17.694803227594154,-1.5744923559778166,-1.4907080088902678,-1.2653757220697335,-1.5137589436344017,1.9459101490553132,3,0,2,4,-0.5751245167760771,-3.1543366866456783,-0.1268685301685661,-0.7928469444608205
600083_2019,600083,2019,C,制造业,171,10,6,2.3978952727983707,58.47953216374269,14.089570793281858,-1.1622429658615219,-1.217035371474299,-1.3721945423595518,-1.2111816080401163,1.9459101490553132,2,3,2,3,-0.9844714366341331,-0.33430002784170243,0.09576167111733325,-1.0009310298855372
600083_2020,600083,2020,C,制造业,138,7,5,2.0794415416798357,50.72463768115942,13.577050393242047,-2.0879016072751653,-1.860829603467328,-1.8172029205638183,-1.6501807276586344,1.791759469228055,3,3,0,1,-0.8071023564928664,-0.40143393861100896,-2.3075170091441173,-2.0430402898881783
600083_2021,600083,2021,C,制造业,194,11,8,2.4849066497880004,56.70103092783505,15.577730281356322,-0.7424020564283619,-0.5205243358479833,-1.009832669244205,-1.0233458225314322,2.1972245773362196,4,1,2,4,-0.010109884157140599,-1.4367428141317715,0.03271875207486963,-0.36726133493087504
600083_2022,600083,2022,C,制造业,204,15,10,2.772588722239781,73.52941176470588,23.528201564009397,-0.7548535341517211,-0.6960560537552716,-0.9848166125435796,-0.9312463696628751,2.3978952727983707,3,3,3,6,-0.7548222260884853,-0.5464989457716865,0.19718456204709292,-0.42211831282097184
600083_2023,600083,2023,C,制造业,174,18,12,2.9444389791664403,103.44827586206897,21.945115465733004,-0.30372950607085913,-0.16069923619483845,-1.1256266157129888,0.43130740546340907,2.5649493574615367,4,4,3,7,-0.40664340188758047,-0.03439893191880881,0.2318228314863748,-0.10158296298825664
600084_2013,600084,2013,I,信息传输、软件和信息技术服务业,183,24,15,3.2188758248682006,131.14754098360658,24.642881339982466,0.9316165363954235,0.8608527377415093,0.11470547558774676,1.9566104771646613,2.772588722239781,5,3,1,15,0.3162292769144542,-0.10226991725038434,-0.460291855543244,1.5902996470742023
600084_2014,600084,2014,I,信息传输、软件和信息技术服务业,217,26,17,3.295836866004329,119.81566820276497,33.79944640087235,1.336528595436645,1.3940568762845922,1.3685273109065623,1.8217535354328693,2.8903717578961645,3,7,4,12,-0.05329699060448179,1.5302504097123342,1.1367563790867188,1.0504164945974634
600084_2015,600084,2015,I,信息传输、软件和信息技术服务业,325,33,23,3.5263605246161616,101.53846153846153,46.86159282377525,0.7398724106830007,0.9612226199813936,1.4082167145568198,0.004680214731549777,3.1780538303479458,11,6,2,14,1.109304346099328,0.6463712749362527,-0.407325226072158,0.4988592568982083
600084_2016,600084,2016,I,信息传输、软件和信息技术服务业,190,18,10,2.9444389791664403,94.73684210526316,25.147762112863486,0.17019772352260124,-0.11851259624780641,-0.0004119944174701145,0.6162946416450658,2.3978952727983707,3,6,2,7,-0.4238992648662311,0.9409840118062147,-0.1858668074832562,0.11919605208732034
600084_2017,600084,2017,I,信息传输、软件和信息技术服务业,286,24,17,3.2188758248682006,83.91608391608392,39.09495037939791,0.6192803112653569,0.772259844477079,1.1302451709039651,-0.0032493613867506537,2.8903717578961645,9,5,3,7,0.9409666854674501,0.6689641275521773,0.6713949978563608,0.21370731239262436
600084_2018,600084,2018,I,信息传输、软件和信息技术服务业,330,36,16,3.6109179126442243,109.09090909090908,52.61183939125601,1.0753465933096769,0.31497805360580444,2.072368587860694,0.8109833343102978,2.833213344056216,7,2,9,18,0.40214107351821937,-1.2733117749269436,2.0433129516201785,1.2388574058107242
600084_2019,600084,2019,I,信息传输、软件和信息技术服务业,187,18,10,2.9444389791664403,96.2566844919786,25.11752791262511,-0.4366771364717075,-0.6562278540804702,-0.8439707748310897,0.0029481661303762305,2.3978952727983707,5,4,3,6,0.11928095950989863,-0.2464818800544389,0.12090370542050662,-0.497298077773309
600084_2020,600084,2020,I,信息传输、软件和信息技术服务业,272,33,20,3.5263605246161616,121.32352941176471,36.611272206775844,1.2334445151287294,0.9613285914672991,0.7294139658138785,1.5006970441977083,3.044522437723423,5,6,3,19,0.09827273540911298,0.5556100377287885,0.21061534637793555,1.83664154425012
600084_2021,600084,2021,I,信息传输、软件和信息技术服务业,311,32,22,3.4965075614664802,102.89389067524115,44.65247602221231,0.5292805051398094,0.6266186691442083,0.7626959682081819,0.1494777703656614,3.1354942159291497,3,13,4,12,-1.0203354008750793,1.8479834015113235,0.05036844813888002,0.340862325337988
600084_2022,600084,2022,I,信息传输、软件和信息技术服务业,352,45,30,3.828641396489095,127.8409090909091,59.28096774659421,1.3738307890052173,1.5424463029713462,2.398752348195877,1.1886414141769948,3.4339872044851463,6,10,6,23,0.10958704730605337,1.3090959766068457,1.1742640840687668,1.291464314739727
600084_2023,600084,2023,I,信息传输、软件和信息技术服务业,242,35,19,3.58351893845611,144.62809917355372,42.80016553659964,0.8840538163588363,0.7281054050936291,0.7189181932976347,1.9758644476652973,2.995732273553991,5,6,7,17,-0.45728965703913466,0.22349604459910102,1.718056161571311,1.0059636525595221
600085_2013,600085,2013,C,制造业,229,22,16,3.1354942159291497,96.06986899563319,29.236371091757714,1.7088827482130098,1.9827510512818145,1.3891169782236585,1.3765217575437787,2.833213344056216,7,4,3,8,1.8806827650413123,0.9932809915880767,1.042426467537301,1.1782742844967535
600085_2014,600085,2014,C,制造业,280,25,13,3.258096538021482,89.28571428571429,38.7349196282978,2.039505128575288,1.6129176608525233,2.458059898995458,1.1556862796443563,2.6390573296152584,6,6,2,11,1.598517649474449,1.7602950006024973,0.5555603226572033,1.5751061501137602
600085_2015,600085,2015,C,制造业,269,24,17,3.2188758248682006,89.21933085501858,41.049207039863646,0.9188476105471621,1.191802028162044,1.8076995018373587,0.32921670374662054,2.8903717578961645,5,10,4,5,0.4749346119439873,2.12768669882377,1.0162715962715516,-0.15623805697677473
600085_2016,600085,2016,C,制造业,307,29,17,3.4011973816621555,94.46254071661238,46.93492551971816,1.670088278356396,1.508760027603189,2.7885450332034,0.8713581605134691,2.8903717578961645,8,5,1,15,1.6387878448256274,1.0917856226622038,-0.5661770998907929,1.5260411253284405
600085_2017,600085,2017,C,制造业,253,29,18,3.4011973816621555,114.62450592885376,40.44678420398238,1.0034140881344469,1.000143027669496,1.3652068708583505,1.1102756071925892,2.9444389791664403,7,2,4,16,0.8472238384228962,-0.8465827488358902,0.878420813661694,1.1581369568665965
600085_2018,600085,2018,C,制造业,307,48,27,3.8918202981106265,156.3517915309446,56.68066693467944,1.984308893483722,1.7680660402496926,2.9946084231994963,2.776295109618321,3.332204510175204,13,10,2,23,1.9858429616167286,1.713210801799655,-0.1268685301685661,1.5719360121913555
600085_2019,600085,2019,C,制造业,256,23,12,3.1780538303479458,89.84375,35.64826405510624,0.5847792750545864,0.23814540710486337,0.983523216726635,0.0979613642272253,2.5649493574615367,5,8,4,6,0.43249843858951276,1.311827466559564,1.0944959350735586,-0.15727653010004503
600085_2020,600085,2020,C,制造业,287,30,19,3.4339872044851463,104.52961672473867,42.01150891950925,0.9453553843421507,0.9693595977915743,1.289829500503194,0.595639989300739,2.995732273553991,9,7,4,10,1.0660299311743122,1.005602830730512,0.8391551898888467,0.5269701172943386
600085_2021,600085,2021,C,制造业,307,24,13,3.2188758248682006,78.1758957654723,43.76665768503863,0.9011875198232294,0.5180957058752447,2.070370573502161,-0.12698460831730926,2.6390573296152584,5,8,4,7,0.3626019450566963,1.616421449611016,1.0314530160310948,0.3412974392801801
600085_2022,600085,2022,C,制造业,319,38,26,3.6635616461296463,119.12225705329153,49.52222405095284,1.2403171898337537,1.4147429537651113,1.855549436497579,0.9717997482678817,3.295836866004329,8,6,5,19,0.9029262572262526,0.5894791154722205,0.9899245450590797,1.1605517590424745
600085_2023,600085,2023,C,制造业,259,35,22,3.58351893845611,135.13513513513513,46.406956675580716,1.1273730458381057,1.180485457900367,1.547318031633792,1.7539174366501114,3.1354942159291497,9,6,5,15,1.0103264733360664,0.6486144627345133,1.0245628144983616,0.943378152298408
600086_2013,600086,2013,G,交通运输、仓储和邮政业,183,13,8,2.6390573296152584,71.03825136612022,20.42045647688745,0.41179047261818635,0.398889490225765,0.34748118344297046,0.14010675150970012,2.1972245773362196,5,2,2,4,1.0398123494466103,0.13261183203472182,0.4710748330047936,-0.07285632629037596
600086_2014,600086,2014,G,交通运输、仓储和邮政业,225,17,11,2.8903717578961645,75.55555555555556,27.769667028557834,0.8748823291831648,0.9988869303486856,1.0368108181006623,0.2747502697089036,2.4849066497880004,5,1,4,7,1.2557186714902704,-1.1188305427929455,1.4534883274476422,0.5496836324189235
600086_2015,600086,2015,G,交通运输、仓储和邮政业,232,13,11,2.6390573296152584,56.03448275862069,22.438173993605524,0.5076122661356616,0.9551577265771877,0.5996823877043681,-0.29064817326720466,2.4849066497880004,3,6,1,3,0.3330287161320161,1.7915679655624235,-0.37681023788127177,-0.09436953736281513
600086_2016,600086,2016,G,交通运输、仓储和邮政业,163,9,6,2.302585092994046,55.214723926380366,18.00351894194551,-0.39792525521655553,-0.3057291775746621,0.08328152731749221,-0.6215068639799886,1.9459101490553132,1,5,2,1,-1.1690174216991216,1.3131235543233424,0.5786452327556789,-1.2295670014550382
600086_2017,600086,2017,G,交通运输、仓储和邮政业,151,10,6,2.3978952727983707,66.22516556291392,14.316837285705997,0.2673961973870432,-0.09391017191715952,-0.07860202230397219,0.24553489217169355,1.9459101490553132,3,3,1,3,0.5666018179111224,0.6858494319576681,-0.40803382578634734,0.16425394335900423
600086_2018,600086,2018,G,交通运输、仓储和邮政业,257,29,18,3.4011973816621555,112.84046692607004,40.95664269367294,0.38752981041718165,0.4331107247882718,0.42800260904952403,0.446765138372121,2.9444389791664403,9,8,1,11,0.9604064435012806,0.9321906599152693,-1.2636060866625756,0.12142500006159666
600086_2019,600086,2019,G,交通运输、仓储和邮政业,215,17,10,2.8903717578961645,79.06976744186046,22.310346357129145,1.2025400204335739,0.957849878189219,0.6287355471507574,0.6358980871254085,2.3978952727983707,2,4,3,8,-0.08970481386381726,1.0131935884689784,1.1048590100609665,1.0390440884433862
600086_2020,600086,2020,G,交通运输、仓储和邮政业,236,20,13,3.044522437723423,84.7457627118644,27.781096628386305,0.15317380058178917,0.10718815649013926,-0.10428418503821402,-0.14345765219181705,2.6390573296152584,2,6,3,9,-1.3179293065032684,0.684965818851098,0.43448226251906397,0.43751734504209405
600086_2021,600086,2021,G,交通运输、仓储和邮政业,224,26,14,3.295836866004329,116.07142857142857,29.87056929450314,0.9473247885407727,0.5835168268781273,0.4884759375347273,1.2470034000190082,2.70805020110221,3,5,1,17,-0.2597221177655303,0.9781455209916438,-0.6274914150497246,1.219919070514788
600086_2022,600086,2022,G,交通运输、仓储和邮政业,255,15,14,2.772588722239781,58.8235294117647,26.666087625798568,-0.07392479532313498,0.62706387939844,0.19581548055570364,-1.0130120782465628,2.70805020110221,6,5,4,0,0.8035667633982795,0.6921100176476492,0.9300807856741631,-2.7346759257307576
600086_2023,600086,2023,G,交通运输、仓储和邮政业,311,36,25,3.6109179126442243,115.7556270096463,51.25574414783301,1.0178910806621566,1.2441380814230636,2.028011444211082,0.7114763922390247,3.258096538021482,10,8,6,12,1.2682494055053535,1.1081991001077014,1.2453820657803445,0.3501742242847061
600087_2013,600087,2013,C,制造业,227,19,10,2.995732273553991,83.70044052863436,27.377438140614057,1.3959114689772214,0.9594451261313028,1.1859914310127775,0.8602216083395013,2.3978952727983707,5,6,1,7,1.2925871314750352,1.6762943862413988,-0.31277148452745074,1.000709265474506
600087_2014,600087,2014,C,制造业,181,11,8,2.4849066497880004,60.773480662983424,15.270057460862688,0.30808794661417427,0.5742976191292954,-0.1059448786140906,-0.03441482428602295,2.1972245773362196,3,2,1,5,0.45452004630528925,0.04034391721770217,-0.2371796603547836,0.5301450348270955
600087_2015,600087,2015,C,制造业,180,15,12,2.772588722239781,83.33333333333333,22.26411333189783,-0.08053063965720639,0.4268287993244751,-0.24494711809086853,0.08353506964607287,2.5649493574615367,6,3,3,3,0.7900579734557783,0.0742127490614796,0.5799953013680912,-0.7675011241312305
600087_2016,600087,2016,C,制造业,180,12,5,2.5649493574615367,66.66666666666667,20.062756017370194,-0.20253605302228958,-1.0737573055018506,-0.14777611358666112,-0.2888420829770238,1.791759469228055,7,1,0,4,1.3980092367345354,-1.1383148938799506,-1.9213750519555446,-0.22747876416927934
600087_2017,600087,2017,C,制造业,224,26,18,3.295836866004329,116.07142857142857,27.24546749382863,0.7674785050566237,1.000143027669496,-0.07730060581228074,1.1706701822727161,2.9444389791664403,2,4,5,15,-1.157841670367027,0.19035493989558291,1.2348845017702204,1.066741688727501
600087_2018,600087,2018,C,制造业,218,21,15,3.091042453358316,96.33027522935781,27.312762490860262,0.19111353431308972,0.4525724060263248,-0.2144216049774749,0.2709960244864533,2.772588722239781,5,4,3,9,0.2537497248812916,0.11270151862794953,0.43558943888419865,0.2521141708258446
600087_2019,600087,2019,C,制造业,228,16,12,2.833213344056216,70.17543859649122,23.308017589480894,-0.18742785295822875,0.23814540710486337,-0.36489514043098004,-0.7229942797073571,2.5649493574615367,6,1,1,8,0.7476218001013039,-1.7413367971832239,-0.6969783118946538,0.22159510442337457
600087_2020,600087,2020,C,制造业,196,24,14,3.2188758248682006,122.44897959183673,31.248658710922875,0.4636528370480109,0.293102881756654,0.11377318452749123,1.343594492341174,2.70805020110221,7,2,3,12,0.6098675187307795,-0.9854069607518972,0.40287889498538626,0.7788142097449433
600087_2021,600087,2021,C,制造业,227,22,12,3.1354942159291497,96.91629955947137,33.283835808132224,0.7144696739568335,0.3438894598844271,0.9249129448390097,0.6552401566186341,2.5649493574615367,5,7,2,8,0.3626019450566963,1.377330724551271,0.03271875207486963,0.5188624583024274
600087_2022,600087,2022,C,制造业,236,22,15,3.1354942159291497,93.22033898305085,37.217390278637474,0.057806870186251594,0.1847390527299125,0.5110006232642753,-0.10934674124223082,2.772588722239781,7,7,2,6,0.6621476491351606,0.8605378235698347,-0.36527340700567185,-0.42211831282097184
600087_2023,600087,2023,C,制造业,221,22,14,3.1354942159291497,99.54751131221718,25.982622236442626,0.12410371403290976,0.175689144761673,-0.6844483732898439,0.2684894285073664,2.70805020110221,5,5,2,10,-0.033931572673743644,0.33570014869123915,-0.33063513756638996,0.3785052136209315
600088_2013,600088,2013,C,制造业,184,11,5,2.4849066497880004,59.78260869565218,17.273648988299584,0.2520110178278145,-0.4654035079884138,0.08195069667397542,-0.1381090887462695,1.791759469228055,1,3,2,5,-0.9532569854059796,0.5403163249974917,0.47996849848453627,0.5670112173422974
600088_2014,600088,2014,C,制造业,226,24,13,3.2188758248682006,106.19469026548673,29.935323227157486,1.9516775228657655,1.6129176608525233,1.4965282670359177,1.8614672172632327,2.6390573296152584,6,4,2,12,1.598517649474449,1.0772816059491752,0.5555603226572033,1.695775352019097
600088_2015,600088,2015,C,制造业,214,20,9,3.044522437723423,93.45794392523364,30.60349302713973,0.5284151245180292,-0.18991312825407258,0.6662966483683629,0.506136483541604,2.302585092994046,10,2,1,7,1.7140310088445538,-0.5097602730794085,-0.7752026506966606,0.2774599911554339
600088_2016,600088,2016,C,制造业,229,22,16,3.1354942159291497,96.06986899563319,30.740885774916947,1.0750946895205997,1.3743972537683775,1.0190228012725635,0.9384480695171665,2.833213344056216,4,6,3,9,0.4372017739544214,1.4046999367054778,0.7890208521739589,0.8174823511173858
600088_2017,600088,2017,C,制造业,261,32,19,3.4965075614664802,122.60536398467433,35.20164815006427,1.2168437843065458,1.1207186148846202,0.7920710132728654,1.443396754704918,2.995732273553991,7,7,2,16,0.8472238384228962,1.144427042646519,-0.12031345029453121,1.1581369568665965
600088_2018,600088,2018,C,制造业,254,20,15,3.044522437723423,78.74015748031496,32.553647181628364,0.08694047721404116,0.4525724060263248,0.3582497062855049,-0.46321578186995854,2.772588722239781,5,3,6,6,0.2537497248812916,-0.34026314796263546,1.529715175846061,-0.28559478575093766
600088_2019,600088,2019,C,制造业,283,38,22,3.6635616461296463,134.27561837455832,46.49065155337441,1.6719851309684763,1.5793301012000687,2.168270569934394,1.9525482865262485,3.1354942159291497,12,7,1,18,2.0130960521718597,1.0727367414998186,-0.6969783118946538,1.3480658116460504
600088_2020,600088,2020,C,制造业,283,33,19,3.5263605246161616,116.6077738515901,49.298163815313096,1.1522085210212194,0.9693595977915743,2.0860420600451652,1.099782467940184,2.995732273553991,9,6,6,12,1.0660299311743122,0.734544122632898,1.4970046319472485,0.7788142097449433
600088_2021,600088,2021,C,制造业,184,22,13,3.1354942159291497,119.56521739130436,27.121768087761684,0.7144696739568335,0.5180957058752447,0.2515839918605206,1.6006063622674227,2.6390573296152584,6,5,2,9,0.6777253065684874,0.7933577024103827,0.03271875207486963,0.67769978035579
600088_2022,600088,2022,C,制造业,257,27,19,3.332204510175204,105.05836575875486,34.89574673107765,0.4983035560707372,0.709284513383914,0.25731470321182254,0.38477269256077246,2.995732273553991,9,3,4,11,1.1183100615786934,-0.5464989457716865,0.6334608569505534,0.3904513698346565
600088_2023,600088,2023,C,制造业,221,22,13,3.1354942159291497,99.54751131221718,30.99037306648549,0.12410371403290976,0.013507009795979182,-0.13725159191997588,0.2684894285073664,2.6390573296152584,1,6,0,15,-2.279775689554758,0.6486144627345133,-2.4785730726431288,0.943378152298408
600089_2013,600089,2013,C,制造业,241,29,18,3.4011973816621555,120.33195020746888,33.18743899658554,2.3038763370488065,2.2442101060553643,1.8208500483926209,2.389221429407951,2.9444389791664403,4,6,5,14,0.9198753022611983,1.6762943862413988,1.8351664505492877,1.9483746737045715
600089_2014,600089,2014,C,制造业,206,21,11,3.091042453358316,101.94174757281553,32.07422617905368,1.665418093935681,1.2505543351642157,1.7302461277406784,1.6839493187894528,2.4849066497880004,5,8,2,6,1.2833942879626579,2.270444433759857,0.5555603226572033,0.7625364674581319
600089_2015,600089,2015,C,制造业,257,32,21,3.4965075614664802,124.5136186770428,39.67362626321218,1.5405530496886615,1.6635203537467016,1.6573898320785891,1.8024008623507648,3.091042453358316,4,6,3,19,0.1022227827301504,1.2101908103053867,0.5799953013680912,1.658823447517708
600089_2016,600089,2016,C,制造业,168,14,8,2.70805020110221,83.33333333333333,22.717278798155462,0.1179120842375885,-0.12062699696679047,0.14228351018784238,0.4068248598971581,2.1972245773362196,4,4,2,4,0.4372017739544214,0.7216865420521558,0.2265628831211941,-0.22747876416927934
600089_2017,600089,2017,C,制造业,312,35,26,3.58351893845611,112.17948717948718,49.34037842133821,1.4116898311038466,1.8261770552658174,2.33700964134586,1.0082204840740747,3.295836866004329,9,4,8,14,1.303386250866429,0.19035493989558291,2.0276244847822076,0.9694459816709017
600089_2018,600089,2018,C,制造业,292,26,16,3.295836866004329,89.04109589041096,45.070135078669864,0.6497131231347515,0.5950832246916522,1.7259259593105374,-0.03325444192075525,2.833213344056216,7,8,1,10,0.8418453584475688,1.305864346438631,-0.9196085131805531,0.3958000063594228
600089_2019,600089,2019,C,制造业,249,22,15,3.1354942159291497,88.35341365461848,37.17028224055636,0.4894748113209743,0.7262450434422936,1.1498340977050292,0.035754700472474615,2.772588722239781,9,5,3,5,1.4767564845993226,0.48876371935893054,0.658219640170098,-0.38966796273108145
600089_2020,600089,2020,C,制造业,277,26,16,3.295836866004329,93.86281588447653,46.12062557437169,0.6359929969395882,0.5873249558029003,1.7388325527965927,0.1504075454531637,2.833213344056216,7,7,6,6,0.6098675187307795,1.005602830730512,1.4970046319472485,-0.15442467481602185
600089_2021,600089,2021,C,制造业,244,18,15,2.9444389791664403,73.77049180327869,24.835831135746147,0.28663645385306463,0.8319890962218572,0.0017997304206115248,-0.3108662427076119,2.772588722239781,4,5,2,7,-0.010109884157140599,0.7933577024103827,0.03271875207486963,0.3412974392801801
600089_2022,600089,2022,C,制造业,246,33,21,3.5263605246161616,134.14634146341464,42.24507118929312,0.9330804000258561,0.9333309708147088,1.0603751639384467,1.598905280532322,3.091042453358316,7,8,2,16,0.6621476491351606,1.09962854862958,-0.36527340700567185,0.9155446861059606
600089_2023,600089,2023,C,制造业,218,26,14,3.295836866004329,119.26605504587157,35.95376539013585,0.483161719790883,0.175689144761673,0.4050981368012795,1.091541770734699,2.70805020110221,8,2,3,13,0.7949426689836255,-1.071336620650282,0.2318228314863748,0.7420715367972355
600090_2013,600090,2013,C,制造业,170,9,5,2.302585092994046,52.94117647058823,12.348745440321935,-0.15626472514158504,-0.4654035079884138,-0.45619336469645566,-0.4236705831997386,1.791759469228055,1,2,2,4,-0.9532569854059796,-0.04365669714339641,0.47996849848453627,0.292150491263451
600090_2014,600090,2014,C,制造业,131,5,2,1.791759469228055,38.16793893129771,4.777302292996081,-1.2440882475046333,-2.0082197139757447,-1.2524879176792976,-0.9779705107958159,1.0986122886681098,0,1,1,3,-2.379419704142003,-0.782719829982931,-0.2371796603547836,-0.08111803232736023
600090_2015,600090,2015,C,制造业,138,13,7,2.6390573296152584,94.20289855072464,14.994618184524501,-0.37954974355355564,-0.7144585889080751,-1.039284632442099,0.5372309019553225,2.0794415416798357,2,2,1,8,-0.9420352632796586,-0.5097602730794085,-0.7752026506966606,0.45502501017768127
600090_2016,600090,2016,C,制造业,164,9,7,2.302585092994046,54.8780487804878,11.247622180520866,-0.7900527838339954,-0.39750058946693023,-1.1110055206750489,-0.7808991889124214,2.0794415416798357,5,1,0,3,0.8099136031682582,-1.1383148938799506,-1.9213750519555446,-0.5638811052448887
600090_2017,600090,2017,C,制造业,180,14,6,2.70805020110221,77.77777777777779,17.888821103667155,-0.5487621059843605,-1.347107260685974,-1.0997010731830847,-0.4277074364739168,1.9459101490553132,3,3,0,8,-0.5697460368007496,-0.2626097266950021,-2.26825138537127,0.19934559246308367
600090_2018,600090,2018,C,制造业,194,14,10,2.70805020110221,72.16494845360825,19.731378269450996,-0.6665274879062328,-0.4282227004588593,-1.042839228992515,-0.7376651156120259,2.3978952727983707,3,3,3,5,-0.5751245167760771,-0.34026314796263546,0.43558943888419865,-0.5179862183819741
600090_2019,600090,2019,C,制造业,129,8,4,2.1972245773362196,62.01550387596899,10.799691132747133,-1.611608245111444,-2.007983545043665,-1.7316795931210305,-1.0635900901720727,1.6094379124341003,1,3,0,4,-1.813345678291502,-0.33430002784170243,-2.0521762639594057,-0.6645286888099279
600090_2020,600090,2020,C,制造业,173,8,6,2.1972245773362196,46.24277456647398,15.420676081074207,-1.824148065250803,-1.4984662777790199,-1.6157499975508869,-1.8372537683410612,1.9459101490553132,2,4,1,1,-1.3951979900591436,0.05153072797957602,-0.9523190570793655,-2.0430402898881783
600090_2021,600090,2021,C,制造业,137,4,4,1.6094379124341003,29.197080291970803,6.985124903765025,-2.7028539935165696,-1.9022394922641015,-1.9487463983362598,-2.1713611778802786,1.6094379124341003,2,0,0,2,-1.0543679301669495,-2.843779583473293,-2.115219183001869,-1.137361724138693
600090_2022,600090,2022,C,制造业,168,12,7,2.5649493574615367,71.42857142857143,18.49958099621832,-1.2198238723566377,-1.444647971840068,-1.53429382952445,-1.0189354801092005,2.0794415416798357,3,1,2,6,-0.7548222260884853,-1.9535357151132078,-0.36527340700567185,-0.42211831282097184
600090_2023,600090,2023,C,制造业,133,10,6,2.3978952727983707,75.18796992481202,14.397611118262459,-1.5276140631495865,-1.6158800147740007,-1.9503421869299415,-0.7482782327002295,1.9459101490553132,4,1,1,4,-0.40664340188758047,-1.8944003678509151,-1.123375120578377,-0.8101417371993118
600091_2013,600091,2013,C,制造业,118,5,5,1.791759469228055,42.3728813559322,8.870230453907162,-1.3001651762909932,-0.4654035079884138,-0.8362905917976535,-0.8647913964280337,1.791759469228055,5,0,0,0,1.2925871314750352,-2.273757213685551,-1.6679694365922024,-2.1341740803854874
600091_2014,600091,2014,C,制造业,156,8,4,2.1972245773362196,51.28205128205128,10.659673048665066,-0.3361233794330485,-0.8074175372868229,-0.6097214435536757,-0.4305872439423785,1.6094379124341003,0,2,2,4,-2.379419704142003,0.04034391721770217,0.5555603226572033,0.25528430874824903
600091_2015,600091,2015,C,制造业,150,9,6,2.302585092994046,60.0,11.767049505132047,-1.1330177086738287,-1.0283519792546874,-1.3919609641833552,-0.8903986503777822,1.9459101490553132,4,1,0,4,0.1022227827301504,-1.3328240202800417,-2.130400602761412,-0.4310987830556212
600091_2016,600091,2016,C,制造业,164,15,8,2.772588722239781,91.46341463414635,18.95617175921208,0.26243428518262696,-0.12062699696679047,-0.2686925419253093,0.7461745881284669,2.1972245773362196,3,2,1,9,-0.018960638489110466,-0.3152511466793173,-0.5661770998907929,0.8174823511173858
600091_2017,600091,2017,C,制造业,171,10,6,2.3978952727983707,58.47953216374269,14.428925801086429,-1.2432972778838456,-1.347107260685974,-1.4777637279962625,-1.2332165282229703,1.9459101490553132,0,3,2,5,-3.4036857872480417,-0.2626097266950021,-0.12031345029453121,-0.41191747469137235
600091_2018,600091,2018,C,制造业,194,15,11,2.772588722239781,77.31958762886599,23.24313249122678,-0.5220052869611943,-0.22368431000859557,-0.6591099516511926,-0.5225103910117629,2.4849066497880004,4,4,2,5,-0.11896210433254525,0.11270151862794953,-0.1268685301685661,-0.5179862183819741
600091_2019,600091,2019,C,制造业,243,26,16,3.295836866004329,106.99588477366255,34.355199352323694,0.8485328170789475,0.868755862107621,0.8422300758577357,0.8138917539328123,2.833213344056216,5,5,3,13,0.43249843858951276,0.48876371935893054,0.658219640170098,0.8876845851866193
600091_2020,600091,2020,C,制造业,159,9,8,2.302585092994046,56.60377358490566,16.528135498523135,-1.58821248217298,-0.9076992949322679,-1.4947379405830654,-1.404785497604575,2.1972245773362196,5,2,1,1,0.021771885164502274,-0.9854069607518972,-0.9523190570793655,-2.0430402898881783
600091_2021,600091,2021,C,制造业,152,10,6,2.3978952727983707,65.78947368421052,14.211740782912715,-0.9372481032256627,-1.1112913186947353,-1.1590943003239975,-0.6439940712625485,1.9459101490553132,1,2,1,6,-1.8832421718243186,-0.6136790669311384,-0.7600212309371174,0.1399908237790078
600091_2022,600091,2022,C,制造业,173,15,10,2.772588722239781,86.70520231213872,17.703537147199693,-0.7548535341517211,-0.6960560537552716,-1.6212775167716338,-0.3812886538578859,2.3978952727983707,4,1,1,9,-0.2986598136449534,-1.9535357151132078,-1.1580133900176588,0.11559064375581043
600091_2023,600091,2023,C,制造业,216,25,12,3.258096538021482,115.74074074074075,28.47209240699651,0.3986491656088281,-0.16069923619483845,-0.41242404323112947,0.9443950932154402,2.5649493574615367,2,1,5,17,-1.4509014478973894,-1.8944003678509151,1.0245628144983616,1.1209431713206548
600092_2013,600092,2013,I,信息传输、软件和信息技术服务业,218,12,8,2.5649493574615367,55.04587155963303,23.710819008585872,-0.5327320520138614,-0.49166069432833126,0.012859052895037403,-1.2198744657831775,2.1972245773362196,4,4,3,1,-0.0564825522993827,0.3506947493402006,0.8949060965215078,-1.5445836987857915
600092_2014,600092,2014,I,信息传输、软件和信息技术服务业,202,10,6,2.3978952727983707,49.504950495049506,19.92439795021841,-0.6742471875038244,-0.826097131132139,-0.14759881262179722,-1.1130169869080937,1.9459101490553132,4,3,1,2,0.40286542183905005,0.12321364037081313,-0.6547178678814934,-1.1601749378812027
600092_2015,600092,2015,I,信息传输、软件和信息技术服务业,184,16,10,2.833213344056216,86.95652173913044,26.276333063176303,-0.8123037834358068,-0.8727027950388506,-0.8411339953637835,-0.6039701941510122,2.3978952727983707,6,3,1,6,0.0074578323874727286,-0.48960678630765436,-1.200065209084145,-0.6501127668330293
600092_2016,600092,2016,I,信息传输、软件和信息技术服务业,223,18,11,2.9444389791664403,80.71748878923766,24.277413892557387,0.17019772352260124,0.08602579420245733,-0.09551491806241785,0.031126601899116313,2.4849066497880004,3,4,3,8,-0.4238992648662311,0.25797061715289266,0.3765911615695086,0.2967610711095677
600092_2017,600092,2017,I,信息传输、软件和信息技术服务业,193,14,11,2.70805020110221,72.53886010362693,19.09786463425446,-0.5246201398840501,-0.18087046405798005,-1.054835782180537,-0.4781348718671889,2.4849066497880004,5,2,2,5,-0.10329136054235981,-0.7380726417893438,0.10893702880359603,-0.2199907357395843
600092_2018,600092,2018,I,信息传输、软件和信息技术服务业,223,25,14,3.258096538021482,112.10762331838565,27.224387548010853,0.2852677271974423,0.020755979559558126,-0.7017175053340373,0.9369010361595184,2.70805020110221,4,5,3,13,-0.5586663892618946,0.1337249944145776,0.2518387046519655,0.7784761793512932
600092_2019,600092,2019,I,信息传输、软件和信息技术服务业,243,23,16,3.1780538303479458,94.65020576131687,33.067753748062465,0.08646054736567352,0.3670780710700413,0.024750161165970435,-0.06410628271073453,2.833213344056216,5,8,2,8,0.11928095950989863,0.9466809477562425,-0.4415542636322582,-0.11842644324988928
600092_2020,600092,2020,I,信息传输、软件和信息技术服务业,134,10,7,2.3978952727983707,74.62686567164178,13.351162914617445,-1.2935467918933712,-1.3072953512911287,-1.8122174713220411,-0.4484224741931917,2.0794415416798357,0,1,6,3,-3.564541256695548,-1.9874047928566398,1.3047410833397979,-0.5896830273988183
600092_2021,600092,2021,I,信息传输、软件和信息技术服务业,208,19,10,2.995732273553991,91.34615384615384,27.484451713215826,-0.5921140591038743,-1.107261495098751,-1.1132535275222444,-0.3325249562547451,2.3978952727983707,4,2,2,11,-0.5641729884315475,-1.279004451214993,-0.9483658158173452,0.22019312343265107
600092_2022,600092,2022,I,信息传输、软件和信息技术服务业,172,11,8,2.4849066497880004,63.95348837209303,15.572263345607949,-1.6352171354987857,-1.3648222161354187,-2.3772964565051256,-1.4780205853975334,2.1972245773362196,6,2,0,3,0.10958704730605337,-1.3283509952963326,-2.630257557022599,-1.4097209829880581
600092_2023,600092,2023,I,信息传输、软件和信息技术服务业,192,11,7,2.4849066497880004,57.291666666666664,21.896900994231093,-1.5760872458315551,-1.4258270801303528,-1.5651808894854151,-1.6695596925509115,2.0794415416798357,5,3,1,2,-0.45728965703913466,-0.912482016644806,-0.9923397425581924,-1.6952216451682625
600093_2013,600093,2013,C,制造业,186,7,5,2.0794415416798357,37.634408602150536,13.641883702257774,-0.6559538502437703,-0.4654035079884138,-0.31489218602110614,-1.0625753276989875,1.791759469228055,2,2,1,2,-0.12438274374861069,-0.04365669714339641,-0.31277148452745074,-0.477949897944367
600093_2014,600093,2014,C,制造业,170,10,6,2.3978952727983707,58.8235294117647,14.068887381976824,0.11324189981687348,-0.016469363717456487,-0.23719669671593288,-0.1158058218273638,1.9459101490553132,4,1,1,4,0.9106824587488211,-0.782719829982931,-0.2371796603547836,0.25528430874824903
600093_2015,600093,2015,C,制造业,177,12,9,2.5649493574615367,67.79661016949153,21.33347188253623,-0.5455009778621229,-0.18991312825407258,-0.3466382810466933,-0.5649680126942663,2.302585092994046,4,3,4,1,0.1022227827301504,0.0742127490614796,1.0162715962715516,-1.8124622394178949
600093_2016,600093,2016,C,制造业,175,11,7,2.4849066497880004,62.85714285714286,15.971178078417527,-0.38177704086459574,-0.39750058946693023,-0.5948627109243515,-0.4478516699196941,2.0794415416798357,4,1,0,6,0.4372017739544214,-1.1383148938799506,-1.9213750519555446,0.2797733945406035
600093_2017,600093,2017,C,制造业,234,13,11,2.6390573296152584,55.55555555555555,24.43108824436254,-0.7032590089356714,-0.08008356180430164,-0.3848277410728839,-1.3552633603061606,2.4849066497880004,4,5,2,2,-0.11358362435721782,0.5604540205056309,-0.12031345029453121,-1.4568785899780368
600093_2018,600093,2018,C,制造业,228,26,17,3.295836866004329,114.03508771929823,32.275110118258354,0.6497131231347515,0.7294459985264635,0.327813969815969,1.0099951912287028,2.8903717578961645,5,6,5,10,0.2537497248812916,0.7957149132812715,1.2283294218961855,0.3958000063594228
600093_2019,600093,2019,C,制造业,169,11,7,2.4849066497880004,65.08875739644971,16.07181879920411,-0.9673969190642212,-0.9031419811276868,-1.1555943628517764,-0.9353124372958643,2.0794415416798357,2,2,2,5,-0.9844714366341331,-0.9182730499825906,0.09576167111733325,-0.38966796273108145
600093_2020,600093,2020,C,制造业,177,15,11,2.772588722239781,84.7457627118644,23.108644866668772,-0.5357254131563576,-0.23144257889734748,-0.7756858814388334,-0.23013840506358307,2.4849066497880004,4,2,3,6,-0.35093994404933454,-0.9854069607518972,0.40287889498538626,-0.15442467481602185
600093_2021,600093,2021,C,制造业,230,23,17,3.1780538303479458,100.0,29.37715547278643,0.8097741376904456,1.1088626887219961,0.49803010304157186,0.7839538641107735,2.8903717578961645,5,6,2,10,0.3626019450566963,1.1062720164536568,0.03271875207486963,0.8213856158893682
600093_2022,600093,2022,C,制造业,196,27,16,3.332204510175204,137.75510204081633,29.415458716320455,0.4983035560707372,0.32724987139524,-0.34151620200502797,1.749535006839076,2.833213344056216,6,3,2,16,0.3891753770806745,-0.5464989457716865,-0.36527340700567185,0.9155446861059606
600093_2023,600093,2023,C,制造业,270,31,19,3.4657359027997265,114.81481481481481,39.017990101733446,0.8636195038137446,0.8519458607965933,0.7399258781339819,0.9057469297224297,2.995732273553991,6,6,6,13,0.28119178883804746,0.6486144627345133,1.3259485684482373,0.7420715367972355
600094_2013,600094,2013,I,信息传输、软件和信息技术服务业,195,10,9,2.3978952727983707,51.28205128205128,18.159529654517392,-0.9068190866534684,-0.24398882617446854,-0.5937301665156828,-1.3769763865451667,2.302585092994046,2,6,1,1,-1.1007405983091918,1.0337081439935227,-0.460291855543244,-1.5445836987857915
600094_2014,600094,2014,I,信息传输、软件和信息技术服务业,153,8,4,2.1972245773362196,52.287581699346404,10.835756072430325,-1.1236124667537464,-1.6170453047015054,-1.1407144350511318,-0.9968699143257221,1.6094379124341003,2,1,0,5,-0.6413926241707589,-1.2838231289707083,-2.009915819946245,-0.11521382259453822
600094_2015,600094,2015,I,信息传输、软件和信息技术服务业,211,18,13,2.9444389791664403,85.30805687203792,21.374274491208887,-0.5632343392603727,-0.30580107890027913,-1.3767817868982084,-0.6727771450225568,2.6390573296152584,3,4,3,8,-1.136539770781687,-0.03664211971706936,0.15513274298060678,-0.2712411323096096
600094_2016,600094,2016,I,信息传输、软件和信息技术服务业,199,16,9,2.833213344056216,80.40201005025126,27.13070532115949,-0.07887172065283286,-0.34255905367860023,0.21626414983260744,0.01795851410556806,2.302585092994046,6,3,3,4,0.7200983383029287,-0.1949940494376923,0.3765911615695086,-0.5893627221237348
600094_2017,600094,2017,I,信息传输、软件和信息技术服务业,197,16,9,2.833213344056216,81.21827411167511,26.96669798534873,-0.24434019888024203,-0.6094553119390377,-0.1950086004799244,-0.11585598733209483,2.302585092994046,6,3,0,7,0.21183200096943128,-0.15409961964845564,-2.039000906273143,0.21370731239262436
600094_2018,600094,2018,I,信息传输、软件和信息技术服务业,242,25,18,3.258096538021482,103.30578512396694,30.64030461042517,0.2852677271974423,0.5764371083793542,-0.32846035149047653,0.5695121640564499,2.9444389791664403,6,5,4,10,0.12916880146373327,0.1337249944145776,0.688114999555426,0.41490985617498927
600094_2019,600094,2019,I,信息传输、软件和信息技术服务业,188,11,6,2.4849066497880004,58.51063829787234,16.833835712700164,-1.465715646753134,-1.7187131625118788,-1.7491295703654146,-1.572572427556118,1.9459101490553132,4,1,1,5,-0.25343086970393824,-2.106483315986545,-1.2342942466442453,-0.7296895104043454
600094_2020,600094,2020,I,信息传输、软件和信息技术服务业,215,15,15,2.772588722239781,69.76744186046511,26.470331547082377,-0.45448941904884765,0.3220916732788517,-0.37868631260983765,-0.6512549046042685,2.772588722239781,5,6,2,2,0.09827273540911298,0.5556100377287885,-0.35184262267482924,-1.023381075531027
600094_2021,600094,2021,I,信息传输、软件和信息技术服务业,260,17,14,2.8903717578961645,65.38461538461539,31.978787760643776,-0.8280496421816975,-0.3781776439944856,-0.6221575638825958,-1.4161600018856826,2.70805020110221,5,6,4,2,-0.19146115921771073,0.44094663216980234,0.05036844813888002,-1.869729107140678
600094_2022,600094,2022,I,信息传输、软件和信息技术服务业,197,22,10,3.1354942159291497,111.6751269035533,28.50424122144849,-0.17834540511359026,-0.8931038905507621,-0.9642196260938733,0.5138813977701321,2.3978952727983707,3,2,5,12,-1.0344105558631065,-1.3283509952963326,0.8728783301188913,0.36717240135839907
600094_2023,600094,2023,I,信息传输、软件和信息技术服务业,251,19,9,2.995732273553991,75.69721115537848,32.924611489528544,-0.432186794682148,-0.9012816194763503,-0.36018329801103466,-0.9013119605670971,2.302585092994046,6,3,1,9,-0.14216629552734356,-0.912482016644806,-0.9923397425581924,0.11983985932622057
600095_2013,600095,2013,C,制造业,166,15,7,2.772588722239781,90.36144578313252,13.689620652403477,0.8962223438750372,0.2108532080465065,-0.30967597092601146,1.1382520780514376,2.0794415416798357,0,3,3,9,-2.3702268606296255,0.5403163249974917,1.042426467537301,1.337111606550116
600095_2014,600095,2014,C,制造业,160,11,8,2.4849066497880004,68.75,15.355796101941063,0.30808794661417427,0.5742976191292954,-0.09657621990294786,0.29852522503152434,2.1972245773362196,4,2,0,5,0.9106824587488211,0.04034391721770217,-1.5923776124195355,0.5301450348270955
600095_2015,600095,2015,C,制造业,219,17,11,2.8903717578961645,77.6255707762557,24.801946720540307,0.1832229023671547,0.238671719626985,0.03236185934207297,-0.15470703407796232,2.4849066497880004,6,2,0,9,0.7900579734557783,-0.5097602730794085,-2.130400602761412,0.6138623322310439
600095_2016,600095,2016,C,制造业,166,17,9,2.8903717578961645,102.40963855421687,17.655709571553505,0.5261878272069881,0.12704487118707228,-0.4107940057423296,1.2030701559579695,2.302585092994046,3,2,1,11,-0.018960638489110466,-0.3152511466793173,-0.5661770998907929,1.092343077196232
600095_2017,600095,2017,C,制造业,182,14,9,2.70805020110221,76.92307692307693,21.88446936340693,-0.5487621059843605,-0.5086684096853592,-0.663096708984516,-0.46338266431361835,2.302585092994046,2,3,3,6,-1.157841670367027,-0.2626097266950021,0.4421445187582336,-0.17952604206033596
600095_2018,600095,2018,C,制造业,199,20,12,3.044522437723423,100.50251256281408,28.937112295852675,0.08694047721404116,-0.03552723031110547,-0.036928951034264745,0.44514527992911634,2.5649493574615367,8,3,2,7,1.0826239665386608,-0.34026314796263546,-0.1268685301685661,-0.08428817024976536
600095_2019,600095,2019,C,制造业,216,19,12,2.995732273553991,87.96296296296296,26.124710625223486,0.17650353208518588,0.23814540710486337,-0.057115177814094614,0.019457282132048424,2.5649493574615367,5,3,3,8,0.43249843858951276,-0.33430002784170243,0.658219640170098,0.22159510442337457
600095_2020,600095,2020,C,制造业,206,20,12,3.044522437723423,97.08737864077669,28.672043176724383,0.07322035101887782,-0.043285499199857407,-0.1677735167745283,0.2850008483400404,2.5649493574615367,4,6,3,7,-0.35093994404933454,0.734544122632898,0.40287889498538626,0.04688194068515044
600095_2021,600095,2021,C,制造业,157,11,8,2.4849066497880004,70.06369426751593,13.854425459453953,-0.7424020564283619,-0.5205243358479833,-1.1981381348849702,-0.46558803328106985,2.1972245773362196,3,3,0,5,-0.46627229660067243,-0.029706044790250193,-2.115219183001869,-0.09240060885202861
600095_2022,600095,2022,C,制造业,241,17,11,2.8903717578961645,70.53941908713693,27.94255187948898,-0.49109999212736,-0.4915176633050078,-0.5024606874088589,-1.05604871357611,2.4849066497880004,8,4,2,3,0.9029262572262526,-0.09353427918110145,-0.36527340700567185,-1.265772812606464
600095_2023,600095,2023,C,制造业,282,27,16,3.332204510175204,95.74468085106383,42.57471479731134,0.5646003999173953,0.4699112188079193,1.1285690777842103,0.1097592220366044,2.833213344056216,8,5,6,8,0.7949426689836255,0.33570014869123915,1.3259485684482373,0.07598205603399072
600096_2013,600096,2013,C,制造业,181,12,6,2.5649493574615367,66.29834254143645,25.296363928055307,0.43125200567012073,-0.1030401823001056,0.9585925149021224,0.13385774995844565,1.9459101490553132,6,3,2,1,1.6077104929868262,0.5403163249974917,0.47996849848453627,-1.089212965098823
600096_2014,600096,2014,C,制造业,156,12,6,2.5649493574615367,76.92307692307693,19.025247335886263,0.4873289344564804,-0.016469363717456487,0.30438460517694493,0.6396695912486718,1.9459101490553132,2,5,1,4,-0.13357558726098795,1.4473806865592234,-0.2371796603547836,0.25528430874824903
600096_2015,600096,2015,C,制造业,250,24,15,3.2188758248682006,96.0,30.629375476743267,0.9188476105471621,0.9149284356619053,0.669124822851817,0.6122419462304516,2.772588722239781,11,1,0,12,1.8919044871676336,-1.3328240202800417,-2.130400602761412,1.0093922602152268
600096_2016,600096,2016,C,制造业,180,10,5,2.3978952727983707,55.55555555555555,15.086492612877322,-0.5766230876618965,-1.0737573055018506,-0.6915322649213422,-0.7526200448931458,1.791759469228055,2,2,2,4,-0.6070562720553876,-0.3152511466793173,0.2265628831211941,-0.22747876416927934
600096_2017,600096,2017,C,制造业,200,22,13,3.1354942159291497,110.0,26.850047486882808,0.40842049929865065,0.28227976388400605,-0.12050813798259707,0.9172486530828354,2.6390573296152584,2,2,3,15,-1.157841670367027,-0.8465827488358902,0.4421445187582336,1.066741688727501
600096_2018,600096,2018,C,制造业,291,32,20,3.4965075614664802,109.96563573883161,44.71829161485598,1.0990784023846736,1.0918093242147722,1.68748003468706,0.8401361981232327,3.044522437723423,4,8,4,16,-0.11896210433254525,1.305864346438631,0.8718657337876591,1.0520682131759949
600096_2019,600096,2019,C,制造业,290,36,22,3.6109179126442243,124.13793103448276,42.59870813041747,1.5540991290091273,1.5793301012000687,1.742998030106881,1.5294010489451684,3.1354942159291497,8,7,1,20,1.2613726802468819,1.0727367414998186,-0.6969783118946538,1.4989476523410754
600096_2020,600096,2020,C,制造业,271,29,19,3.4011973816621555,107.0110701107011,39.31087373105115,0.8719285800174114,0.9693595977915743,0.9947311753403528,0.6992158947545751,2.995732273553991,5,5,6,13,0.021771885164502274,0.421629808589624,1.4970046319472485,0.8905364404706425
600096_2021,600096,2021,C,制造业,219,21,15,3.091042453358316,95.8904109589041,27.444893976480653,0.6149280908931449,0.8319890962218572,0.28689194792405837,0.6124195494294677,2.772588722239781,7,5,1,8,0.9506975786229734,0.7933577024103827,-0.7600212309371174,0.5188624583024274
600096_2022,600096,2022,C,制造业,353,36,27,3.6109179126442243,101.98300283286119,51.561084049974546,1.1224311878744044,1.5002326869532803,2.0783356067749246,0.25640699306766945,3.332204510175204,6,7,3,20,0.3891753770806745,0.8605378235698347,0.19718456204709292,1.2341058696201486
600096_2023,600096,2023,C,制造业,264,33,21,3.5263605246161616,125.0,42.407642152943076,0.9993772438725143,1.075992318227388,1.11031305499953,1.3308767281455414,3.091042453358316,6,9,4,14,0.28119178883804746,1.3726378374227133,0.6680991263898353,0.8460824452418086
600097_2013,600097,2013,C,制造业,248,21,12,3.091042453358316,84.6774193548387,31.05412481686584,1.6093411651493212,1.3521405962790567,1.587742872654141,0.9010007207362043,2.5649493574615367,6,5,1,9,1.6077104929868262,1.3633800721981246,-0.31277148452745074,1.337111606550116
600097_2014,600097,2014,C,制造业,188,17,8,2.8903717578961645,90.42553191489363,23.50918681312885,1.216052814685758,0.5742976191292954,0.7943445359076501,1.2032622863758735,2.1972245773362196,2,3,4,8,-0.13357558726098795,0.6243169393585903,1.5542945866134286,1.1414081019815516
600097_2015,600097,2015,C,制造业,252,25,16,3.258096538021482,99.2063492063492,30.309664690520336,1.0066752162566845,1.0574392543272328,0.6341900349344795,0.7460750152405322,2.833213344056216,2,7,1,15,-0.9420352632796586,1.4812495184030008,-0.7752026506966606,1.3224211064420988
600097_2016,600097,2016,C,制造业,283,27,18,3.332204510175204,95.40636042402826,41.777857694453864,1.5155913754050852,1.6358563085419275,2.2250323882927954,0.9107532107424139,2.9444389791664403,5,5,7,10,0.8099136031682582,1.0917856226622038,2.1442188042387103,0.9611681866509639
600097_2017,600097,2017,C,制造业,292,26,18,3.295836866004329,89.04109589041096,38.93069468764112,0.7674785050566237,1.000143027669496,1.1995438153737314,0.042423648208178684,2.9444389791664403,6,7,4,9,0.5742515663684101,1.144427042646519,0.878420813661694,0.35818291451644624
600097_2018,600097,2018,C,制造业,270,27,16,3.332204510175204,100.0,36.82670073676229,0.7311518032612638,0.5950832246916522,0.8251661387012017,0.42417039722939204,2.833213344056216,6,4,4,13,0.5688730863930826,0.11270151862794953,0.8718657337876591,0.7593663295357267
600097_2019,600097,2019,C,制造业,235,24,18,3.2188758248682006,102.12765957446808,34.297132081700596,0.6761926571873701,1.1302149168811708,0.8358850669572788,0.6106919534400118,2.9444389791664403,6,7,4,7,0.7476218001013039,1.0727367414998186,1.0944959350735586,0.04403008540112724
600097_2020,600097,2020,C,制造业,204,23,12,3.1780538303479458,112.74509803921569,30.078511251660608,0.37223945491522714,-0.043285499199857407,-0.014088792868648708,0.9385543155176708,2.5649493574615367,5,5,2,11,0.021771885164502274,0.421629808589624,-0.15957907406737853,0.6581450078396065
600097_2021,600097,2021,C,制造业,265,21,16,3.091042453358316,79.24528301886792,33.931680711021876,0.6149280908931449,0.9744999148871848,0.9957029377358924,-0.08234836663820837,2.833213344056216,5,6,4,6,0.3626019450566963,1.1062720164536568,1.0314530160310948,0.1399908237790078
600097_2022,600097,2022,C,制造业,247,24,17,3.2188758248682006,97.16599190283401,33.561273524421054,0.24452471605264745,0.4616126452300513,0.11149685638006104,0.0553448770186576,2.8903717578961645,6,5,5,8,0.3891753770806745,0.2765648014289465,0.9899245450590797,-0.04324667829755215
600097_2023,600097,2023,C,制造业,285,30,18,3.4339872044851463,105.26315789473684,42.438666146734725,0.7925241071934455,0.7313702735814691,1.1137030458605337,0.5070606115840093,2.9444389791664403,6,7,5,12,0.28119178883804746,0.9196731708321273,1.0245628144983616,0.6303493060715363
600098_2013,600098,2013,G,交通运输、仓储和邮政业,127,8,6,2.1972245773362196,62.99212598425197,9.351995602792407,-0.5776130755799098,-0.19187749262098697,-0.8619692006871208,-0.19573865527349882,1.9459101490553132,1,2,1,4,-1.2060317674344043,0.13261183203472182,-0.3216651500071934,-0.07285632629037596
600098_2014,600098,2014,G,交通运输、仓储和邮政业,142,14,9,2.70805020110221,98.59154929577464,15.940219409033213,0.4666065862137653,0.5703020824676281,-0.2557925646303263,1.2362730301885243,2.302585092994046,1,3,2,8,-0.9901254453907443,0.28820622654857586,0.45475406349141706,0.7272486514411709
600098_2015,600098,2015,G,交通运输、仓储和邮政业,181,8,6,2.1972245773362196,44.19889502762431,15.345479840741516,-0.48179128206243466,-0.31186597230448443,-0.17533608733722034,-0.7846658013036906,1.9459101490553132,1,3,3,1,-1.08394115909163,0.6555899043185165,0.97838771418348,-1.1393306526494797
600098_2016,600098,2016,G,交通运输、仓储和邮政业,143,13,7,2.6390573296152584,90.9090909090909,14.850771350831984,0.3555427099037174,0.00816421277194998,-0.26121910637600987,0.8683766054214952,2.0794415416798357,2,1,2,8,-0.3401431800417527,-0.9169769622188119,0.5786452327556789,1.0379202481405383
600098_2017,600098,2017,G,交通运输、仓储和邮政业,134,2,2,1.0986122886681098,14.925373134328359,3.3311067658096443,-2.642110144053271,-2.0856605221754476,-1.2790124631390563,-1.8957192939607608,1.0986122886681098,0,2,0,0,-2.26733793253617,0.10187640981678,-1.763231777851099,-1.925668287214325
600098_2018,600098,2018,G,交通运输、仓储和邮政业,230,26,14,3.295836866004329,113.04347826086956,34.36861962187071,0.15159422733935843,-0.12257040403152437,-0.2918704722654578,0.45523883485104866,2.70805020110221,7,2,3,14,0.5042440310577477,-1.2979098566268854,0.09159186540217626,0.4578273411372059
600098_2019,600098,2019,G,交通运输、仓储和邮政业,143,5,4,1.791759469228055,34.96503496503497,9.38067595864925,-1.2576010417568175,-0.8955836038115559,-0.7840891452792573,-1.2050341773808029,1.6094379124341003,1,2,1,1,-0.9185790555211861,-0.02374410026249475,-0.25033894200378526,-1.22844316115219
600098_2020,600098,2020,G,交通运输、仓储和邮政业,210,18,14,2.9444389791664403,85.71428571428571,28.106337861425462,-0.07094477935924258,0.269370291455833,-0.06874508536494392,-0.10303148601995177,2.70805020110221,7,5,1,5,0.6871362022866546,0.37205150480782395,-0.9207156895456878,-0.3325830441657246
600098_2021,600098,2021,G,交通运输、仓储和邮政业,172,7,5,2.0794415416798357,40.697674418604656,13.489851576684613,-1.7765698156739806,-1.5704156583458546,-1.3014445908478618,-1.8990983474477048,1.791759469228055,1,3,1,2,-1.6766919929891764,0.15508177379101085,-0.6274914150497246,-1.4812662272129966
600098_2022,600098,2022,G,交通运输、仓储和邮政业,154,11,7,2.4849066497880004,71.42857142857143,16.121289801275786,-0.7181361213703578,-0.8506118897906216,-0.9564142580244536,-0.48687741556860953,2.0794415416798357,6,1,0,4,0.8035667633982795,-1.537990498894505,-2.2165914133588007,-0.30835135408181935
600098_2023,600098,2023,G,交通运输、仓储和邮政业,145,14,8,2.70805020110221,96.55172413793103,16.61402807304422,-1.0039158423090075,-1.2496627388793273,-1.7572878209863843,-0.09009483188210887,2.1972245773362196,3,4,1,6,-0.799721233052582,-0.08496372770298007,-1.2039416232462696,-0.5830646602762591
600099_2013,600099,2013,C,制造业,130,3,2,1.3862943611198906,23.076923076923077,5.9735545185630965,-2.2081300443625773,-2.094790532558394,-1.1528102834290077,-1.6702050147751963,1.0986122886681098,1,0,2,0,-0.9532569854059796,-2.273757213685551,0.47996849848453627,-2.1341740803854874
600099_2014,600099,2014,C,制造业,114,1,0,0.6931471805599453,8.771929824561402,2.3491051086289385,-3.7042293096950245,-4.5907370470807844,-1.5178169503951096,-2.2049604180749083,0.0,0,0,1,0,-2.379419704142003,-2.1897565993244523,-0.2371796603547836,-2.1710402629006893
600099_2015,600099,2015,C,制造业,183,18,11,2.9444389791664403,98.36065573770492,18.540824991909375,0.3042965445769974,0.238671719626985,-0.651790722115832,0.7107757558441062,2.4849066497880004,2,2,3,11,-0.9420352632796586,-0.5097602730794085,0.5799953013680912,0.88872305830989
600099_2016,600099,2016,C,制造业,130,5,3,1.791759469228055,38.46153846153847,4.164483435306342,-1.9339532349834032,-2.02688761403691,-1.8849798766124868,-1.4661246016871785,1.3862943611198906,0,0,1,4,-2.8529003889364026,-2.5453516632214717,-0.5661770998907929,-0.22747876416927934
600099_2017,600099,2017,C,制造业,158,7,5,2.0794415416798357,44.30379746835443,7.694803612074605,-1.9564160991581296,-1.709470586374282,-2.213601055419189,-1.8249119293351441,1.791759469228055,2,0,2,3,-1.157841670367027,-3.076683265378045,-0.12031345029453121,-1.0231805418458282
600099_2018,600099,2018,C,制造业,205,20,8,3.044522437723423,97.5609756097561,25.279583673766194,0.08694047721404116,-0.8999410260435159,-0.43658699267783446,0.3223654787599996,2.1972245773362196,2,3,2,13,-1.1632201503423543,-0.34026314796263546,-0.1268685301685661,0.7593663295357267
600099_2019,600099,2019,C,制造业,219,14,8,2.70805020110221,63.926940639269404,22.406286182133307,-0.4677077939620368,-0.6262683886275471,-0.463427303972451,-0.9838066879947215,2.1972245773362196,4,4,1,5,0.0597866093756759,0.11866463874888254,-0.6969783118946538,-0.38966796273108145
600099_2020,600099,2020,C,制造业,254,29,18,3.4011973816621555,114.1732283464567,34.46653362632141,0.8719285800174114,0.8487840105764501,0.4653902789710346,0.9981644982095298,2.9444389791664403,5,4,5,15,0.021771885164502274,0.05153072797957602,1.195618877997373,1.091843055971815
600099_2021,600099,2021,C,制造业,153,7,4,2.0794415416798357,45.7516339869281,14.14374703879949,-1.6503669244999466,-1.9022394922641015,-1.166523974681762,-1.480373832303232,1.6094379124341003,3,3,1,0,-0.46627229660067243,-0.029706044790250193,-0.7600212309371174,-2.7935859065798136
600099_2022,600099,2022,C,制造业,292,24,17,3.2188758248682006,82.1917808219178,46.86029260044527,0.24452471605264745,0.4616126452300513,1.564680267607141,-0.5696789416581634,2.8903717578961645,10,6,3,5,1.3131484124694501,0.5894791154722205,0.19718456204709292,-0.6545097454520082
600099_2023,600099,2023,C,制造业,215,22,13,3.1354942159291497,102.32558139534883,32.59705768162384,0.12410371403290976,0.013507009795979182,0.038310787263467774,0.38444611981671173,2.6390573296152584,5,8,2,7,-0.033931572673743644,1.1587638958918727,-0.33063513756638996,-0.10158296298825664
600100_2013,600100,2013,D,电力、热力、燃气及水生产和供应业,178,13,6,2.6390573296152584,73.03370786516854,21.51569292329869,-0.36791415461777216,-0.9103027177172887,-0.2715574095720054,-0.48434895698625396,1.9459101490553132,4,5,0,4,0.09833237090532576,0.7089751967534721,-1.789895938389231,-0.47209124081693177
600100_2014,600100,2014,D,电力、热力、燃气及水生产和供应业,186,12,9,2.5649493574615367,64.51612903225806,21.52553015468748,-0.32486685720553543,-0.0582208433546824,-0.2658432580332874,-0.4339640809039971,2.302585092994046,1,6,3,2,-1.72602792516442,1.4015888712364197,0.2631628370516124,-0.86940002978395
600100_2015,600100,2015,D,电力、热力、燃气及水生产和供应业,211,17,9,2.8903717578961645,80.56872037914692,26.00860511607889,0.3092110874890317,-0.2182883500678362,0.3166908538903207,0.026744366784662063,2.302585092994046,8,0,2,7,1.2425781603590185,-2.4692176141349527,-0.2992951320011524,0.7446618329338228
600100_2016,600100,2016,D,电力、热力、燃气及水生产和供应业,190,13,9,2.6390573296152584,68.42105263157895,19.492290852196852,-0.1646009786415016,-0.04168166873660202,-0.2942492119629761,-0.31041954594384463,2.302585092994046,5,1,2,5,0.5985633142202968,-1.1539626007788684,0.33418856432180355,-0.08189703508450638
600100_2017,600100,2017,D,电力、热力、燃气及水生产和供应业,254,23,14,3.1780538303479458,90.55118110236221,34.48650554224063,0.39990263887591937,0.31375271749653183,0.5951843682536351,0.021017556774432216,2.70805020110221,8,5,3,7,0.8134937473413922,0.4392729713432123,0.6942939720411395,-0.06594093215776371
600100_2018,600100,2018,D,电力、热力、燃气及水生产和供应业,208,22,9,3.1354942159291497,105.76923076923077,29.676714207910436,0.6373393431719637,-0.4051315547851462,0.619887461086563,0.9115838064498072,2.302585092994046,4,5,2,11,0.25256817927378156,0.5551250591781324,0.2616339958467054,0.6712464182042888
600100_2019,600100,2019,D,电力、热力、燃气及水生产和供应业,219,15,14,2.772588722239781,68.4931506849315,26.985175136728174,-0.2332738698274036,0.5746127548988006,0.0521981329045703,-0.6253353102274115,2.70805020110221,8,1,2,4,1.2297396090929118,-1.4845183465093403,-0.20475541831534907,-0.4011235968866467
600100_2020,600100,2020,D,电力、热力、燃气及水生产和供应业,143,11,8,2.4849066497880004,76.92307692307693,15.575086900318848,-1.1109083565330582,-0.7551358624417626,-1.2892869634058142,-0.5284221166184382,2.1972245773362196,3,3,1,4,-0.7752993409846279,-0.3914092660506848,-0.4346979863244792,-0.7535721407615945
600100_2021,600100,2021,D,电力、热力、燃气及水生产和供应业,238,18,13,2.9444389791664403,75.63025210084034,29.043219158992912,0.5856190477260464,0.692934917854398,0.7581857232133672,0.13950322563606254,2.6390573296152584,5,3,3,7,0.6833207383519778,0.09354529337319556,0.8259602520544689,0.5586146599055292
600100_2022,600100,2022,D,电力、热力、燃气及水生产和供应业,229,17,13,2.8903717578961645,74.23580786026201,32.735618991507906,-0.426407007756804,0.11778245360467442,0.03821625638746369,-0.7522731402249757,2.6390573296152584,5,5,4,3,0.2517958367055515,-0.06902702862069429,0.689732849328203,-1.1332594967674618
600100_2023,600100,2023,D,电力、热力、燃气及水生产和供应业,283,29,17,3.4011973816621555,102.47349823321555,47.23837915457615,0.4274177794067327,0.3225931938011718,1.2784344309360478,-0.025305696937813472,2.8903717578961645,9,7,3,10,1.0206822888181335,0.41746956725651924,-0.10564847358248858,0.28191488340740845
600101_2013,600101,2013,C,制造业,157,11,7,2.4849066497880004,70.06369426751593,14.485193693804746,0.2520110178278145,0.2108532080465065,-0.22274372881290191,0.2910235934061096,2.0794415416798357,2,2,1,6,-0.12438274374861069,-0.04365669714339641,-0.31277148452745074,0.7994026499733339
600101_2014,600101,2014,C,制造业,128,7,5,2.0794415416798357,54.6875,7.768166678662069,-0.5998769214574106,-0.37883268940576464,-0.9256762569369463,-0.28844375801856703,1.791759469228055,2,2,0,3,-0.13357558726098795,0.04034391721770217,-1.5923776124195355,-0.08111803232736023
600101_2015,600101,2015,C,制造业,174,20,12,3.044522437723423,114.94252873563218,22.46711332221632,0.5284151245180292,0.4268287993244751,-0.2227653153034797,1.402903409579867,2.5649493574615367,2,2,3,13,-0.9420352632796586,-0.5097602730794085,0.5799953013680912,1.121114490940926
600101_2016,600101,2016,C,制造业,172,17,9,2.8903717578961645,98.83720930232558,23.444614744591654,0.5261878272069881,0.12704487118707228,0.22175948700298365,1.0539568997801183,2.302585092994046,5,3,2,7,0.8099136031682582,0.26872187546157084,0.2265628831211941,0.48108001004177575
600101_2017,600101,2017,C,制造业,203,14,10,2.70805020110221,68.9655172413793,21.31610612066034,-0.5487621059843605,-0.2846219522545654,-0.7252017432873534,-0.7955313373039449,2.3978952727983707,2,3,2,7,-1.157841670367027,-0.2626097266950021,-0.12031345029453121,0.021780573440836337
600101_2018,600101,2018,C,制造业,253,43,23,3.784189633918261,169.96047430830038,41.12118972992564,1.7432897284318962,1.4057027145613847,1.2944248207804767,3.344321754274378,3.1780538303479458,3,7,6,27,-0.5751245167760771,1.0667736213788857,1.529715175846061,1.8043274448223914
600101_2019,600101,2019,C,制造业,211,28,12,3.367295829986474,132.70142180094788,30.02324827306193,1.0085520826263839,0.23814540710486337,0.3688779127662916,1.8868412954554532,2.5649493574615367,3,5,2,18,-0.3963758030678559,0.48876371935893054,0.09576167111733325,1.3480658116460504
600101_2020,600101,2020,C,制造业,237,25,17,3.258096538021482,105.48523206751055,30.02278436724897,0.5514804427575334,0.7216877296377116,-0.020178067838736935,0.6355273895449256,2.8903717578961645,6,4,2,13,0.3368952466762934,0.05153072797957602,-0.15957907406737853,0.8905364404706425
600101_2021,600101,2021,C,制造业,185,15,11,2.772588722239781,81.08108108108108,23.012925070599266,-0.09819073038113912,0.155732380186937,-0.19738916004969306,-0.005722125097757842,2.4849066497880004,6,4,2,3,0.6777253065684874,0.42325862180033474,0.03271875207486963,-0.7036636760064844
600101_2022,600101,2022,C,制造业,261,25,16,3.258096538021482,95.78544061302682,37.9352004791555,0.33235232176216994,0.32724987139524,0.5894357221117473,-0.0022793566970129,2.833213344056216,4,5,4,12,-0.2986598136449534,0.2765648014289465,0.6334608569505534,0.5111205717399934
600101_2023,600101,2023,C,制造业,230,23,17,3.1780538303479458,100.0,32.39121311050282,0.2194081777665219,0.6042739926427305,0.015818157218031027,0.2873763138342678,2.8903717578961645,8,4,3,8,0.7949426689836255,-0.03439893191880881,0.2318228314863748,0.07598205603399072
600102_2013,600102,2013,C,制造业,124,5,4,1.791759469228055,40.32258064516129,9.548926147343682,-1.3001651762909932,-0.8939883558694719,-0.762129533953073,-0.9503709820741195,1.6094379124341003,2,3,0,0,-0.12438274374861069,0.5403163249974917,-1.6679694365922024,-2.1341740803854874
600102_2014,600102,2014,C,制造业,160,11,7,2.4849066497880004,68.75,16.107659597433575,0.30808794661417427,0.2974240266291557,-0.014420118546068035,0.29852522503152434,2.0794415416798357,4,2,1,4,0.9106824587488211,0.04034391721770217,-0.2371796603547836,0.25528430874824903
600102_2015,600102,2015,C,制造业,195,13,8,2.6390573296152584,66.66666666666667,26.06093831597378,-0.37954974355355564,-0.4375849964079353,0.1699318328039942,-0.6121318732281091,2.1972245773362196,4,3,2,4,0.1022227827301504,0.0742127490614796,0.017537332315326445,-0.4310987830556212
600102_2016,600102,2016,C,制造业,186,13,9,2.6390573296152584,69.89247311827957,19.516743343129527,-0.03658481871372232,0.12704487118707228,-0.20743890194649858,-0.15419686822718234,2.302585092994046,4,4,2,3,0.4372017739544214,0.7216865420521558,0.2265628831211941,-0.5638811052448887
600102_2017,600102,2017,C,制造业,265,24,15,3.2188758248682006,90.56603773584905,34.97138307879815,0.5951383451650464,0.5961731542306187,0.766909955916973,0.10607474610878861,2.772588722239781,9,2,1,12,1.303386250866429,-0.8465827488358902,-0.9130534333065182,0.7537128425006292
600102_2018,600102,2018,C,制造业,204,14,7,2.70805020110221,68.62745098039217,23.111007841304435,-0.6665274879062328,-1.1768146185436557,-0.6735472081423487,-0.8853203187690684,2.0794415416798357,4,2,2,6,-0.11896210433254525,-0.9242361701035237,-0.1268685301685661,-0.28559478575093766
600102_2019,600102,2019,C,制造业,221,25,14,3.258096538021482,113.12217194570135,33.04054688272668,0.7640202628968925,0.5745337880613748,0.6985780403635341,1.0696030820213054,2.70805020110221,6,4,4,11,0.7476218001013039,0.11866463874888254,1.0944959350735586,0.6552931525555833
600102_2020,600102,2020,C,制造业,243,25,14,3.258096538021482,102.88065843621399,39.21179503403379,0.5514804427575334,0.293102881756654,0.9839048491212113,0.5268124430104385,2.70805020110221,6,6,3,10,0.3368952466762934,0.734544122632898,0.40287889498538626,0.5269701172943386
600102_2021,600102,2021,C,制造业,125,9,6,2.302585092994046,72.0,12.088146540653579,-1.1506777993977615,-1.1112913186947353,-1.3911393787908584,-0.3847665999178529,1.9459101490553132,2,1,2,4,-1.0543679301669495,-1.4367428141317715,0.03271875207486963,-0.36726133493087504
600102_2022,600102,2022,C,制造业,152,18,10,2.9444389791664403,118.42105263157895,19.218290699071165,-0.3700263499175173,-0.6960560537552716,-1.4557604420841237,0.9425314640849224,2.3978952727983707,3,3,1,11,-0.7548222260884853,-0.5464989457716865,-1.1580133900176588,0.3904513698346565
600102_2023,600102,2023,C,制造业,243,20,12,3.044522437723423,82.3045267489712,25.28614869575346,-0.07961092612982741,-0.16069923619483845,-0.7605520159647182,-0.45123303292103667,2.5649493574615367,3,2,3,12,-0.8628058143311124,-1.071336620650282,0.2318228314863748,0.6303493060715363
600103_2013,600103,2013,C,制造业,224,18,11,2.9444389791664403,80.35714285714286,28.65053412814547,1.2810495281092409,1.1639835165815666,1.3251025909716128,0.7206723081248095,2.4849066497880004,4,3,2,9,0.9198753022611983,0.5403163249974917,0.47996849848453627,1.337111606550116
600103_2014,600103,2014,C,制造业,179,10,6,2.3978952727983707,55.865921787709496,20.249845633048487,0.11324189981687348,-0.016469363717456487,0.43819642397953,-0.2392564130702354,1.9459101490553132,2,5,1,2,-0.13357558726098795,1.4473806865592234,-0.2371796603547836,-0.514816080459569
600103_2015,600103,2015,C,制造业,216,15,12,2.772588722239781,69.44444444444444,28.22286623396765,-0.08053063965720639,0.4268287993244751,0.4061656308561591,-0.496187382749079,2.5649493574615367,5,3,5,2,0.4749346119439873,0.0742127490614796,1.372735284380078,-1.2011991722634392
600103_2016,600103,2016,C,制造业,161,11,8,2.4849066497880004,68.32298136645963,15.40506193422154,-0.38177704086459574,-0.12062699696679047,-0.656722204836694,-0.21970747995847165,2.1972245773362196,1,2,4,4,-1.4359305137127565,-0.3152511466793173,1.2252971470774194,-0.22747876416927934
600103_2017,600103,2017,C,制造业,238,17,11,2.8903717578961645,71.42857142857143,28.228654921938716,-0.140486363014961,-0.08008356180430164,0.03013225464826106,-0.6927234147117007,2.4849066497880004,3,5,4,5,-0.5697460368007496,0.5604540205056309,0.878420813661694,-0.41191747469137235
600103_2018,600103,2018,C,制造业,257,22,17,3.1354942159291497,85.60311284046692,36.2255140304041,0.29065511737677835,0.7294459985264635,0.7594744855246919,-0.1767559114012248,2.8903717578961645,8,5,1,8,1.0826239665386608,0.4828005992379975,-0.9196085131805531,0.093276848772482
600103_2019,600103,2019,C,制造业,171,13,9,2.6390573296152584,76.0233918128655,19.385652933333436,-0.6222046969133478,-0.37859652047368425,-0.7934918074868861,-0.4789006155409769,2.302585092994046,4,3,3,3,0.0597866093756759,-0.33430002784170243,0.658219640170098,-1.0009310298855372
600103_2020,600103,2020,C,制造业,202,9,6,2.302585092994046,44.554455445544555,17.79193053099092,-1.58821248217298,-1.4984662777790199,-1.356643095702039,-1.9077242364282414,1.9459101490553132,1,4,2,2,-2.2240722317165127,0.05153072797957602,-0.15957907406737853,-1.4317772227337227
600103_2021,600103,2021,C,制造业,209,14,10,2.70805020110221,66.98564593301435,21.310968995950365,-0.2427129313261776,-0.048806010263326725,-0.38336184872533996,-0.5940658217739705,2.3978952727983707,6,4,1,3,0.6777253065684874,0.42325862180033474,-0.7600212309371174,-0.7036636760064844
600103_2022,600103,2022,C,制造业,232,17,9,2.8903717578961645,73.27586206896551,29.13923157902177,-0.49109999212736,-0.9201025111860655,-0.3716995329227842,-0.9418295381650182,2.302585092994046,6,2,1,8,0.3891753770806745,-1.1304719679125745,-1.1580133900176588,-0.04324667829755215
600103_2023,600103,2023,C,制造业,359,57,31,4.060443010546419,158.7743732590529,63.62336966278628,2.195357179457126,1.9567874247125723,3.4285549567650384,2.7406196277025536,3.4657359027997265,12,9,6,30,1.5466660409086033,1.3726378374227133,1.3259485684482373,1.9404761930026977
600104_2013,600104,2013,C,制造业,199,10,5,2.3978952727983707,50.25125628140704,20.811476496642054,0.057164971030513774,-0.4654035079884138,0.46852900124792934,-0.5359478964747321,1.791759469228055,2,3,4,1,-0.12438274374861069,0.5403163249974917,1.4787027624407616,-1.089212965098823
600104_2014,600104,2014,C,制造业,166,7,4,2.0794415416798357,42.16867469879518,14.396118786002983,-0.5998769214574106,-0.8074175372868229,-0.20144013111925269,-0.8109797335584744,1.6094379124341003,3,0,2,2,0.45452004630528925,-2.1897565993244523,0.5555603226572033,-0.514816080459569
600104_2015,600104,2015,C,制造业,262,38,17,3.6635616461296463,145.03816793893128,44.99948384150541,1.9146400843282683,1.191802028162044,2.2393461281851654,2.6590958886840754,2.8903717578961645,7,7,3,21,1.0630302455102645,1.4812495184030008,0.5799953013680912,1.8025092830512868
600104_2016,600104,2016,C,制造业,192,14,7,2.70805020110221,72.91666666666667,16.003371832052096,0.1179120842375885,-0.39750058946693023,-0.5913449004407776,-0.027966979399205436,2.0794415416798357,5,1,1,7,0.8099136031682582,-1.1383148938799506,-0.5661770998907929,0.48108001004177575
600104_2017,600104,2017,C,制造业,222,16,11,2.833213344056216,72.07207207207207,25.779154777829852,-0.26848216498055244,-0.08008356180430164,-0.23752455183264887,-0.665863687187601,2.4849066497880004,6,4,1,5,0.5742515663684101,0.19035493989558291,-0.9130534333065182,-0.41191747469137235
600104_2018,600104,2018,C,制造业,256,25,18,3.258096538021482,97.65625,30.514333386607742,0.5652005689526967,0.856542279465202,0.13541394973311593,0.3263422333877102,2.9444389791664403,4,6,5,10,-0.11896210433254525,0.7957149132812715,1.2283294218961855,0.3958000063594228
600104_2019,600104,2019,C,制造业,245,20,9,3.044522437723423,81.63265306122449,36.45870790455697,0.2857601711582371,-0.37859652047368425,1.0720803915844441,-0.24476995807526575,2.302585092994046,6,8,3,3,0.7476218001013039,1.311827466559564,0.658219640170098,-1.0009310298855372
600104_2020,600104,2020,C,制造业,242,19,12,2.995732273553991,78.51239669421487,32.07451393271679,-0.03603628805417339,-0.043285499199857407,0.20401435957398634,-0.490319205942427,2.5649493574615367,7,3,1,8,0.6098675187307795,-0.40143393861100896,-0.9523190570793655,0.22444695970739778
600104_2021,600104,2021,C,制造业,281,19,14,2.995732273553991,67.61565836298932,36.979990314859364,0.40149839472104515,0.6802778408409385,1.3287916357261744,-0.5677690925059653,2.70805020110221,9,5,2,3,1.4068599910665063,0.7933577024103827,0.03271875207486963,-0.7036636760064844
600104_2022,600104,2022,C,制造业,270,23,18,3.1780538303479458,85.18518518518518,37.70750360645713,0.15311133391986373,0.5887089261687898,0.5645552917354891,-0.44473419392733626,2.9444389791664403,10,3,3,7,1.3131484124694501,-0.5464989457716865,0.19718456204709292,-0.22081169731979955
600104_2023,600104,2023,C,制造业,262,18,17,2.9444389791664403,68.70229007633588,30.960365242412777,-0.30372950607085913,0.6042739926427305,-0.14053054594660036,-1.0189906170592347,2.8903717578961645,10,2,3,3,1.2051648242268231,-1.071336620650282,0.2318228314863748,-1.146544078274921
600105_2013,600105,2013,K,房地产业,209,18,10,2.9444389791664403,86.1244019138756,25.121478633690653,0.9650729101748544,0.9071829296503888,0.8038048402368456,0.4906967078957767,2.3978952727983707,4,4,1,9,0.2984188099502191,0.8642101905048963,1.1050523368334354e-17,1.081040584466023
600105_2014,600105,2014,K,房地产业,210,10,8,2.3978952727983707,47.61904761904761,18.971704649112624,-0.6420036144533873,-0.015674553909660327,-0.24463642189253743,-1.309312388862577,2.1972245773362196,2,2,4,2,-0.52099079427878,-0.6892221930290671,1.0908861526102298,-1.0503128550401493
600105_2015,600105,2015,K,房地产业,175,17,12,2.8903717578961645,97.14285714285714,21.293026182356723,0.012761113406623436,0.25744722451376223,-0.4781965269962387,0.6773505419258916,2.5649493574615367,5,4,2,6,0.2538075390660719,0.008336349931079906,0.10212846450337146,0.04021563112393231
600105_2016,600105,2016,K,房地产业,193,18,12,2.9444389791664403,93.26424870466322,23.803171966325714,1.90119361566005,2.0804884677112314,1.17905626473523,1.7030247065555144,2.5649493574615367,4,3,3,8,1.358260237098654,0.7466286718059034,1.4255051981963474,1.5623025959112538
600105_2017,600105,2017,K,房地产业,182,15,10,2.772588722239781,82.41758241758242,23.879418048970184,0.9473891104588631,0.9404832687648094,0.9608029680892222,0.9631394871826295,2.3978952727983707,7,4,1,3,1.5410950160665848,1.700497884208204,-0.08331978860783534,-0.14065380340653907
600105_2018,600105,2018,K,房地产业,243,26,18,3.295836866004329,106.99588477366255,32.97848179494953,0.6098711983535111,0.8964254299371748,0.4786127477418547,0.6086065498336496,2.9444389791664403,3,8,4,11,-0.5574368212248295,1.4052432662254328,1.1999552263360949,0.30090653126249856
600105_2019,600105,2019,K,房地产业,225,19,13,2.995732273553991,84.44444444444444,23.78295262431634,0.8666007139090697,0.8510694349785994,0.45996637247890415,0.6127528463244667,2.6390573296152584,4,3,3,9,0.6734655105899295,0.32187285170291224,0.5942791874245404,1.0458435935326702
600105_2020,600105,2020,K,房地产业,254,32,20,3.4965075614664802,125.98425196850394,34.59425755210421,0.9674652108555819,0.9520866120903139,0.7220919656897591,1.3935540893981075,3.044522437723423,6,3,3,20,0.9138802752061871,0.19225564061147812,0.3703449065535141,0.9106366904174588
600105_2021,600105,2021,K,房地产业,202,14,9,2.70805020110221,69.30693069306932,22.022394403197524,-0.218887842503988,-0.4219069101904299,-0.03837556832146412,-0.5356029855015632,2.302585092994046,4,3,2,5,0.26945971266495705,-0.03624854100030178,0.127877749621401,-0.3412149884470072
600105_2022,600105,2022,K,房地产业,217,26,15,3.295836866004329,119.81566820276497,35.299268936921436,0.6931090569394733,0.637495136384642,0.7264496315201118,1.2680165887922317,2.772588722239781,9,4,1,12,1.261849515354239,-0.28680225908047713,-0.6360769816456828,0.805464478301781
600105_2023,600105,2023,K,房地产业,282,30,16,3.4339872044851463,106.38297872340425,43.975290853178855,0.5181234212411057,0.43265314784583875,1.0171417300221632,0.10908083378398727,2.833213344056216,7,5,4,14,0.3912499820820222,0.08329682152957087,0.29842196943269256,0.5482489211830793
600106_2013,600106,2013,C,制造业,148,4,2,1.6094379124341003,27.027027027027028,8.459422125060097,-1.708440919260393,-2.094790532558394,-0.8811796054355633,-1.5053276104349533,1.0986122886681098,2,0,1,1,-0.12438274374861069,-2.273757213685551,-0.31277148452745074,-1.089212965098823
600106_2014,600106,2014,C,制造业,142,9,6,2.302585092994046,63.38028169014084,11.778976464608263,-0.10018779635522532,-0.016469363717456487,-0.48741519322948107,0.07439309378860975,1.9459101490553132,2,2,2,3,-0.13357558726098795,0.04034391721770217,0.5555603226572033,-0.08111803232736023
600106_2015,600106,2015,C,制造业,213,14,11,2.70805020110221,65.72769953051643,20.971601436751616,-0.22505284060224484,0.238671719626985,-0.38617985368610624,-0.651324377052007,2.4849066497880004,4,3,3,4,0.1022227827301504,0.0742127490614796,0.5799953013680912,-0.4310987830556212
600106_2016,600106,2016,C,制造业,160,9,9,2.302585092994046,56.25,16.11103008417988,-0.7900527838339954,0.12704487118707228,-0.5795810864948419,-0.723633922273388,2.302585092994046,5,2,0,2,0.8099136031682582,-0.3152511466793173,-1.9213750519555446,-0.9975791533770973
600106_2017,600106,2017,C,制造业,167,16,8,2.833213344056216,95.80838323353294,21.587113190093643,-0.26848216498055244,-0.756340277839222,-0.6955888090269812,0.32489033406062756,2.1972245773362196,4,3,2,7,-0.11358362435721782,-0.2626097266950021,-0.12031345029453121,0.021780573440836337
600106_2018,600106,2018,C,制造业,201,15,9,2.772588722239781,74.62686567164178,18.600248231898462,-0.5220052869611943,-0.6522691578896531,-1.1664377739013934,-0.6349046501313038,2.302585092994046,5,3,1,6,0.2537497248812916,-0.34026314796263546,-0.9196085131805531,-0.28559478575093766
600106_2019,600106,2019,C,制造业,225,27,16,3.332204510175204,120.0,29.343589527748314,0.9299714972054598,0.868755862107621,0.29461162227229937,1.356683738990199,2.833213344056216,3,6,2,16,-0.3963758030678559,0.8016780334022046,0.09576167111733325,1.1803864688268875
600106_2020,600106,2020,C,制造业,221,20,12,3.044522437723423,90.49773755656108,28.8780563285659,0.07322035101887782,-0.043285499199857407,-0.1452624659188739,0.009949120278377084,2.5649493574615367,7,5,1,7,0.6098675187307795,0.421629808589624,-0.9523190570793655,0.04688194068515044
600106_2021,600106,2021,C,制造业,205,22,13,3.1354942159291497,107.3170731707317,26.813631163450236,0.7144696739568335,0.5180957058752447,0.21791387948334548,1.089368619518951,2.6390573296152584,8,2,2,10,1.1914761867140655,-0.6136790669311384,0.03271875207486963,0.8213856158893682
600106_2022,600106,2022,C,制造业,244,18,11,2.9444389791664403,73.77049180327869,30.3231586710997,-0.3700263499175173,-0.4915176633050078,-0.2423318554666585,-0.9211836848575592,2.4849066497880004,4,3,5,6,-0.2986598136449534,-0.5464989457716865,0.9899245450590797,-0.42211831282097184
600106_2023,600106,2023,C,制造业,214,15,9,2.772588722239781,70.09345794392523,24.73486107993625,-0.688556690305063,-0.7774411637733861,-0.8207911970306949,-0.9609232472109941,2.302585092994046,5,5,1,4,-0.033931572673743644,0.33570014869123915,-1.123375120578377,-0.8101417371993118
600107_2013,600107,2013,C,制造业,135,4,2,1.6094379124341003,29.62962962962963,8.44956684297887,-1.708440919260393,-2.094790532558394,-0.8822564918097788,-1.3966949346708168,1.0986122886681098,2,0,1,1,-0.12438274374861069,-2.273757213685551,-0.31277148452745074,-1.089212965098823
600107_2014,600107,2014,C,制造业,106,4,3,1.6094379124341003,37.73584905660377,6.290274940282364,-1.6523639904740335,-1.3319629979408243,-1.0871654423818164,-0.9960059493263294,1.3862943611198906,2,0,0,2,-0.13357558726098795,-2.1897565993244523,-1.5923776124195355,-0.514816080459569
600107_2015,600107,2015,C,制造业,203,14,8,2.70805020110221,68.9655172413793,22.74185635080592,-0.22505284060224484,-0.4375849964079353,-0.19274415289936855,-0.5161778121420155,2.1972245773362196,2,7,2,3,-0.9420352632796586,1.4812495184030008,0.017537332315326445,-0.7675011241312305
600107_2016,600107,2016,C,制造业,159,12,7,2.5649493574615367,75.47169811320754,18.57366478631603,-0.20253605302228958,-0.39750058946693023,-0.3104890672565143,0.07868007552254361,2.0794415416798357,2,2,4,4,-0.6070562720553876,-0.3152511466793173,1.2252971470774194,-0.22747876416927934
600107_2017,600107,2017,C,制造业,226,20,14,3.044522437723423,88.49557522123894,26.87081245966933,0.2047058591359134,0.4444618988496999,-0.11823915003578242,0.019653606436324016,2.70805020110221,5,4,2,9,0.259128204856619,0.19035493989558291,-0.12031345029453121,0.35818291451644624
600107_2018,600107,2018,C,制造业,181,21,10,3.091042453358316,116.02209944751381,20.316120917505312,0.19111353431308972,-0.4282227004588593,-0.978944417568306,1.0929330936940755,2.3978952727983707,2,3,2,14,-1.1632201503423543,-0.34026314796263546,-0.1268685301685661,0.8633772379803
600107_2019,600107,2019,C,制造业,164,8,6,2.1972245773362196,48.78048780487805,15.308032991867226,-1.611608245111444,-1.217035371474299,-1.239053214862421,-1.616019880316063,1.9459101490553132,1,2,1,4,-1.813345678291502,-0.9182730499825906,-0.6969783118946538,-0.6645286888099279
600107_2020,600107,2020,C,制造业,192,18,9,2.9444389791664403,93.75,19.654688208430038,-0.15089822892215393,-0.6600274267784051,-1.1530996207648143,0.14569860856547753,2.302585092994046,1,5,3,9,-2.2240722317165127,0.421629808589624,0.40287889498538626,0.38328428176076035
600107_2021,600107,2021,C,制造业,191,20,12,3.044522437723423,104.71204188481676,28.446318873042358,0.5107550337940964,0.3438894598844271,0.3963176160093708,0.9806345704731078,2.5649493574615367,4,4,3,9,-0.010109884157140599,0.42325862180033474,0.5951767211276344,0.67769978035579
600107_2022,600107,2022,C,制造业,203,18,8,2.9444389791664403,88.66995073891626,32.14906417250842,-0.3700263499175173,-1.1677743793399282,-0.042815216686962525,-0.29928002196349474,2.1972245773362196,3,9,2,4,-0.7548222260884853,1.3135024901604206,-0.36527340700567185,-0.9293704715308546
600107_2023,600107,2023,C,制造业,244,20,14,3.044522437723423,81.96721311475409,33.11997595525608,-0.07961092612982741,0.175689144761673,0.09545005116901678,-0.46531250960337256,2.70805020110221,8,3,3,6,0.7949426689836255,-0.4873635985093938,0.2318228314863748,-0.30288957848942893
600108_2013,600108,2013,C,制造业,198,13,10,2.6390573296152584,65.65656565656566,17.12575175199172,0.5972032399786878,0.9594451261313028,0.06578997014667964,0.10706997214812278,2.3978952727983707,1,3,2,7,-0.9532569854059796,0.5403163249974917,0.47996849848453627,1.000709265474506
600108_2014,600108,2014,C,制造业,227,22,14,3.1354942159291497,96.91629955947137,32.34154353759871,1.7649596769993696,1.775099795818217,1.7594558874041566,1.474187035428477,2.70805020110221,5,6,3,8,1.2833942879626579,1.7602950006024973,1.1180182917099681,1.1414081019815516
600108_2015,600108,2015,C,制造业,225,16,10,2.833213344056216,71.11111111111111,25.909876413927126,0.05522710040156328,0.03413332917672125,0.15342530334736962,-0.42662068846166057,2.3978952727983707,6,1,3,6,0.7900579734557783,-1.3328240202800417,0.5799953013680912,0.07615337565426167
600108_2016,600108,2016,C,制造业,211,22,16,3.1354942159291497,104.26540284360189,29.106483232827507,1.0750946895205997,1.3743972537683775,0.840431685051548,1.280529788151463,2.833213344056216,4,7,2,9,0.4372017739544214,1.675758644803092,0.2265628831211941,0.8174823511173858
600108_2017,600108,2017,C,制造业,223,16,13,2.833213344056216,71.74887892376681,29.86534181789167,-0.26848216498055244,0.28227976388400605,0.2089729821466841,-0.6793537745539654,2.6390573296152584,7,2,4,3,0.8472238384228962,-0.8465827488358902,0.878420813661694,-1.0231805418458282
600108_2018,600108,2018,C,制造业,334,31,22,3.4657359027997265,92.81437125748502,48.21117505685165,1.0301709071576133,1.3056574637840999,2.0691473024939486,0.12424213443333708,3.1354942159291497,8,5,4,14,1.0826239665386608,0.4828005992379975,0.8718657337876591,0.8633772379803
600108_2019,600108,2019,C,制造业,240,26,20,3.295836866004329,108.33333333333334,36.49850328588998,0.8485328170789475,1.365481961630741,1.076428831696155,0.8697168789782717,3.044522437723423,6,8,3,9,0.7476218001013039,1.311827466559564,0.658219640170098,0.38043242647673714
600108_2020,600108,2020,C,制造业,234,18,12,2.9444389791664403,76.92307692307693,29.886051175581777,-0.15089822892215393,-0.043285499199857407,-0.03511889954662709,-0.5566574395286484,2.5649493574615367,6,3,3,6,0.3368952466762934,-0.40143393861100896,0.40287889498538626,-0.15442467481602185
600108_2021,600108,2021,C,制造业,196,17,10,2.8903717578961645,86.73469387755102,28.373726127302877,0.16556281164322195,-0.048806010263326725,0.3883854088833415,0.2302597667211183,2.3978952727983707,2,5,2,8,-1.0543679301669495,0.7933577024103827,0.03271875207486963,0.5188624583024274
600108_2022,600108,2022,C,制造业,282,25,15,3.258096538021482,88.65248226950355,38.41037132515618,0.33235232176216994,0.1847390527299125,0.6413576260476395,-0.30000915616627644,2.772588722239781,5,10,1,9,0.07405201556888343,1.506975003990604,-1.1580133900176588,0.11559064375581043
600108_2023,600108,2023,C,制造业,232,21,14,3.091042453358316,90.51724137931035,29.81832609146531,0.02456213096922116,0.175689144761673,-0.2653211293453919,-0.10843418814587023,2.70805020110221,3,8,1,9,-0.8628058143311124,1.1587638958918727,-1.123375120578377,0.2348193780873533
600109_2013,600109,2013,K,房地产业,126,9,5,2.302585092994046,71.42857142857143,12.800611951083996,-0.47224134307597154,-0.5176657044693278,-0.5424958886178889,-0.12270750010674912,1.791759469228055,5,1,0,3,0.6711306391640559,-0.99579124542721,-1.3551979520647517,-0.3003228718962515
600109_2014,600109,2014,K,房地产业,194,15,8,2.772588722239781,77.31958762886599,25.030712901176734,0.1970537583911362,-0.015674553909660327,0.4174312261087458,-0.06961135664201583,2.1972245773362196,4,6,1,4,0.523267251731029,1.0307288903557281,-0.7005880943579825,-0.2802124658323314
600109_2015,600109,2015,K,房地产业,211,16,11,2.833213344056216,75.82938388625593,25.362616023726133,-0.11523468855896798,0.06929014481627217,-0.03351256841481845,-0.21227418502113293,2.4849066497880004,4,3,5,4,-0.11890429014776491,-0.4446283166595051,1.457326416568123,-0.46703652758595054
600109_2016,600109,2016,K,房地产业,98,1,1,0.6931471805599453,10.204081632653061,1.7639674518983965,-3.1401621509305753,-2.319572969661279,-1.2291669443543627,-1.7639080435407335,0.6931471805599453,1,0,0,0,-0.514872050568524,-2.0674448668771395,-1.2848907059331562,-1.7501457689709872
600109_2017,600109,2017,K,房地产业,190,12,8,2.5649493574615367,63.15789473684211,17.74937844642359,0.4824187722539466,0.4687649431801529,0.29097372657430237,0.15923980420829967,2.1972245773362196,5,1,1,5,0.9529993825003076,-0.15950355172390226,-0.08331978860783534,0.4706092637479166
600109_2018,600109,2018,K,房地产业,231,20,14,3.044522437723423,86.58008658008657,27.226248710379732,0.04709855243280073,0.34074430111737875,-0.1499335870083751,-0.24354920510602582,2.70805020110221,6,5,0,9,0.5865607819443303,0.5821795190247993,-1.9467169726968692,0.026045805183652453
600109_2019,600109,2019,K,房地产业,121,8,5,2.1972245773362196,66.11570247933885,10.084637470783429,-0.9215110632875602,-1.1406809152796886,-1.0368481090313795,-0.15228914705121777,1.791759469228055,0,2,1,5,-2.6166366523008944,-0.2621001704379759,-0.7609187646402114,0.2757432043248516
600109_2020,600109,2020,K,房地产业,174,7,6,2.0794415416798357,40.229885057471265,11.432910235195704,-2.2057946726090933,-1.6304307210147262,-1.808747753404948,-2.185834606628435,1.9459101490553132,4,0,0,3,0.2260450844805591,-2.6218178980715647,-2.3400509975759896,-1.5892419918091538
600109_2021,600109,2021,K,房地产业,170,14,9,2.70805020110221,82.3529411764706,20.72978190012242,-0.218887842503988,-0.4219069101904299,-0.17961929734204166,0.008937708279974813,2.302585092994046,5,2,2,5,0.6421715418787939,-0.6202215631411899,0.127877749621401,-0.3412149884470072
600109_2022,600109,2022,K,房地产业,183,24,12,3.2188758248682006,131.14754098360658,25.117399701742208,0.5207688970478961,0.14939550004721172,-0.3861229111060289,1.741009146461466,2.5649493574615367,7,3,0,14,0.8056871029107063,-0.7397669256710622,-1.9912749337104345,1.0211976174720534
600109_2023,600109,2023,K,房地产业,216,20,11,3.044522437723423,92.59259259259258,29.073415282117992,-0.35401161208216725,-0.3861143868544091,-0.6111857618209114,-0.46653011185658944,2.4849066497880004,5,4,4,7,-0.19684565148425498,-0.28680225908047713,0.29842196943269256,-0.39941648704698596
600110_2013,600110,2013,E,建筑业,142,17,9,2.8903717578961645,119.71830985915493,17.15720617286597,0.5182142002078051,0.49059888925050493,-0.38855371273042455,1.7015841353826981,2.302585092994046,3,2,1,11,-0.21621937817637624,-0.13919752837494584,-0.01771400107378618,1.0564249929154321
600110_2014,600110,2014,E,建筑业,176,10,6,2.3978952727983707,56.81818181818181,20.11128690520029,0.591549094878994,0.4739912840131808,0.5920678778336766,-0.09694969858074586,1.9459101490553132,2,1,0,7,-0.5059921043228764,-0.2247812237071141,-0.8516819715751721,1.2046429467123891
600110_2015,600110,2015,E,建筑业,152,14,7,2.70805020110221,92.10526315789473,17.44491707518948,1.3988768429269725,1.0422880577814588,0.4441124991939898,1.4251803050321012,2.0794415416798357,3,2,1,8,1.0529339643118674,0.3349545739279163,-0.06898771714014673,1.1274042453590791
600110_2016,600110,2016,E,建筑业,200,18,14,2.9444389791664403,90.0,22.383874156384895,0.0179829444322374,0.47316811434537354,-0.5373425410530024,0.2308871644579389,2.70805020110221,7,2,1,8,0.6258029977356756,-0.9537710319603877,-0.4427057047713959,0.3286135491577006
600110_2017,600110,2017,E,建筑业,177,17,9,2.8903717578961645,96.045197740113,21.55309494683807,1.0542391061772223,0.7019909750897487,0.5602191286734296,1.0398281331797783,2.302585092994046,4,2,2,9,0.5286042745571634,0.14695653869153213,0.818291979557644,0.9778573640653351
600110_2018,600110,2018,E,建筑业,137,5,4,1.791759469228055,36.4963503649635,9.419717286332283,-2.1770130864969994,-1.6575812574524305,-1.6573709132578465,-1.9909116278969095,1.6094379124341003,3,0,1,1,-0.033313429099163766,-2.785780593827504,-0.5524212195448884,-1.8769803003380843
600110_2019,600110,2019,E,建筑业,209,16,8,2.833213344056216,76.55502392344498,27.728589663553382,-0.616901124561508,-1.0642846815806546,-0.4811764669054581,-0.733457480846755,2.1972245773362196,2,6,2,6,-1.304831255438489,0.5484329467244228,-0.4803668409258433,-0.36424453084567127
600110_2020,600110,2020,E,建筑业,324,34,21,3.5553480614894135,104.93827160493827,50.54977601438216,1.2444249908652392,1.1044510564630232,2.2516258145917085,0.710881449466426,3.091042453358316,8,8,4,14,1.3592481166961725,0.8387843555582463,0.8646651269609756,0.9531537722292769
600110_2021,600110,2021,E,建筑业,217,21,14,3.091042453358316,96.77419354838709,28.383296813011953,-0.05643159193740062,0.06154586134368793,-0.16419573315251784,0.09861809864234522,2.70805020110221,6,2,3,10,0.26287746361135794,-0.7348804561268448,-0.08860438533980088,0.13696667737565488
600110_2022,600110,2022,E,建筑业,183,19,9,2.995732273553991,103.82513661202186,28.328906240223507,0.41463993377622615,0.0787551224715355,0.5693153995406111,0.724380817403451,2.302585092994046,3,5,4,7,0.0514439950325172,0.7664328398864767,1.2664733111239794,0.032054993227483106
600110_2023,600110,2023,E,建筑业,252,34,15,3.5553480614894135,134.9206349206349,37.010813697599964,0.8337002705705656,0.16706755129721632,0.551328773869472,1.381950240137019,2.772588722239781,3,5,4,22,-0.6219595488086119,0.6215922689654793,0.37085542909826513,1.0235514731745963
600111_2013,600111,2013,F,批发和零售业,138,8,4,2.1972245773362196,57.971014492753625,10.61743398585689,-0.5523768637872656,-1.1075816910509788,-0.786317740755118,-0.3771393414684339,1.6094379124341003,1,2,0,5,-1.2301598248658687,-0.31314870691150887,-1.3760968491753232,0.4195786063926169
600111_2014,600111,2014,F,批发和零售业,175,11,6,2.4849066497880004,62.85714285714286,16.52165790813823,-0.44692051228961616,-0.8093136389780664,-0.6651608783163021,-0.3937442266937221,1.9459101490553132,0,4,1,6,-2.9927306207980204,0.26714882214463803,-0.4716655255622725,0.38717523894781275
600111_2015,600111,2015,F,批发和零售业,102,3,3,1.3862943611198906,29.41176470588235,5.175450256940892,-2.143803850051309,-1.4357680801603607,-1.4098214123995112,-1.4297531452925476,1.3862943611198906,2,0,1,0,-0.39768630397712185,-1.9960532903228883,-0.4300056312583549,-2.1663071076157494
600111_2016,600111,2016,F,批发和零售业,164,14,10,2.70805020110221,85.3658536585366,15.249298341071038,-0.5509920293888528,-0.2712640043462992,-1.4816389881831538,0.006253248691405726,2.3978952727983707,3,1,0,10,-0.3622367589478647,-2.0424878524849506,-1.786721566636543,0.5145370902509849
600111_2017,600111,2017,F,批发和零售业,221,13,10,2.6390573296152584,58.8235294117647,24.951310226671342,-1.064033457861239,-0.5335358130389876,-0.7989037814546238,-1.4679872891043777,2.3978952727983707,4,4,3,2,-0.4391289093262008,0.010952325302683936,0.046344448667820067,-1.7150966998276798
600111_2018,600111,2018,F,批发和零售业,108,6,4,1.9459101490553132,55.55555555555555,6.01076382816297,-1.8065214448241087,-1.6303636529230405,-1.7133853106919652,-1.2710650054038362,1.6094379124341003,2,1,0,3,-0.5531002242878786,-1.3525263818220006,-1.398375829682106,-1.0334193587925204
600111_2019,600111,2019,F,批发和零售业,177,12,8,2.5649493574615367,67.79661016949153,10.318509821933329,-0.47733004841780663,-0.36662050683407227,-1.3637479987226313,-0.47817856345611487,2.1972245773362196,3,2,0,7,-0.37834572648903797,-0.5271026659335611,-1.6574637336189302,0.25554244969569284
600111_2020,600111,2020,F,批发和零售业,152,5,4,1.791759469228055,32.89473684210526,8.003384419714097,-2.1840144517709836,-1.793248973970159,-1.6852393471954947,-1.9246235064875719,1.6094379124341003,2,1,0,2,-1.0352645234974296,-1.1104652862024105,-2.180055591515664,-1.2503516949676103
600111_2021,600111,2021,F,批发和零售业,201,17,13,2.8903717578961645,84.5771144278607,24.71602435764854,0.23979652179972163,0.5237514353570893,-0.06406807969259543,0.2862213241859487,2.6390573296152584,2,6,5,4,-0.8043265449931762,0.8837775622816866,1.43504743606134,-0.28820619835814315
600111_2022,600111,2022,F,批发和零售业,237,19,9,2.995732273553991,80.16877637130803,34.11912723236751,0.20300697000380286,-0.45434463688253446,0.7828776300442939,-0.14994393213272253,2.302585092994046,1,9,2,7,-1.8416014959721032,1.8582532098757443,-0.2316827355881333,0.12509343346789198
600111_2023,600111,2023,F,批发和零售业,157,7,4,2.0794415416798357,44.58598726114649,14.363273694039455,-1.6771189404250133,-1.9763821369519725,-1.3820702263148148,-1.4226031153040286,1.6094379124341003,4,1,1,1,0.019844584936820443,-1.9549938537470362,-0.8807722597100558,-1.4629109097742534
600112_2013,600112,2013,C,制造业,145,2,2,1.0986122886681098,13.793103448275861,3.4581810416912546,-2.8523413704098,-2.094790532558394,-1.4276650669837287,-2.0577117999305767,1.0986122886681098,0,2,0,0,-2.3702268606296255,-0.04365669714339641,-1.6679694365922024,-2.1341740803854874
600112_2014,600112,2014,C,制造业,136,6,3,1.9459101490553132,44.11764705882353,6.712581761475222,-0.8988960253537595,-1.3319629979408243,-1.0410199888339022,-0.7296295949516423,1.3862943611198906,2,0,1,3,-0.13357558726098795,-2.1897565993244523,-0.2371796603547836,-0.08111803232736023
600112_2015,600112,2015,C,制造业,161,17,10,2.8903717578961645,105.59006211180125,16.65747451592332,0.1832229023671547,0.03413332917672125,-0.8575843715259321,1.0125312977078695,2.3978952727983707,3,0,2,12,-0.35393962971338144,-2.739860789621563,0.017537332315326445,1.0093922602152268
600112_2016,600112,2016,C,制造业,116,5,2,1.791759469228055,43.10344827586207,4.763341156779347,-1.9339532349834032,-2.7031443300718307,-1.8195427115437692,-1.2723712091094885,1.0986122886681098,0,1,1,3,-2.8529003889364026,-1.1383148938799506,-0.5661770998907929,-0.5638811052448887
600112_2017,600112,2017,C,制造业,150,10,7,2.3978952727983707,66.66666666666667,13.518125893231748,-1.2432972778838456,-1.0332138703393619,-1.577286806313198,-0.8914853983900385,2.0794415416798357,3,3,0,4,-0.5697460368007496,-0.2626097266950021,-2.26825138537127,-0.6867782007702188
600112_2018,600112,2018,C,制造业,179,7,5,2.0794415416798357,39.10614525139665,13.790750126144683,-2.074181481080002,-1.853071334578576,-1.6919714860989747,-2.117540109137732,1.791759469228055,2,1,2,2,-1.1632201503423543,-1.7472999173041568,-0.1268685301685661,-1.5629473336686384
600112_2019,600112,2019,C,制造业,205,13,8,2.6390573296152584,63.41463414634146,20.17911449519442,-0.6222046969133478,-0.6262683886275471,-0.7067902866791261,-1.005190369499708,2.1972245773362196,2,3,4,4,-0.9844714366341331,-0.33430002784170243,1.0944959350735586,-0.6645286888099279
600112_2020,600112,2020,C,制造业,155,8,5,2.1972245773362196,51.61290322580645,10.092311828863542,-1.824148065250803,-1.860829603467328,-2.197980197840422,-1.6131045091043303,1.791759469228055,1,3,0,4,-2.2240722317165127,-0.40143393861100896,-2.3075170091441173,-0.6616768335259047
600112_2021,600112,2021,C,制造业,134,2,2,1.0986122886681098,14.925373134328359,3.4912486863491097,-3.8467544446659763,-3.1030416689530234,-2.330522146683219,-2.767062471157441,1.0986122886681098,1,1,0,0,-1.8832421718243186,-1.4367428141317715,-2.115219183001869,-2.7935859065798136
600112_2022,600112,2022,C,制造业,202,20,11,3.044522437723423,99.00990099009901,23.402915591473416,-0.14590776997648558,-0.4915176633050078,-0.9985066069640678,0.13230967287919176,2.4849066497880004,5,3,2,10,0.07405201556888343,-0.5464989457716865,-0.36527340700567185,0.25927647928938863
600112_2023,600112,2023,C,制造业,198,16,9,2.833213344056216,80.80808080808082,26.763399747559852,-0.5527989502462932,-0.7774411637733861,-0.5991328383222894,-0.5136947112935781,2.302585092994046,6,4,0,6,0.28119178883804746,-0.03439893191880881,-2.4785730726431288,-0.30288957848942893
600113_2013,600113,2013,C,制造业,145,7,5,2.0794415416798357,48.275862068965516,7.729771732231088,-0.6559538502437703,-0.4654035079884138,-0.9609084817378766,-0.6184008836391648,1.791759469228055,0,2,0,5,-2.3702268606296255,-0.04365669714339641,-1.6679694365922024,0.5670112173422974
600113_2014,600113,2014,C,制造业,143,2,1,1.0986122886681098,13.986013986013987,4.274410812892221,-2.7962644416234403,-2.9613500225108043,-1.3074388544631883,-1.9873244587657235,0.6931471805599453,0,1,0,1,-2.379419704142003,-0.782719829982931,-1.5923776124195355,-1.1260791476140248
600113_2015,600113,2015,C,制造业,218,17,11,2.8903717578961645,77.9816513761468,21.96659818485086,0.1832229023671547,0.238671719626985,-0.27745658918839333,-0.13984422393737952,2.4849066497880004,6,3,0,8,0.7900579734557783,0.0742127490614796,-2.130400602761412,0.45502501017768127
600113_2016,600113,2016,C,制造业,150,6,4,1.9459101490553132,40.0,5.902475442433798,-1.5887610128325294,-1.5023421533829087,-1.6950695426874738,-1.4019091915757158,1.6094379124341003,2,1,0,3,-0.6070562720553876,-1.1383148938799506,-1.9213750519555446,-0.5638811052448887
600113_2017,600113,2017,C,制造业,191,8,6,2.1972245773362196,41.88481675392671,15.585031312909786,-1.6926625571337677,-1.347107260685974,-1.3514361137710376,-1.9258802244437965,1.9459101490553132,5,2,1,0,0.259128204856619,-0.8465827488358902,-0.9130534333065182,-3.113102772419157
600113_2018,600113,2018,C,制造业,203,15,12,2.772588722239781,73.89162561576356,22.298129615366957,-0.5220052869611943,-0.03552723031110547,-0.7623703872450576,-0.6655935822483906,2.5649493574615367,3,4,2,6,-0.5751245167760771,0.11270151862794953,-0.1268685301685661,-0.28559478575093766
600113_2019,600113,2019,C,制造业,174,13,7,2.6390573296152584,74.71264367816093,13.361684882637677,-0.6222046969133478,-0.9031419811276868,-1.4517306137470258,-0.5336112644058547,2.0794415416798357,1,5,0,7,-1.813345678291502,0.48876371935893054,-2.0521762639594057,0.04403008540112724
600113_2020,600113,2020,C,制造业,246,23,17,3.1780538303479458,93.49593495934958,32.39647432046898,0.37223945491522714,0.7216877296377116,0.2391949613822209,0.1350939295582487,2.8903717578961645,6,5,2,10,0.3368952466762934,0.421629808589624,-0.15957907406737853,0.5269701172943386
600113_2021,600113,2021,C,制造业,178,16,9,2.833213344056216,89.8876404494382,14.959287045166404,0.03756700967763053,-0.2728524676941206,-1.0774099429122306,0.36186380888374114,2.302585092994046,4,2,0,10,-0.010109884157140599,-0.6136790669311384,-2.115219183001869,0.8213856158893682
600113_2022,600113,2022,C,制造业,158,10,4,2.3978952727983707,63.29113924050633,15.347489033428392,-1.5939109069962445,-2.5494895357560465,-1.87872282273091,-1.3585920344962334,1.6094379124341003,1,2,1,6,-2.171792101312131,-1.1304719679125745,-1.1580133900176588,-0.42211831282097184
600113_2023,600113,2023,C,制造业,174,17,10,2.8903717578961645,97.70114942528737,22.795978184501493,-0.4248031482807018,-0.5533947063425922,-1.032652872230279,0.19142225274817423,2.3978952727983707,2,7,1,7,-1.4509014478973894,0.9196731708321273,-1.123375120578377,-0.10158296298825664
600114_2013,600114,2013,G,交通运输、仓储和邮政业,222,24,14,3.2188758248682006,108.10810810810811,24.87001443539696,1.7101878267189041,1.5996916669146868,0.8336842466641184,1.687403186258657,2.70805020110221,5,2,3,14,1.0398123494466103,0.13261183203472182,1.0335328020575583,1.5833678561507445
600114_2014,600114,2014,G,交通运输、仓储和邮政业,157,15,7,2.772588722239781,95.54140127388536,19.668983338548188,0.6111287871588037,0.045756621813625574,0.15164935689618694,1.108959801206437,2.0794415416798357,2,4,2,7,-0.16125120373337543,0.7411708931391608,0.45475406349141706,0.5496836324189235
600114_2015,600114,2015,G,交通运输、仓储和邮政业,135,7,7,2.0794415416798357,51.85185185185185,12.4355957860583,-0.7455448240867968,0.0020274180421276477,-0.49329902976830936,-0.4652312566321817,2.0794415416798357,4,3,0,0,0.789191128575548,0.6555899043185165,-1.7320081899460236,-2.1842917679361444
600114_2016,600114,2016,G,交通运输、仓储和邮政业,156,13,8,2.6390573296152584,83.33333333333333,14.492337818015653,0.3555427099037174,0.2850378052720898,-0.3003851276395816,0.5521643586605031,2.1972245773362196,5,1,1,6,1.0768266951818932,-0.9169769622188119,-0.21409475025630806,0.6590486136171186
600114_2017,600114,2017,G,交通运输、仓储和邮政业,191,12,8,2.5649493574615367,62.82722513089005,17.814994294614525,0.64148323202665,0.49685681092959244,0.3036414879995961,0.1037048022268163,2.1972245773362196,2,5,1,4,-0.021493815655154794,1.508913179158301,-0.40803382578634734,0.5006562844346135
600114_2018,600114,2018,G,交通运输、仓储和邮政业,279,29,20,3.4011973816621555,103.9426523297491,43.83128230895961,0.38752981041718165,0.6683777695378419,0.7421143926563208,0.07537020966308908,3.044522437723423,10,5,2,12,1.1552447943920372,0.10912691271463582,-0.47086610365058856,0.24209420196693354
600114_2019,600114,2019,G,交通运输、仓储和邮政业,174,16,8,2.833213344056216,91.95402298850574,19.897042122042986,1.0745442184679825,0.4861315526045624,0.36503386655134246,1.1736871271660754,2.1972245773362196,1,4,2,9,-0.9185790555211861,1.0131935884689784,0.5424010410082017,1.1978814104967488
600114_2020,600114,2020,G,交通运输、仓储和邮政业,211,24,15,3.2188758248682006,113.74407582938387,28.903852069985906,0.5436062866109223,0.4210815468367519,0.018399268024794732,1.0669324179065671,2.772588722239781,5,6,1,12,0.09904056872037738,0.684965818851098,-0.9207156895456878,0.833047273026277
600114_2021,600114,2021,G,交通运输、仓储和邮政业,261,29,20,3.4011973816621555,111.1111111111111,39.244988442878224,1.1832603716185959,1.3744650004474936,1.5128184336566837,1.0399596670207394,3.044522437723423,6,10,2,11,0.8842754854036295,2.2085557235533013,0.16524856796226234,0.6086560033603325
600114_2022,600114,2022,G,交通运输、仓储和邮政业,233,20,9,3.044522437723423,85.83690987124463,36.37144501947233,0.5350209688521005,-0.326066429136619,1.256319588707802,0.11452686981005178,2.302585092994046,5,5,3,7,0.48844340188648844,0.6921100176476492,0.49380449077070265,0.40020742012923577
600114_2023,600114,2023,G,交通运输、仓储和邮政业,208,20,9,3.044522437723423,96.15384615384616,30.510195472405652,-0.2504478771887336,-1.0019908707254646,-0.23885403057305774,-0.10670226553162478,2.302585092994046,1,6,5,8,-2.2166911082762284,0.598049666950342,0.9439963118304688,-0.20419302575283946
600115_2013,600115,2013,I,信息传输、软件和信息技术服务业,205,22,13,3.1354942159291497,107.3170731707317,32.60824159640116,0.7448986905290277,0.5469593473948967,0.9850801493065805,0.9619263557260055,2.6390573296152584,5,3,5,9,0.3162292769144542,-0.10226991725038434,1.6876460795334947,0.8817408728631476
600115_2014,600115,2014,I,信息传输、软件和信息技术服务业,181,17,11,2.8903717578961645,93.92265193370166,21.75347347472207,0.4285637273650602,0.44092656774953326,0.0522642144853722,0.7409786072514251,2.4849066497880004,4,4,1,8,0.40286542183905005,0.576178306961398,-0.6547178678814934,0.49604924455991783
600115_2015,600115,2015,I,信息传输、软件和信息技术服务业,238,23,13,3.1780538303479458,96.63865546218487,34.92841866428536,-0.040096655422991616,-0.30580107890027913,0.10427913594868904,-0.1998377720940339,2.6390573296152584,6,4,5,8,0.0074578323874727286,-0.03664211971706936,0.9478727259925935,-0.2712411323096096
600115_2016,600115,2016,I,信息传输、软件和信息技术服务业,217,18,9,2.9444389791664403,82.94930875576037,25.513468971582455,0.17019772352260124,-0.34255905367860023,0.03954878294696441,0.12428280428850101,2.302585092994046,3,3,3,9,-0.4238992648662311,-0.1949940494376923,0.3765911615695086,0.45559839316293027
600115_2017,600115,2017,I,信息传输、软件和信息技术服务业,301,21,15,3.091042453358316,69.76744186046511,40.387105409092314,0.3330208823352724,0.4953862519769403,1.2714389118221037,-0.5938139152659561,2.772588722239781,5,10,2,4,-0.10329136054235981,1.8993743301138346,0.10893702880359603,-0.49485146181843076
600115_2018,600115,2018,I,信息传输、软件和信息技术服务业,226,22,12,3.1354942159291497,97.34513274336283,33.650888378951585,0.010722275621523957,-0.31563240139695325,0.0005060456191661415,0.3207144349074149,2.5649493574615367,6,5,1,10,0.12916880146373327,0.1337249944145776,-1.1033592474127862,0.41490985617498927
600115_2019,600115,2019,I,信息传输、软件和信息技术服务业,340,38,25,3.6635616461296463,111.76470588235294,48.438262601793205,1.1736664032795634,1.365854640637264,1.7042851975979914,0.6502532359705248,3.258096538021482,7,5,7,19,0.7073765930761758,0.12361720055560908,1.4761016574852581,1.0853719940901374
600115_2020,600115,2020,I,信息传输、软件和信息技术服务业,254,22,16,3.1354942159291497,86.61417322834646,29.128889483443555,0.358170985289125,0.4646024919441792,-0.08818576750789553,0.051927941882728014,2.833213344056216,6,6,2,8,0.4133960969209041,0.5556100377287885,-0.35184262267482924,0.6328431069100935
600115_2021,600115,2021,I,信息传输、软件和信息技术服务业,337,35,27,3.58351893845611,103.85756676557864,53.066477262979134,0.7241265519371101,1.089027245609801,1.6820936286844868,0.1897016263468228,3.332204510175204,9,3,9,14,0.8527968867920992,-0.6950314290741048,1.4055664002036325,0.5565954645082604
600115_2022,600115,2022,I,信息传输、软件和信息技术服务业,293,34,24,3.5553480614894135,116.04095563139933,48.416715159628325,0.7618404058730796,1.0367821372424249,1.211615797409042,0.6961111612229074,3.2188758248682006,10,7,3,14,1.033560082694829,0.6626587961860766,0.08013834710690451,0.5829055405286715
600115_2023,600115,2023,I,信息传输、软件和信息技术服务业,245,25,15,3.258096538021482,102.04081632653062,37.178254969743215,0.1553299361295587,0.20355994443962763,0.10461219610672463,0.19827055585489736,2.772588722239781,8,6,1,10,0.3715845846182345,0.22349604459910102,-0.9923397425581924,0.26352569485979876
600116_2013,600116,2013,D,电力、热力、燃气及水生产和供应业,190,18,8,2.9444389791664403,94.73684210526316,20.602473337001676,0.3159321335127809,-0.3195357348705367,-0.3713448860789728,0.4215402258694232,2.1972245773362196,2,3,1,12,-0.9459256751044832,-0.11408855044716089,-0.4346979863244792,0.9683998024539163
600116_2014,600116,2014,D,电力、热力、燃气及水生产和供应业,195,16,11,2.833213344056216,82.05128205128206,25.25537259129374,0.27586122105815075,0.3703640045263752,0.14171651193039145,0.2979534967105276,2.4849066497880004,4,4,2,6,0.14710436250275793,0.7185754765830976,-0.2992951320011524,0.4079525181337508
600116_2015,600116,2015,D,电力、热力、燃气及水生产和供应业,138,10,8,2.3978952727983707,72.46376811594203,11.389662690031365,-0.7935998273798529,-0.4659602182216989,-1.2807205417753353,-0.31155647500043393,2.1972245773362196,1,2,1,6,-1.8321401981793655,-0.2391170975927979,-1.0920351150131393,0.5433552174326506
600116_2016,600116,2016,D,电力、热力、燃气及水生产和供应业,244,19,14,2.995732273553991,77.8688524590164,30.8158019001155,0.634107250357032,0.911448639798457,0.9430704969280094,0.08393177542659369,2.70805020110221,4,5,4,6,0.22585148500645996,1.076137915763286,1.3329228282780288,0.15049439754653002
600116_2017,600116,2017,D,电力、热力、燃气及水生产和供应业,207,10,8,2.3978952727983707,48.309178743961354,19.111450352556762,-1.347119602040189,-0.88704945919239,-1.0848474461701445,-1.742164321718731,2.1972245773362196,4,3,1,2,-0.3880923235298138,-0.38379077585742066,-0.6609039800236122,-1.5446000955766368
600116_2018,600116,2018,D,电力、热力、燃气及水生产和供应业,212,23,17,3.1780538303479458,108.49056603773585,30.885049257240652,0.732643806905576,0.9765836016309704,0.7519221952916264,1.0251723856564041,2.8903717578961645,6,4,2,11,0.9404033699994095,0.1850259785680844,0.2616339958467054,0.6712464182042888
600116_2019,600116,2019,D,电力、热力、燃气及水生产和供应业,197,15,5,2.772588722239781,76.14213197969544,21.15577779602635,-0.2332738698274036,-1.5793197303251814,-0.5847799377736794,-0.3060667042215978,1.791759469228055,2,4,1,8,-1.0161045077881032,0.3754830894227661,-0.997495401327336,0.48500019634665575
600116_2020,600116,2020,D,电力、热力、燃气及水生产和供应业,205,18,13,2.9444389791664403,87.80487804878048,27.323708253808515,-0.08186984625163171,0.28348417928146546,-0.005515464313910774,-0.07421555729345687,2.6390573296152584,5,5,3,5,0.053574900672740705,0.43165448114994814,0.9204999657402726,-0.4787114146827481
600116_2021,600116,2021,D,电力、热力、燃气及水生产和供应业,174,7,7,2.0794415416798357,40.229885057471265,12.296019510285932,-1.3513843306269648,-0.6225587163689698,-1.0717802746461167,-1.3381086814250087,2.0794415416798357,3,1,2,1,-0.14555350330539094,-1.3134914759683258,0.2635022830017041,-1.5313075706677997
600116_2022,600116,2022,D,电力、热力、燃气及水生产和供应业,240,25,13,3.258096538021482,104.16666666666667,39.53775551138755,0.39704530613272593,0.11778245360467442,0.781485507682205,0.49704140238204386,2.6390573296152584,3,6,5,11,-0.5770784049518172,0.24388728542257979,1.0461965374367292,0.5229646856736585
600116_2023,600116,2023,D,电力、热力、燃气及水生产和供应业,239,14,12,2.70805020110221,58.57740585774059,25.944309557076753,-1.1247584147120748,-0.44238003503639717,-1.0483679083724158,-1.857529320155976,2.5649493574615367,6,2,5,1,0.2915476043201146,-1.57354022422589,0.6870915094294981,-2.2880955237751084
600117_2013,600117,2013,C,制造业,187,13,8,2.6390573296152584,69.5187165775401,20.23632579219032,0.5972032399786878,0.48772680054664636,0.40568230121035836,0.2682762155949027,2.1972245773362196,3,2,1,7,0.4637128898176665,-0.04365669714339641,-0.31277148452745074,1.000709265474506
600117_2014,600117,2014,C,制造业,157,5,3,1.791759469228055,31.84713375796178,10.293233349416628,-1.2440882475046333,-1.3319629979408243,-0.6497622983805466,-1.2418010234820913,1.3862943611198906,4,1,0,0,0.9106824587488211,-0.782719829982931,-1.5923776124195355,-2.1710402629006893
600117_2015,600117,2015,C,制造业,193,19,13,2.995732273553991,98.44559585492229,25.397841610891287,0.4191584854449779,0.6010350453152926,0.0974752759439161,0.7143211577444253,2.6390573296152584,1,6,2,10,-1.7709095049370276,1.2101908103053867,0.017537332315326445,0.7575481677646221
600117_2016,600117,2016,C,制造业,187,14,11,2.70805020110221,74.8663101604278,20.78796392125201,0.1179120842375885,0.5556297190681299,-0.06853266791691676,0.05341117234075527,2.4849066497880004,8,1,2,3,1.6387878448256274,-1.1383148938799506,0.2265628831211941,-0.5638811052448887
600117_2017,600117,2017,C,制造业,196,14,9,2.70805020110221,71.42857142857143,21.63940194461218,-0.5487621059843605,-0.5086684096853592,-0.6898752184060719,-0.6927234147117007,2.302585092994046,6,2,3,3,0.5742515663684101,-0.8465827488358902,0.4421445187582336,-1.0231805418458282
600117_2018,600117,2018,C,制造业,257,23,18,3.1780538303479458,89.49416342412451,32.169758203956654,0.3859595811103905,0.856542279465202,0.31630216933436417,-0.014343395555112177,2.9444389791664403,9,3,2,9,1.2980077708911015,-0.34026314796263546,-0.1268685301685661,0.2521141708258446
600117_2019,600117,2019,C,制造业,260,22,15,3.1354942159291497,84.61538461538461,37.28035233052319,0.4894748113209743,0.7262450434422936,1.1618614530985139,-0.12027069357344979,2.772588722239781,5,5,4,8,0.43249843858951276,0.48876371935893054,1.0944959350735586,0.22159510442337457
600117_2020,600117,2020,C,制造业,189,13,7,2.6390573296152584,68.78306878306879,26.73036627856334,-0.834744517052707,-1.1845728874324077,-0.37994049256730295,-0.8964215141924742,2.0794415416798357,6,3,3,1,0.3368952466762934,-0.40143393861100896,0.40287889498538626,-2.0430402898881783
600117_2021,600117,2021,C,制造业,244,18,13,2.9444389791664403,73.77049180327869,35.17720373512133,0.28663645385306463,0.5180957058752447,1.1318012008164964,-0.3108662427076119,2.6390573296152584,8,5,1,4,1.1914761867140655,0.7933577024103827,-0.7600212309371174,-0.36726133493087504
600117_2022,600117,2022,C,制造业,269,25,23,3.258096538021482,92.93680297397769,39.084025124690164,0.33235232176216994,1.1378693612649726,0.7149677562983542,-0.12118153895983111,3.1780538303479458,7,7,3,8,0.6621476491351606,0.8605378235698347,0.19718456204709292,-0.04324667829755215
600117_2023,600117,2023,C,制造业,270,44,27,3.8066624897703196,162.962962962963,44.144236541275866,1.62706217094029,1.6428940343659595,1.3000706711612238,2.915451431358958,3.332204510175204,3,7,8,26,-0.8628058143311124,0.9196731708321273,1.8173027975103488,1.732206238475111
600118_2013,600118,2013,F,批发和零售业,193,13,6,2.6390573296152584,67.35751295336787,21.534384464167694,0.4370266844108306,-0.3166335174816125,0.40657710702124067,0.01465325983489009,1.9459101490553132,3,4,2,4,0.18681005035777726,0.7237889818199642,0.7718410859014158,0.1447178803137705
600118_2014,600118,2014,F,批发和零售业,258,21,12,3.091042453358316,81.39534883720931,36.61511552569381,0.9104096350318905,0.6458671396010959,1.5304506263447957,0.38004079813776065,2.5649493574615367,4,9,4,4,0.29737154209280353,1.67418559148616,1.3198087214059397,-0.12007691976207009
600118_2015,600118,2015,F,批发和零售业,200,11,7,2.4849066497880004,55.0,22.013848908520256,0.31633721213908267,0.1936189444096192,0.4301098977387952,-0.361699780056303,2.0794415416798357,3,4,2,2,0.1904093295891553,1.2709849149507393,0.3627343517536321,-0.5100829251746289
600118_2016,600118,2016,F,批发和零售业,290,25,17,3.258096538021482,86.20689655172414,41.60545389844595,0.6807360274700766,0.8864046946390236,1.398297330484617,0.0413583929911961,2.8903717578961645,8,5,5,7,1.2955117243668732,0.18761266405720364,1.7164143205049474,0.034448913641796836
600118_2017,600118,2017,F,批发和零售业,362,44,28,3.8066624897703196,121.54696132596685,62.235378189065585,1.5506045072804633,1.7452423942347024,3.2751251943885937,1.1500897984754181,3.367295829986474,12,8,6,18,1.514180533469983,1.2041151531133654,1.1404701856296824,1.0675981898361164
600118_2018,600118,2018,F,批发和零售业,237,35,18,3.58351893845611,147.67932489451476,36.90966940146704,1.8606035893342163,1.5078348090017955,1.6629371644857283,2.5741826535209693,2.9444389791664403,4,8,0,23,0.49115782172193034,1.700637881920787,-1.398375829682106,1.6677659389352648
600118_2019,600118,2019,F,批发和零售业,177,8,5,2.1972245773362196,45.19774011299435,14.861599749589656,-1.3007823623073356,-1.3197508153691324,-0.8673247000685865,-1.4214557741329723,1.791759469228055,4,2,0,2,0.07781668595449387,-0.5271026659335611,-1.6574637336189302,-1.2231167137231802
600118_2020,600118,2020,F,批发和零售业,199,17,10,2.8903717578961645,85.42713567839195,22.79382969099626,0.27612661041940756,0.060184508030615834,-0.06908784083080727,0.268079691529637,2.3978952727983707,3,4,1,9,-0.44716888993115245,0.7495361497296958,-0.8248576394509118,0.5647098095268727
600118_2021,600118,2021,F,批发和零售业,234,29,16,3.4011973816621555,123.93162393162393,35.74855198524305,1.3836969729491295,0.9801556443690295,1.1414558796818348,1.9288792030737036,2.833213344056216,6,4,1,18,0.9277666917422608,0.20076416762836452,-0.7128904990153985,1.7243883020978352
600118_2022,600118,2022,F,批发和零售业,293,36,20,3.6109179126442243,122.86689419795222,42.68349488771044,1.5806025669277441,1.289733845221891,1.718705824082403,1.6322762135638689,3.044522437723423,8,4,5,19,1.2331168625662807,0.4512164405342222,1.1235152164766182,1.506456889830166
600118_2023,600118,2023,F,批发和零售业,242,14,12,2.70805020110221,57.85123966942149,25.61680616247021,-0.26946494725124415,0.26974681519655613,-0.15239707468280603,-0.8689112599448855,2.5649493574615367,2,6,4,2,-1.0244134610729885,0.5880209768383923,0.9107019872581564,-0.8516478426197975
600119_2013,600119,2013,I,信息传输、软件和信息技术服务业,184,12,9,2.5649493574615367,65.21739130434783,21.38618822719387,-0.5327320520138614,-0.24398882617446854,-0.2411532821076883,-0.7953150630717698,2.302585092994046,4,1,3,4,-0.0564825522993827,-1.5093066865919056,0.8949060965215078,-0.16322024242351743
600119_2014,600119,2014,I,信息传输、软件和信息技术服务业,232,19,13,2.995732273553991,81.89655172413792,25.412575014357408,0.6644993104428834,0.8032898934378409,0.4520941287818165,0.239008985202279,2.6390573296152584,3,4,2,10,-0.05329699060448179,0.576178306961398,0.13802211513049356,0.7985724021468587
600119_2015,600119,2015,I,信息传输、软件和信息技术服务业,188,17,10,2.8903717578961645,90.42553191489363,22.892334244817274,-0.6843079814702154,-0.8727027950388506,-1.2109034436471455,-0.4591736519246557,2.3978952727983707,5,4,1,7,-0.3076655291243183,-0.03664211971706936,-1.200065209084145,-0.448806151331857
600119_2016,600119,2016,I,信息传输、软件和信息技术服务业,168,10,5,2.3978952727983707,59.52380952380952,20.740173246259534,-1.053686833556126,-1.5433612303675233,-0.4820290962385493,-0.8534979218710643,1.791759469228055,3,2,2,3,-0.4238992648662311,-0.7789670715785805,-0.1858668074832562,-0.925765063199344
600119_2017,600119,2017,I,信息传输、软件和信息技术服务业,177,15,12,2.772588722239781,84.7457627118644,22.612478353660606,-0.38009793893901167,0.0072866156395100315,-0.6707940476198414,0.031381445298937764,2.5649493574615367,3,1,4,7,-0.9321656021997285,-1.561136388989977,1.1076712927598213,0.21370731239262436
600119_2018,600119,2018,I,信息传输、软件和信息技术服务业,235,17,14,2.8903717578961645,72.34042553191489,32.28696028375187,-0.5381845866920876,0.020755979559558126,-0.14853033599066578,-0.7229824584877055,2.70805020110221,7,4,3,3,0.40214107351821937,-0.2363740861954704,0.2518387046519655,-1.1101394357208634
600119_2019,600119,2019,I,信息传输、软件和信息技术服务业,270,27,18,3.332204510175204,100.0,39.703902318318804,0.43165276951654696,0.6285371258435911,0.7498819142379258,0.15919421747110193,2.9444389791664403,5,4,9,9,0.11928095950989863,-0.2464818800544389,1.9123779523887194,0.04041087880347329
600119_2020,600119,2020,I,信息传输、软件和信息技术服务业,239,16,11,2.833213344056216,66.94560669456067,31.806675455513144,-0.318731678990078,-0.35416504275606864,0.20441582447293416,-0.769038351193845,2.4849066497880004,4,7,5,0,-0.27443909380472387,0.8266687458264025,1.0033553293899222,-2.6796052579721477
600119_2021,600119,2021,I,信息传输、软件和信息技术服务业,274,29,17,3.4011973816621555,105.83941605839415,46.6960917129592,0.3158508089677106,0.05040720388657194,0.986001792776152,0.27242404867304243,2.8903717578961645,7,6,8,8,0.39663447434856647,0.44094663216980234,1.1995721192593936,-0.2135049246995576
600119_2022,600119,2022,I,信息传输、软件和信息技术服务业,175,16,12,2.833213344056216,91.42857142857143,24.533201704994156,-0.8552480693927933,-0.5004084204030083,-1.3981349936597491,-0.3312101632906587,2.5649493574615367,3,4,3,6,-1.0344105558631065,-0.2914133065648596,0.08013834710690451,-0.5660664832025661
600119_2023,600119,2023,I,信息传输、软件和信息技术服务业,227,19,14,2.995732273553991,83.70044052863436,30.68361156359019,-0.432186794682148,0.051848689058708826,-0.605057291973926,-0.5672570338942706,2.70805020110221,6,7,2,4,-0.14216629552734356,0.49455475269671506,-0.19959975954620532,-0.9251212559604445
600120_2013,600120,2013,C,制造业,203,13,6,2.6390573296152584,64.03940886699507,21.579090961098863,0.5972032399786878,-0.1030401823001056,0.5524062105059877,0.03956982095119495,1.9459101490553132,3,3,2,5,0.4637128898176665,0.5403163249974917,0.47996849848453627,0.5670112173422974
600120_2014,600120,2014,C,制造业,141,2,2,1.0986122886681098,14.184397163120567,3.5520971530758727,-2.7962644416234403,-2.0082197139757447,-1.386366046171649,-1.9790439416655994,1.0986122886681098,0,0,1,1,-2.379419704142003,-2.1897565993244523,-0.2371796603547836,-1.1260791476140248
600120_2015,600120,2015,C,制造业,280,27,19,3.332204510175204,96.42857142857143,40.63901400286891,1.1726264505652517,1.4394738963159068,1.7628777211214983,0.6301305247615021,2.995732273553991,7,4,6,10,1.0630302455102645,0.5271774156520646,1.6741210383299536,0.7575481677646221
600120_2016,600120,2016,C,制造业,180,11,8,2.4849066497880004,61.11111111111111,21.479528172341837,-0.38177704086459574,-0.12062699696679047,0.007034536832281399,-0.520731063935085,2.1972245773362196,3,1,4,3,-0.018960638489110466,-1.1383148938799506,1.2252971470774194,-0.5638811052448887
600120_2017,600120,2017,C,制造业,212,13,7,2.6390573296152584,61.320754716981135,25.235858075957616,-0.7032590089356714,-1.0332138703393619,-0.2968905659741328,-1.1146238517647764,2.0794415416798357,3,6,2,2,-0.5697460368007496,0.873368334548905,-0.12031345029453121,-1.4568785899780368
600120_2018,600120,2018,C,制造业,239,16,10,2.833213344056216,66.94560669456067,32.20741962477252,-0.38624754690242463,-0.4282227004588593,0.32041743164506536,-0.9555205271319571,2.3978952727983707,5,4,1,6,0.2537497248812916,0.11270151862794953,-0.9196085131805531,-0.28559478575093766
600120_2019,600120,2019,C,制造业,227,16,10,2.833213344056216,70.48458149779736,26.447719761152637,-0.18742785295822875,-0.15455006304289046,-0.021819979324360445,-0.710090649883583,2.3978952727983707,3,6,1,6,-0.3963758030678559,0.8016780334022046,-0.6969783118946538,-0.15727653010004503
600120_2020,600120,2020,C,制造业,241,20,10,3.044522437723423,82.98755186721992,30.059567720668078,0.07322035101887782,-0.4359809693476112,-0.01615875192585765,-0.30352615485690665,2.3978952727983707,5,4,4,7,0.021771885164502274,0.05153072797957602,0.8391551898888467,0.04688194068515044
600120_2021,600120,2021,C,制造业,196,19,13,2.995732273553991,96.93877551020408,25.31722524775993,0.40149839472104515,0.5180957058752447,0.05440165044507332,0.6561783031746992,2.6390573296152584,4,2,5,8,-0.010109884157140599,-0.6136790669311384,1.3879167041396212,0.5188624583024274
600120_2022,600120,2022,C,制造业,272,28,20,3.367295829986474,102.94117647058823,36.928868278392144,0.5768841414916612,0.82397597091836,0.4794738330451044,0.2964011765856818,3.044522437723423,8,5,3,12,0.9029262572262526,0.2765648014289465,0.19718456204709292,0.5111205717399934
600120_2023,600120,2023,C,制造业,259,25,15,3.258096538021482,96.52509652509653,39.02284707695754,0.3986491656088281,0.32740040014259186,0.740456599669461,0.1423337852041296,2.772588722239781,9,5,3,8,1.0103264733360664,0.33570014869123915,0.2318228314863748,0.07598205603399072
600121_2013,600121,2013,C,制造业,172,10,7,2.3978952727983707,58.13953488372093,13.545613464366822,0.057164971030513774,0.2108532080465065,-0.3254116319966539,-0.2066910168860401,2.0794415416798357,2,3,1,4,-0.12438274374861069,0.5403163249974917,-0.31277148452745074,0.292150491263451
600121_2014,600121,2014,C,制造业,193,15,10,2.772588722239781,77.720207253886,23.81396509128566,0.9522992726613969,1.0460159447139519,0.827647649121338,0.6729418244670456,2.3978952727983707,5,2,2,6,1.2833942879626579,0.04034391721770217,0.5555603226572033,0.7625364674581319
600121_2015,600121,2015,C,制造业,236,33,19,3.5263605246161616,139.83050847457625,31.70544330929413,1.6074032945203707,1.4394738963159068,0.7867067222895815,2.4417280963382155,2.995732273553991,5,4,5,19,0.4749346119439873,0.5271774156520646,1.372735284380078,1.658823447517708
600121_2016,600121,2016,C,制造业,212,13,9,2.6390573296152584,61.320754716981135,19.50850914731299,-0.03658481871372232,0.12704487118707228,-0.2083386522737209,-0.5119805363517617,2.302585092994046,3,4,1,5,-0.018960638489110466,0.7216865420521558,-0.5661770998907929,0.04738196190956711
600121_2017,600121,2017,C,制造业,181,8,8,2.1972245773362196,44.19889502762431,14.014815031338635,-1.6926625571337677,-0.756340277839222,-1.523013599251269,-1.82929055894971,2.1972245773362196,3,2,1,2,-0.5697460368007496,-0.8465827488358902,-0.9130534333065182,-1.4568785899780368
600121_2018,600121,2018,C,制造业,186,15,9,2.772588722239781,80.64516129032258,24.774645455350516,-0.5220052869611943,-0.6522691578896531,-0.49176157649500274,-0.38370089126965856,2.302585092994046,3,8,0,4,-0.5751245167760771,1.305864346438631,-2.274806465245305,-0.7928469444608205
600121_2019,600121,2019,C,制造业,279,26,20,3.295836866004329,93.1899641577061,36.15875364373447,0.8485328170789475,1.365481961630741,1.0393043985986183,0.2376323986248479,3.044522437723423,5,6,4,11,0.43249843858951276,0.8016780334022046,1.0944959350735586,0.6552931525555833
600121_2020,600121,2020,C,制造业,219,14,6,2.70805020110221,63.926940639269404,24.10475421015435,-0.6802476141013961,-1.4984662777790199,-0.6668410436769883,-1.0991163833926056,1.9459101490553132,6,3,2,3,0.3368952466762934,-0.40143393861100896,-0.15957907406737853,-0.998079174601514
600121_2021,600121,2021,C,制造业,220,18,11,2.9444389791664403,81.81818181818181,24.327371053022418,0.28663645385306463,0.155732380186937,-0.053759687402719004,0.02504447188439253,2.4849066497880004,4,1,4,9,-0.010109884157140599,-1.4367428141317715,1.0314530160310948,0.67769978035579
600121_2022,600121,2022,C,制造业,190,24,11,3.2188758248682006,126.31578947368422,27.161448715694455,0.24452471605264745,-0.4915176633050078,-0.5878118064345887,1.2720579107095356,2.4849066497880004,3,5,2,14,-0.7548222260884853,0.2765648014289465,-0.36527340700567185,0.7268537109102657
600121_2023,600121,2023,C,制造业,272,27,15,3.332204510175204,99.26470588235294,43.24101350971524,0.5646003999173953,0.32740040014259186,1.2013755178872179,0.2566851251780539,2.772588722239781,8,5,2,12,0.7949426689836255,0.33570014869123915,-0.33063513756638996,0.6303493060715363
600122_2013,600122,2013,E,建筑业,218,15,8,2.772588722239781,68.80733944954129,25.151726080385497,0.254460658183444,0.24292702109664216,0.48500723518011246,-0.42344061323413457,2.1972245773362196,4,3,1,7,0.2399430342671556,0.4447754937659423,-0.01771400107378618,0.445161925760976
600122_2014,600122,2014,E,建筑业,137,1,0,0.6931471805599453,7.299270072992701,2.5604142022961454,-3.2259221146329042,-4.100276399350148,-1.3257154502915416,-2.163869895474675,0.0,1,0,0,0,-1.3348663459802452,-1.6318179930486354,-0.8516819715751721,-1.9302403991476045
600122_2015,600122,2015,E,建筑业,142,10,7,2.3978952727983707,70.42253521126761,13.565396899247977,0.7043416710274873,1.0422880577814588,0.02019744719119583,0.5201428812039406,2.0794415416798357,2,2,2,4,0.4648383307455902,0.3349545739279163,0.7237522658718403,0.2412804521257766
600122_2016,600122,2016,E,建筑业,186,12,9,2.5649493574615367,64.51612903225806,23.022499622631138,-0.831814578006883,-0.47996219418968555,-0.46755995571862297,-0.832810032065811,2.302585092994046,3,3,2,4,-0.7911668774879703,-0.36979800981949956,0.3500342782405911,-0.5575102440756019
600122_2017,600122,2017,E,建筑业,141,12,7,2.5649493574615367,85.1063829787234,12.493129464600118,0.32551522594794474,0.17744551443574616,-0.42976302488357526,0.5832418237564058,2.0794415416798357,3,1,1,7,0.07244186211363152,-0.6761072085091011,0.025551996545657,0.6414550229897251
600122_2018,600122,2018,E,建筑业,158,12,10,2.5649493574615367,75.9493670886076,16.439981175736758,-0.4455959045358857,0.19585222454834447,-0.8902668909084837,-0.3441420560188204,2.3978952727983707,3,2,2,5,-0.033313429099163766,-0.5556800772853495,0.24031876346709852,-0.22075611789696425
600122_2019,600122,2019,E,建筑业,207,10,6,2.3978952727983707,48.309178743961354,20.186979592625708,-1.591716237464801,-1.6550516644274065,-1.3052479707032787,-1.9124395267412848,1.9459101490553132,5,3,1,1,0.11213861978515678,-0.5875451145194842,-1.2731068239378303,-2.2528601459178277
600122_2020,600122,2020,E,建筑业,230,27,15,3.332204510175204,117.3913043478261,37.818238020734086,0.7447358657630548,0.3558591383782269,0.860451044030533,1.2306712425318382,2.772588722239781,7,4,4,12,1.1184695086050804,-0.3543784722524352,0.8646651269609756,0.7374206330590045
600122_2021,600122,2021,E,建筑业,213,27,15,3.332204510175204,126.76056338028168,31.752040842787128,0.4836066770107736,0.21325711672460673,0.20390682484479317,1.3502496723732684,2.772588722239781,6,6,3,12,0.26287746361135794,0.9850706272579504,-0.08860438533980088,0.3888107698262596
600122_2022,600122,2022,E,建筑业,173,9,5,2.302585092994046,52.02312138728324,12.651846462350884,-1.1375362603425805,-1.1220470542173875,-1.143716447078142,-1.4378361565634952,1.791759469228055,2,2,1,4,-0.53665163853376,-0.6406039294550444,-0.5250009358442328,-0.676503780983572
600122_2023,600122,2023,E,建筑业,266,36,19,3.6109179126442243,135.33834586466165,39.4549684337874,0.9581387772720488,0.6916130119512178,0.8184014877888737,1.399385501863189,2.995732273553991,7,3,3,23,0.795010326415034,-0.2014714782351537,-0.06542086580519534,1.0877126548060483
600123_2013,600123,2013,E,建筑业,104,3,0,1.3862943611198906,28.846153846153847,7.524559357015882,-2.849891730054171,-4.922107645113438,-1.4411127382482258,-2.0914211625743144,0.0,2,0,1,0,-0.8043150117426534,-2.3692980449171004,-0.01771400107378618,-2.6897214200990174
600123_2014,600123,2014,E,建筑业,87,0,0,0.0,0.0,0.0,-4.778098308751711,-4.100276399350148,-1.6054918325477965,-2.4685415492881853,0.0,0,0,0,0,-2.7518362212038916,-1.6318179930486354,-0.8516819715751721,-1.9302403991476045
600123_2015,600123,2015,E,建筑业,97,0,0,0.0,0.0,0.0,-4.665305732603218,-3.8458730159284813,-1.4620930607032927,-2.4192949055883797,0.0,0,0,0,0,-1.781005786135425,-1.8951459426142383,-1.4241856692048986,-2.185044119523162
600123_2016,600123,2016,E,建筑业,202,13,8,2.6390573296152584,64.35643564356435,20.2768859392988,-0.6658633436983157,-0.7276340623435483,-0.7675730796526794,-0.8394756367563972,2.1972245773362196,3,1,2,7,-0.7911668774879703,-1.7768347791610208,0.3500342782405911,0.15104853013545322
600123_2017,600123,2017,E,建筑业,127,0,0,0.0,0.0,0.0,-5.418219212322368,-4.7107155592741945,-1.794886902703937,-2.969100012196866,0.0,0,0,0,0,-2.7614978883336607,-2.0831439778506224,-1.3296459555190947,-2.4934283228702685
600123_2018,600123,2018,E,建筑业,128,6,5,1.9459101490553132,46.875,11.303934203079404,-1.8318208643461256,-1.2289964095713724,-1.4514825878920543,-1.5577066201308238,1.791759469228055,4,0,1,1,0.4228489833443681,-2.785780593827504,-0.5524212195448884,-1.8769803003380843
600123_2019,600123,2019,E,建筑业,231,24,13,3.2188758248682006,103.89610389610391,31.713966661646317,0.24671938558409093,-0.025664639857426442,-0.045694443155627304,0.40775965032073536,2.6390573296152584,6,5,3,10,0.42726198129694787,0.23551863268114878,0.08209112812692147,0.31715026126468915
600123_2020,600123,2020,E,建筑业,200,17,11,2.8903717578961645,85.0,27.952082770151865,-0.2446676824350423,-0.3203975776566934,-0.2176234410707569,-0.12134233774972517,2.4849066497880004,4,4,4,5,0.15766204582496643,-0.3543784722524352,0.8646651269609756,-0.42820968413299715
600123_2021,600123,2021,E,建筑业,177,12,6,2.5649493574615367,67.79661016949153,13.039317663801022,-1.2345207514166012,-1.7300232981919859,-1.8408318695760075,-1.1109067118223344,1.9459101490553132,2,1,3,6,-1.4692157731240791,-1.557944203327478,-0.08860438533980088,-0.5444281147347056
600123_2022,600123,2022,E,建筑业,160,11,6,2.4849066497880004,68.75,16.618044192522508,-0.7292605173731809,-0.7596837285290792,-0.7103301413525808,-0.7396559660633224,1.9459101490553132,3,2,2,4,0.0514439950325172,-0.6406039294550444,0.26773904716775415,-0.676503780983572
600123_2023,600123,2023,E,建筑业,197,15,10,2.772588722239781,76.14213197969544,23.582410913140933,-0.9191459447540768,-0.7137275551879678,-0.9159923912555236,-1.071465446721651,2.3978952727983707,3,5,2,5,-0.6219595488086119,0.6215922689654793,-0.6278788348579601,-1.002209575767281
600124_2013,600124,2013,I,信息传输、软件和信息技术服务业,225,12,10,2.5649493574615367,53.333333333333336,22.66513081145555,-0.5327320520138614,-0.0199423687436747,-0.10140326470139827,-1.2913558397298823,2.3978952727983707,8,3,1,0,1.1451035185718232,-0.10226991725038434,-0.460291855543244,-2.5895448140724557
600124_2014,600124,2014,I,信息传输、软件和信息技术服务业,206,13,10,2.6390573296152584,63.10679611650485,18.6487400512014,-0.13420891855565018,0.23638817729926948,-0.2869899125709896,-0.5452757252526284,2.3978952727983707,2,2,3,6,-0.6413926241707589,-0.460759381770075,0.7004800841832584,0.1171776100364982
600124_2015,600124,2015,I,信息传输、软件和信息技术服务业,266,27,16,3.332204510175204,101.50375939849623,35.42364936130163,0.30509556672788185,0.15060313011166096,0.15839297919686415,0.0032317468342984565,2.833213344056216,7,5,3,12,0.2804301044419588,0.3334569608929786,0.15513274298060678,0.28312611772793594
600124_2016,600124,2016,I,信息传输、软件和信息技术服务业,253,26,16,3.295836866004329,102.76679841897233,32.85557842155965,0.9570889493843433,0.9047933289027051,0.8418208599421423,0.9514651512553434,2.833213344056216,7,5,2,12,0.9930706103574147,0.6280696977629406,-0.1858668074832562,0.8511283211471132
600124_2017,600124,2017,I,信息传输、软件和信息技术服务业,225,15,12,2.772588722239781,66.66666666666667,28.58659361306723,-0.38009793893901167,0.0072866156395100315,-0.018002654352389562,-0.7232403232425477,2.5649493574615367,7,4,3,1,0.4848042730239174,0.2988650469421293,0.6713949978563608,-1.8762149181807048
600124_2018,600124,2018,I,信息传输、软件和信息技术服务业,278,20,14,3.044522437723423,71.94244604316546,39.08911028100287,-0.1929923645412132,0.020755979559558126,0.5947403879760349,-0.7395941289436022,2.70805020110221,6,6,4,4,0.12916880146373327,0.4466393084578516,0.688114999555426,-0.773737094645254
600124_2019,600124,2019,I,信息传输、软件和信息技术服务业,243,15,10,2.772588722239781,61.72839506172839,27.90903892641245,-0.8215043207059113,-0.6562278540804702,-0.5389424509897666,-1.4382632069066503,2.3978952727983707,4,5,2,4,-0.25343086970393824,0.12361720055560908,-0.4415542636322582,-1.0045502364831917
600124_2020,600124,2020,I,信息传输、软件和信息技术服务业,260,26,18,3.295836866004329,100.0,39.08384271824453,0.7172289910470981,0.7260615467177289,0.999591670636731,0.6106525731675042,2.9444389791664403,5,4,4,13,0.09827273540911298,-0.1274033569245336,0.646891641281396,1.2989325876733382
600124_2021,600124,2021,I,信息传输、软件和信息技术服务业,268,27,16,3.332204510175204,100.74626865671642,37.07843353541775,0.1613539060163997,-0.08395556994823934,-0.06491942468810202,0.05983599172107868,2.833213344056216,9,3,3,12,0.8527968867920992,-0.6950314290741048,-0.38590784676458045,0.340862325337988
600124_2022,600124,2022,I,信息传输、软件和信息技术服务业,311,27,15,3.332204510175204,86.81672025723473,55.446558192841195,0.2621512807708953,-0.01230878406557804,1.9797665325119203,-0.5237089076119297,2.772588722239781,10,6,5,6,1.033560082694829,0.3916000880884625,0.8728783301188913,-0.5660664832025661
600124_2023,600124,2023,I,信息传输、软件和信息技术服务业,273,32,17,3.4965075614664802,117.21611721611721,47.10290555168145,0.6892077695615355,0.4804335369397664,1.189078464291779,0.8316878664781713,2.8903717578961645,10,4,4,14,0.781806739861432,-0.45951735005422106,0.79913450441002,0.7311029264806759
600125_2013,600125,2013,C,制造业,122,4,3,1.6094379124341003,32.786885245901644,7.764843807043869,-1.708440919260393,-1.4185338165234735,-0.9570761571864266,-1.2649110329241593,1.3862943611198906,1,3,0,0,-0.9532569854059796,0.5403163249974917,-1.6679694365922024,-2.1341740803854874
600125_2014,600125,2014,C,制造业,124,8,6,2.1972245773362196,64.51612903225806,9.32955905955986,-0.3361233794330485,-0.016469363717456487,-0.7550629588157629,0.12180338067235702,1.9459101490553132,0,4,1,3,-2.379419704142003,1.0772816059491752,-0.2371796603547836,-0.08111803232736023
600125_2015,600125,2015,C,制造业,167,12,7,2.5649493574615367,71.8562874251497,18.8753440085837,-0.5455009778621229,-0.7144585889080751,-0.6152378393060384,-0.395517016764292,2.0794415416798357,6,1,0,5,0.7900579734557783,-1.3328240202800417,-2.130400602761412,-0.15623805697677473
600125_2016,600125,2016,C,制造业,164,15,9,2.772588722239781,91.46341463414635,18.319138177464108,0.26243428518262696,0.12704487118707228,-0.3383011820888266,0.7461745881284669,2.302585092994046,3,3,2,7,-0.018960638489110466,0.26872187546157084,0.2265628831211941,0.48108001004177575
600125_2017,600125,2017,C,制造业,165,17,9,2.8903717578961645,103.03030303030303,23.083716338741787,-0.140486363014961,-0.5086684096853592,-0.532055028349386,0.6263333860627228,2.302585092994046,4,4,2,7,-0.11358362435721782,0.19035493989558291,-0.12031345029453121,0.021780573440836337
600125_2018,600125,2018,C,制造业,222,15,12,2.772588722239781,67.56756756756756,22.303152080185843,-0.5220052869611943,-0.03552723031110547,-0.761821582666573,-0.9295598699852331,2.5649493574615367,3,3,3,6,-0.5751245167760771,-0.34026314796263546,0.43558943888419865,-0.28559478575093766
600125_2019,600125,2019,C,制造业,245,32,18,3.4965075614664802,130.6122448979592,41.76533165584997,1.2978980963288695,1.1302149168811708,1.6519350079978514,1.7996390169019234,2.9444389791664403,7,6,3,16,1.02059407215579,0.8016780334022046,0.658219640170098,1.1803864688268875
600125_2020,600125,2020,C,制造业,234,26,17,3.295836866004329,111.1111111111111,33.7019784007966,0.6359929969395882,0.7216877296377116,0.3818473526583233,0.8703516740594169,2.8903717578961645,7,6,4,9,0.6098675187307795,0.734544122632898,0.8391551898888467,0.38328428176076035
600125_2021,600125,2021,C,制造业,226,13,11,2.6390573296152584,57.52212389380531,23.99177937458608,-0.3972098342774884,0.155732380186937,-0.090429779930726,-0.9890733885243108,2.4849066497880004,4,6,2,1,-0.010109884157140599,1.1062720164536568,0.03271875207486963,-1.7486247912931487
600125_2022,600125,2022,C,制造业,203,14,12,2.70805020110221,68.9655172413793,19.679384784352326,-0.8993757350967596,-0.3033605836075177,-1.4053767053652633,-1.1217434027014448,2.5649493574615367,4,3,1,6,-0.2986598136449534,-0.5464989457716865,-1.1580133900176588,-0.42211831282097184
600125_2023,600125,2023,C,制造业,256,42,20,3.7612001156935624,164.0625,46.98568510012336,1.525257508454234,0.9666373183310393,1.6105556690372247,2.961346125506906,3.044522437723423,7,4,6,25,0.5541640608925336,-0.03439893191880881,1.3259485684482373,1.675310421358201
600126_2013,600126,2013,I,信息传输、软件和信息技术服务业,218,32,16,3.4965075614664802,146.78899082568807,37.49979214896802,1.553321975536923,1.0033635564068368,1.5195797298796971,2.6094848527903034,2.833213344056216,3,8,2,19,-0.5126449647429145,1.543857577150882,0.332448127468743,1.9267019881498118
600126_2014,600126,2014,I,信息传输、软件和信息技术服务业,199,13,10,2.6390573296152584,65.32663316582915,24.4852888716866,-0.13420891855565018,0.23638817729926948,0.3507696000863654,-0.4526196900256915,2.3978952727983707,4,4,3,2,0.40286542183905005,0.576178306961398,0.7004800841832584,-1.1601749378812027
600126_2015,600126,2015,I,信息传输、软件和信息技术服务业,308,31,18,3.4657359027997265,100.64935064935065,45.548517837105,0.6041146706242311,0.4120621848852108,1.264737050574199,-0.032431288514685006,2.9444389791664403,7,8,4,12,0.2804301044419588,1.156520708093612,0.5914090378840673,0.28312611772793594
600126_2016,600126,2016,I,信息传输、软件和信息技术服务业,241,20,13,3.044522437723423,82.98755186721992,28.18881845910395,0.394316303463633,0.448389119890765,0.33188414033509495,0.12587907239460475,2.6390573296152584,6,4,2,8,0.7200983383029287,0.25797061715289266,-0.1858668074832562,0.2967610711095677
600126_2017,600126,2017,I,信息传输、软件和信息技术服务业,197,15,12,2.772588722239781,76.14213197969544,22.466865243107883,-0.38009793893901167,0.0072866156395100315,-0.6867051877951251,-0.3277342440450431,2.5649493574615367,7,1,1,6,0.4848042730239174,-1.561136388989977,-0.683802954208391,0.012400696891452113
600126_2018,600126,2018,I,信息传输、软件和信息技术服务业,328,32,24,3.4965075614664802,97.5609756097561,49.68178098473387,0.8191455606294191,1.2215581562484799,1.752201194615827,0.32972371972771547,3.2188758248682006,13,9,2,8,1.5461386766873793,1.1706626831460516,-0.3106192644007993,0.11238669858804848
600126_2019,600126,2019,I,信息传输、软件和信息技术服务业,286,25,16,3.258096538021482,87.41258741258741,43.58071853500704,0.2657015352079797,0.3670780710700413,1.1735015046950958,-0.36620459253177706,2.833213344056216,5,8,7,5,0.11928095950989863,0.9466809477562425,1.4761016574852581,-0.7296895104043454
600126_2020,600126,2020,I,信息传输、软件和信息技术服务业,233,17,10,2.8903717578961645,72.96137339055794,28.51231551463524,-0.1907358770244866,-0.5587034332063324,-0.15555878638580709,-0.5179401496069204,2.3978952727983707,4,4,2,7,-0.27443909380472387,-0.1274033569245336,-0.35184262267482924,0.4552780878878461
600126_2021,600126,2021,I,信息传输、软件和信息技术服务业,239,22,17,3.1354942159291497,92.05020920502092,29.91725229739848,-0.27914277986808583,0.05040720388657194,-0.8474214814481609,-0.3031376739077103,2.8903717578961645,5,4,4,9,-0.19146115921771073,-0.24206676248351972,0.05036844813888002,-0.054667602646195
600126_2022,600126,2022,I,信息传输、软件和信息技术服务业,268,34,21,3.5553480614894135,126.86567164179105,44.27711447266774,0.7618404058730796,0.7362831340192183,0.7592817558525179,1.147934986888733,3.091042453358316,8,5,4,17,0.6233379274516314,0.07868577404518844,0.5164146420103649,0.8577662666075175
600126_2023,600126,2023,I,信息传输、软件和信息技术服务业,231,18,11,2.9444389791664403,77.92207792207792,30.336697148844213,-0.5470487355501285,-0.47269677159529266,-0.6429646195551958,-0.8084459848535673,2.4849066497880004,7,3,3,5,0.13080597652714251,-0.912482016644806,0.36285820950655945,-0.6502605298815981
600127_2013,600127,2013,C,制造业,147,11,7,2.4849066497880004,74.82993197278911,16.240037651312708,0.2520110178278145,0.2108532080465065,-0.03099198278074172,0.4899664342124528,2.0794415416798357,2,2,3,4,-0.12438274374861069,-0.04365669714339641,1.042426467537301,0.292150491263451
600127_2014,600127,2014,C,制造业,188,17,9,2.8903717578961645,90.42553191489363,23.047424047958565,1.216052814685758,0.8219694872831581,0.7438877325575786,1.2032622863758735,2.302585092994046,1,5,2,9,-0.9624498289183568,1.4473806865592234,0.5555603226572033,1.3002454240349142
600127_2015,600127,2015,C,制造业,268,17,10,2.8903717578961645,63.43283582089553,34.364797750966225,0.1832229023671547,0.03413332917672125,1.0772943015026988,-0.7471120263230997,2.3978952727983707,5,5,4,3,0.4749346119439873,0.8972764962621126,1.0162715962715516,-0.7675011241312305
600127_2016,600127,2016,C,制造业,202,22,10,3.1354942159291497,108.91089108910892,28.949549476740035,1.0750946895205997,0.3510913286178661,0.8232835382819105,1.4744325445060522,2.3978952727983707,5,3,2,12,0.8099136031682582,0.26872187546157084,0.2265628831211941,1.2130122791015687
600127_2017,600127,2017,C,制造业,244,43,23,3.784189633918261,176.22950819672133,39.894241230893655,1.8610551103537685,1.5493034627656788,1.3048305169413763,3.681669422799259,3.1780538303479458,4,8,4,27,-0.11358362435721782,1.3835177677062642,0.878420813661694,1.9103961885129932
600127_2018,600127,2018,C,制造业,233,27,16,3.332204510175204,115.87982832618026,35.503188442878695,0.7311518032612638,0.5950832246916522,0.6805459904758244,1.086994694731832,2.833213344056216,9,2,3,13,1.2980077708911015,-0.9242361701035237,0.43558943888419865,0.7593663295357267
600127_2019,600127,2019,C,制造业,255,24,18,3.2188758248682006,94.11764705882352,34.0860943829976,0.6761926571873701,1.1302149168811708,0.8128249840184089,0.27635389829146845,2.9444389791664403,5,5,2,12,0.43249843858951276,0.48876371935893054,0.09576167111733325,0.7759623544609202
600127_2020,600127,2020,C,制造业,285,30,22,3.4339872044851463,105.26315789473684,43.237123101829084,0.9453553843421507,1.297899194895348,1.423752325046151,0.6262580098930374,3.1354942159291497,10,8,3,9,1.260868282065069,1.2446935557902574,0.40287889498538626,0.38328428176076035
600127_2021,600127,2021,C,制造业,189,12,9,2.5649493574615367,63.49206349206349,22.829513379927867,-0.5631610685860557,-0.2728524676941206,-0.21743054992853736,-0.7398880107564834,2.302585092994046,3,7,0,2,-0.46627229660067243,1.377330724551271,-2.115219183001869,-1.137361724138693
600127_2022,600127,2022,C,制造业,294,37,20,3.6375861597263857,125.85034013605443,52.708187052135955,1.18214984420129,0.82397597091836,2.2036795170423336,1.2526300476432317,3.044522437723423,9,8,4,16,1.1183100615786934,1.09962854862958,0.6334608569505534,0.9155446861059606
600127_2023,600127,2023,C,制造业,244,22,16,3.1354942159291497,90.16393442622952,31.983256582128494,0.12410371403290976,0.4699112188079193,-0.02875924026868554,-0.12318122622262631,2.833213344056216,7,6,2,7,0.5541640608925336,0.6486144627345133,-0.33063513756638996,-0.10158296298825664
600128_2013,600128,2013,D,电力、热力、燃气及水生产和供应业,205,12,10,2.5649493574615367,58.53658536585366,22.828613791844905,-0.5338653889263394,0.15218259071411985,-0.1280945860721247,-1.0894590903605084,2.3978952727983707,5,2,3,2,0.47104420011916265,-0.698061572588049,0.9204999657402726,-1.2421916300247497
600128_2014,600128,2014,D,电力、热力、燃气及水生产和供应业,253,19,13,2.995732273553991,75.09881422924902,31.393870021592114,0.6397926061015653,0.7327273302146828,0.8124699400273176,0.00775737459943649,2.6390573296152584,7,3,4,5,1.107911825282872,0.2656108099925126,0.6994391319550729,0.1755610855027144
600128_2015,600128,2015,D,电力、热力、燃气及水生产和供应业,194,13,10,2.6390573296152584,67.01030927835052,24.993960989186007,-0.2535615584316787,0.005758107362957657,0.2058207209075115,-0.5391839372586827,2.3978952727983707,5,4,4,0,0.41370391870164924,0.7978205911386752,0.6994391319550729,-2.390221512926171
600128_2016,600128,2016,D,电力、热力、燃气及水生产和供应业,208,17,13,2.8903717578961645,81.73076923076923,26.49194344985764,0.39817166727920883,0.7492665048327631,0.4706026151624634,0.2451282454809831,2.6390573296152584,3,5,4,5,-0.2303109274370719,1.076137915763286,1.3329228282780288,-0.08189703508450638
600128_2017,600128,2017,D,电力、热力、燃气及水生产和供应业,216,16,13,2.833213344056216,74.07407407407408,30.171846719962698,-0.3723044891368958,0.15157058253083802,0.12372172955853422,-0.6667371636523622,2.6390573296152584,5,5,2,4,-0.01538049431597698,0.4392729713432123,0.13183600298837478,-0.7744997063688188
600128_2018,600128,2018,D,电力、热力、燃气及水生产和供应业,224,12,10,2.5649493574615367,53.57142857142857,22.427277764220833,-0.6402913993709255,-0.18108509735435238,-0.17225823932130274,-1.2671533223319729,2.3978952727983707,4,3,2,3,0.25256817927378156,-0.2679386880225006,0.2616339958467054,-0.9849777642368317
600128_2019,600128,2019,D,电力、热力、燃气及水生产和供应业,221,12,8,2.5649493574615367,54.29864253393665,23.622003230335583,-0.6982442080323202,-0.6261894217901213,-0.3152955593396657,-1.2178143156877268,2.1972245773362196,4,2,5,1,0.02815353822170582,-0.6614545993087071,1.1504425337494024,-1.7824870532489208
600128_2020,600128,2020,D,电力、热力、燃气及水生产和供应业,216,17,9,2.8903717578961645,78.70370370370371,23.223888465197593,-0.2029434884614744,-0.5074639942878998,-0.4535026483138758,-0.45409872528572665,2.302585092994046,4,2,2,9,-0.31913692854109615,-0.9753822881915729,0.3580419966875078,0.2913889745250705
600128_2021,600128,2021,D,电力、热力、燃气及水生产和供应业,154,6,5,1.9459101490553132,38.96103896103896,11.265920557634107,-1.6504034345233136,-1.29881543240389,-1.184339155971034,-1.3910703385179828,1.791759469228055,1,1,3,1,-1.562523378529037,-1.3134914759683258,0.8259602520544689,-1.5313075706677997
600128_2022,600128,2022,D,电力、热力、燃气及水生产和供应业,237,24,14,3.2188758248682006,101.26582278481013,30.822064057507383,0.30921770042320346,0.2799645885703682,-0.17087783323411482,0.3759601306792587,2.70805020110221,2,4,7,11,-1.1651740385180944,-0.4391261092307423,1.6086545064894942,0.5229646856736585
600128_2023,600128,2023,D,电力、热力、燃气及水生产和供应业,243,31,18,3.4657359027997265,127.57201646090535,32.12672524520891,0.5719399803517711,0.44968947473991033,-0.3728155335735406,1.0223068698299205,2.9444389791664403,5,4,6,16,-0.023575757191676493,-0.5366025354944169,0.9884772633793738,0.9381830902239805
600129_2013,600129,2013,C,制造业,135,10,6,2.3978952727983707,74.07407407407408,14.282445861600332,0.057164971030513774,-0.1030401823001056,-0.24489797829081053,0.45841691299366927,1.9459101490553132,3,2,1,4,0.4637128898176665,-0.04365669714339641,-0.31277148452745074,0.292150491263451
600129_2014,600129,2014,C,制造业,196,8,8,2.1972245773362196,40.816326530612244,14.050871921956846,-0.3361233794330485,0.5742976191292954,-0.239165245486109,-0.8674267685101538,2.1972245773362196,2,4,1,1,-0.13357558726098795,1.0772816059491752,-0.2371796603547836,-1.1260791476140248
600129_2015,600129,2015,C,制造业,194,18,8,2.9444389791664403,92.78350515463917,20.359594792636916,0.3042965445769974,-0.4375849964079353,-0.4530538011332223,0.47798539807988766,2.1972245773362196,4,4,0,10,0.1022227827301504,0.5271774156520646,-2.130400602761412,0.7575481677646221
600129_2016,600129,2016,C,制造业,255,21,12,3.091042453358316,82.3529411764706,37.181237867022446,0.975553106456911,0.7437867987656199,1.7227598791132877,0.36590327502220665,2.5649493574615367,8,5,0,8,1.6387878448256274,1.0917856226622038,-1.9213750519555446,0.6586450290640231
600129_2017,600129,2017,C,制造业,284,33,22,3.5263605246161616,116.19718309859155,46.071273108068794,1.283694029138255,1.4492582119883937,1.979794602880209,1.1759191783205596,3.1354942159291497,12,6,3,12,1.8397258184389658,0.873368334548905,0.4421445187582336,0.7537128425006292
600129_2018,600129,2018,C,制造业,229,24,17,3.2188758248682006,104.80349344978166,28.8802846378038,0.47737296324317424,0.7294459985264635,-0.04313850750631975,0.6246682934289379,2.8903717578961645,5,3,4,12,0.2537497248812916,-0.34026314796263546,0.8718657337876591,0.6476440988100276
600129_2019,600129,2019,C,制造业,172,11,6,2.4849066497880004,63.95348837209303,15.050830769730252,-0.9673969190642212,-1.217035371474299,-1.2671576938772693,-0.9826985851867025,1.9459101490553132,2,3,1,5,-0.9844714366341331,-0.33430002784170243,-0.6969783118946538,-0.38966796273108145
600129_2020,600129,2020,C,制造业,256,27,19,3.332204510175204,105.46875,41.06451031070844,0.7174316770661006,0.9693595977915743,1.1863509912313763,0.6348394277738869,2.995732273553991,7,9,4,7,0.6098675187307795,1.458567497321098,0.8391551898888467,0.04688194068515044
600129_2021,600129,2021,C,制造业,225,21,13,3.091042453358316,93.33333333333334,36.38441520488884,0.6149280908931449,0.5180957058752447,1.2637131615168082,0.5056870869611009,2.6390573296152584,4,9,4,4,-0.010109884157140599,1.8302953911418567,1.0314530160310948,-0.36726133493087504
600129_2022,600129,2022,C,制造业,233,23,13,3.1780538303479458,98.71244635193133,29.25676169620261,0.15311133391986373,-0.12915433761670014,-0.3588570205818043,0.11989391135252045,2.6390573296152584,6,2,3,12,0.3891753770806745,-1.1304719679125745,0.19718456204709292,0.5111205717399934
600129_2023,600129,2023,C,制造业,248,26,18,3.295836866004329,104.83870967741936,39.36120191170287,0.483161719790883,0.7313702735814691,0.7774286222035762,0.4893441359590306,2.9444389791664403,7,5,6,8,0.5541640608925336,0.33570014869123915,1.3259485684482373,0.07598205603399072
600130_2013,600130,2013,K,房地产业,147,18,8,2.9444389791664403,122.44897959183673,14.381549498159035,0.9650729101748544,0.4354646040657323,-0.36974689078110323,2.006885182161156,2.1972245773362196,2,2,1,13,-0.74583923605959,-0.17272749822657674,1.1050523368334354e-17,1.588292743175905
600130_2014,600130,2014,K,房地产业,190,20,12,3.044522437723423,105.26315789473684,28.49692008766415,0.8059995225663716,0.8487392418227501,0.796183580285039,1.0967537293488807,2.5649493574615367,3,6,4,7,0.06710483928749714,1.0307288903557281,1.0908861526102298,0.42834630837872373
600130_2015,600130,2015,K,房地产业,235,22,14,3.1354942159291497,93.61702127659574,31.862572403618493,0.561667975720235,0.5938356054702736,0.6767374681452466,0.5301820944363987,2.70805020110221,5,4,3,10,0.2538075390660719,0.008336349931079906,0.6645864335561362,0.7216104232342927
600130_2016,600130,2016,K,房地产业,145,7,4,2.0794415416798357,48.275862068965516,14.399760206595968,-0.03580976269296126,-0.16564048443729712,0.15154574684957026,-0.174791297186338,1.6094379124341003,3,3,1,0,0.9020978246551221,0.7466286718059034,0.07030724613159561,-1.7501457689709872
600130_2017,600130,2017,K,房地产业,149,9,6,2.302585092994046,60.40268456375839,10.29558190171056,-0.10509795855775918,-0.12200203966659906,-0.5235023958764434,0.04423728592319986,1.9459101490553132,1,1,0,7,-1.2928447343807072,-0.15950355172390226,-1.438517740672587,0.9043073118801254
600130_2018,600130,2018,K,房地产业,279,25,17,3.258096538021482,89.60573476702508,37.476222806238034,0.5253586441714563,0.7693291489984363,0.9700807716793115,-0.11725859964080622,2.8903717578961645,5,7,2,11,0.27143742043253916,1.1661525411656875,0.20122096237986964,0.30090653126249856
600130_2019,600130,2019,K,房地产业,198,18,10,2.9444389791664403,90.9090909090909,22.189053477907233,0.751738773041089,0.284167718840028,0.2858010610758648,0.8825872968938464,2.3978952727983707,6,0,4,8,1.3613007013155576,-2.4922006869801305,1.030555482328001,0.8870062714793077
600130_2020,600130,2020,K,房地产业,244,20,12,3.044522437723423,81.96721311475409,27.10448511493178,-0.04467271431505044,-0.17524994243556385,-0.09631524143927998,-0.4437178418276282,2.5649493574615367,3,3,1,13,-0.23011732796297277,0.19225564061147812,-0.9848530455112378,0.29937362326300265
600130_2021,600130,2021,K,房地产业,230,23,16,3.1780538303479458,100.0,31.526285332790597,0.8335992265126352,0.8254454723908754,1.0001143054087551,0.7455262360291088,2.833213344056216,6,4,1,12,0.957294903390585,0.4167161255902832,-0.664862233390586,0.8244153287449945
600130_2022,600130,2022,K,房地产业,220,16,12,2.833213344056216,72.72727272727272,24.780252067759456,-0.3428516130977028,0.14939550004721172,-0.422963022849418,-0.6974538187249387,2.5649493574615367,6,4,2,4,0.5327148308562203,-0.28680225908047713,0.15666300136630423,-0.635026564969067
600130_2023,600130,2023,K,房地产业,240,28,16,3.367295829986474,116.66666666666667,38.97638387120519,0.3687802993859796,0.43265314784583875,0.47091131566268196,0.5383221389616746,2.833213344056216,5,7,3,13,-0.19684565148425498,0.6672698436704589,-0.13785432547076792,0.44423801273850616
600131_2013,600131,2013,C,制造业,104,3,0,1.3862943611198906,28.846153846153847,7.388074743886314,-2.2081300443625773,-4.677307865663434,-0.9982457012944728,-1.4293972268572102,0.0,1,1,0,1,-0.9532569854059796,-0.8667204443440296,-1.6679694365922024,-1.089212965098823
600131_2014,600131,2014,C,制造业,108,7,4,2.0794415416798357,64.81481481481481,6.92572643214661,-0.5998769214574106,-0.8074175372868229,-1.0177296771319266,0.13427053018623106,1.6094379124341003,1,2,0,4,-0.9624498289183568,0.04034391721770217,-1.5923776124195355,0.25528430874824903
600131_2015,600131,2015,C,制造业,150,11,7,2.4849066497880004,73.33333333333333,15.939640913559874,-0.7247419657044292,-0.7144585889080751,-0.9360220274923439,-0.33386509607843656,2.0794415416798357,3,2,2,4,-0.35393962971338144,-0.5097602730794085,0.017537332315326445,-0.4310987830556212
600131_2016,600131,2016,C,制造业,176,6,2,1.9459101490553132,34.090909090909086,13.112749887578351,-1.5887610128325294,-2.7031443300718307,-0.9072030726732815,-1.6485547440492898,1.0986122886681098,1,2,1,2,-1.4359305137127565,-0.3152511466793173,-0.5661770998907929,-0.9975791533770973
600131_2017,600131,2017,C,制造业,177,11,7,2.4849066497880004,62.14689265536723,16.04747759074734,-1.0484512310865448,-1.0332138703393619,-1.3009046230125367,-1.0801408405254103,2.0794415416798357,4,4,0,3,-0.11358362435721782,0.19035493989558291,-2.26825138537127,-1.0231805418458282
600131_2018,600131,2018,C,制造业,184,18,10,2.9444389791664403,97.82608695652175,24.8384331138064,-0.1371781027269906,-0.4282227004588593,-0.48479150098949264,0.33343123076754266,2.3978952727983707,2,3,2,11,-1.1632201503423543,-0.34026314796263546,-0.1268685301685661,0.5269748969046907
600131_2019,600131,2019,C,制造业,108,10,6,2.3978952727983707,92.59259259259258,8.38527928236231,-1.1622429658615219,-1.217035371474299,-1.9955023028105492,0.21269809959709865,1.9459101490553132,2,1,0,7,-0.9844714366341331,-1.7413367971832239,-2.0521762639594057,0.04403008540112724
600131_2020,600131,2020,C,制造业,171,7,5,2.0794415416798357,40.93567251461988,13.98286955953091,-2.0879016072751653,-1.860829603467328,-1.7728590725673778,-2.05877229593714,1.791759469228055,3,3,0,1,-0.8071023564928664,-0.40143393861100896,-2.3075170091441173,-2.0430402898881783
600131_2021,600131,2021,C,制造业,127,5,2,1.791759469228055,39.37007874015748,10.771214303104733,-2.2945782505471692,-3.1030416689530234,-1.5350405244600367,-1.7467400540614488,1.0986122886681098,2,1,2,0,-1.0543679301669495,-1.4367428141317715,0.03271875207486963,-2.7935859065798136
600131_2022,600131,2022,C,制造业,159,10,7,2.3978952727983707,62.893081761006286,13.685063081130025,-1.5939109069962445,-1.444647971840068,-2.0603760561358193,-1.3752069602873536,2.0794415416798357,3,2,2,3,-0.7548222260884853,-1.1304719679125745,-0.36527340700567185,-1.265772812606464
600131_2023,600131,2023,C,制造业,163,8,6,2.1972245773362196,49.079754601226995,15.521413769326129,-1.9769793423995083,-1.6158800147740007,-1.827544305320544,-1.8380355729837863,1.9459101490553132,4,2,0,2,-0.40664340188758047,-1.071336620650282,-2.4785730726431288,-1.5802421264071298
600132_2013,600132,2013,C,制造业,186,28,17,3.367295829986474,150.53763440860214,26.846193927496508,2.2279600195184197,2.1171138251166255,1.1279423919521014,3.6500071885454735,2.8903717578961645,6,3,2,17,1.6077104929868262,0.5403163249974917,0.47996849848453627,2.2232353997834173
600132_2014,600132,2014,C,制造业,250,17,11,2.8903717578961645,68.0,27.76607957268113,1.216052814685758,1.2505543351642157,1.2594950786801158,0.26722021260218615,2.4849066497880004,4,5,3,5,0.9106824587488211,1.4473806865592234,1.1180182917099681,0.5301450348270955
600132_2015,600132,2015,C,制造业,160,12,8,2.5649493574615367,75.0,17.619421835402385,-0.5455009778621229,-0.4375849964079353,-0.7524724170915276,-0.2642984017910181,2.1972245773362196,1,5,2,4,-1.7709095049370276,0.8972764962621126,0.017537332315326445,-0.4310987830556212
600132_2016,600132,2016,C,制造业,196,13,9,2.6390573296152584,66.32653061224491,19.642940109949453,-0.03658481871372232,0.12704487118707228,-0.19364938506221768,-0.3030393675254762,2.302585092994046,1,7,1,4,-1.4359305137127565,1.675758644803092,-0.5661770998907929,-0.22747876416927934
600132_2017,600132,2017,C,制造业,219,18,9,2.9444389791664403,82.1917808219178,24.097166203295984,-0.019412720805118324,-0.5086684096853592,-0.4213153923761164,-0.24346687626066355,2.302585092994046,4,4,0,10,-0.11358362435721782,0.19035493989558291,-2.26825138537127,0.5018687500500245
600132_2018,600132,2018,C,制造业,208,26,13,3.295836866004329,125.0,30.306572576641095,0.6497131231347515,0.13867901567971214,0.11271193232711554,1.4676708115406656,2.6390573296152584,6,3,4,13,0.5688730863930826,-0.34026314796263546,0.8718657337876591,0.7593663295357267
600132_2019,600132,2019,C,制造业,170,11,7,2.4849066497880004,64.70588235294119,15.950944369492431,-0.9673969190642212,-0.9031419811276868,-1.168802308121606,-0.9512936479570878,2.0794415416798357,3,3,0,5,-0.3963758030678559,-0.33430002784170243,-2.0521762639594057,-0.38966796273108145
600132_2020,600132,2020,C,制造业,217,18,13,2.9444389791664403,82.94930875576037,22.840885537601473,-0.15089822892215393,0.1309207467909602,-0.80494393520788,-0.3051224229630104,2.6390573296152584,8,2,2,6,0.8506461268218715,-0.9854069607518972,-0.15957907406737853,-0.15442467481602185
600132_2021,600132,2021,C,制造业,230,16,10,2.833213344056216,69.56521739130434,26.171319595525766,0.03756700967763053,-0.048806010263326725,0.14772851393034436,-0.4863944663551249,2.3978952727983707,9,1,3,3,1.4068599910665063,-1.4367428141317715,0.5951767211276344,-0.7036636760064844
600132_2022,600132,2022,C,制造业,194,23,14,3.1780538303479458,118.55670103092783,28.627437912015544,0.15311133391986373,0.03302779734899367,-0.42762321139959303,0.9481934305217711,2.70805020110221,4,6,3,10,-0.2986598136449534,0.5894791154722205,0.19718456204709292,0.25927647928938863
600132_2023,600132,2023,C,制造业,225,16,10,2.833213344056216,71.11111111111111,26.015786099815113,-0.5527989502462932,-0.5533947063425922,-0.6808245589446204,-0.9184463871476481,2.3978952727983707,5,3,1,7,-0.033931572673743644,-0.4873635985093938,-1.123375120578377,-0.10158296298825664
600133_2013,600133,2013,D,电力、热力、燃气及水生产和供应业,230,27,18,3.332204510175204,117.3913043478261,35.51302026297751,1.1842620395010353,1.4369475706381811,1.257930124452756,1.367137855313964,2.9444389791664403,4,6,3,14,0.09833237090532576,1.021889510796746,0.9204999657402726,1.1841329416241886
600133_2014,600133,2014,D,电力、热力、燃气及水生产和供应业,198,15,9,2.772588722239781,75.75757575757576,16.879525976110568,0.14010348099938108,-0.0582208433546824,-0.7735119937651896,0.03525409170908813,2.302585092994046,5,0,1,9,0.5198161917165948,-2.54846272869053,-1.0920351150131393,0.9456614747105331
600133_2015,600133,2015,D,电力、热力、燃气及水生产和供应业,176,14,11,2.70805020110221,79.54545454545455,20.547202279346322,-0.09906465548036786,0.21029649781322138,-0.28007646849635426,-0.015966766071680613,2.4849066497880004,3,3,2,6,-0.41517032295571943,0.3448559245480902,-0.2992951320011524,0.5433552174326506
600133_2016,600133,2016,D,电力、热力、燃气及水生产和供应业,177,10,8,2.3978952727983707,56.497175141242934,18.89341480230238,-0.7046392475896758,-0.2893535368904648,-0.3596883797777514,-0.8081223899983445,2.1972245773362196,3,1,0,6,-0.2303109274370719,-1.1539626007788684,-1.8137493707549353,0.15049439754653002
600133_2017,600133,2017,D,电力、热力、燃气及水生产和供应业,225,20,15,3.044522437723423,88.88888888888889,30.990273587067858,0.10088353497957,0.46546397287745067,0.21315120851340766,-0.048366547764200386,2.772588722239781,6,7,1,6,0.2997428671958141,1.0232459934841005,-0.6609039800236122,-0.267247547658936
600133_2018,600133,2018,D,电力、热力、燃气及水生产和供应业,187,24,13,3.2188758248682006,128.3422459893048,19.862917757328052,0.8240571890383597,0.3858166187842191,-0.45246577952619976,1.8537818358258848,2.6390573296152584,5,2,2,15,0.6252800084876184,-0.8519117101633887,0.2616339958467054,1.1049444663364973
600133_2019,600133,2019,D,电力、热力、燃气及水生产和供应业,246,21,15,3.091042453358316,85.3658536585366,34.869901975290155,0.47984495144688044,0.7263240102797194,0.9137619954989085,0.07893159151290713,2.772588722239781,6,5,3,7,0.7159887289473338,0.7455821700328141,0.35770255073741575,0.3074351773244084
600133_2020,600133,2020,D,电力、热力、燃气及水生产和供应业,231,13,10,2.6390573296152584,56.27705627705628,24.96443207335591,-0.7657161343821848,-0.28341753685710597,-0.26331350102158235,-1.3901873605385044,2.3978952727983707,7,2,3,1,0.6416705342390179,-0.9753822881915729,0.9204999657402726,-2.134935597123868
600133_2021,600133,2021,D,电力、热力、燃气及水生产和供应业,198,16,12,2.833213344056216,80.80808080808082,24.425599748596824,0.33654960355061236,0.5187286718635805,0.25361859023999184,0.35562588168559234,2.5649493574615367,4,3,4,5,0.31060890913814093,0.09354529337319556,1.2622365469579293,0.12491661177332049
600133_2022,600133,2022,D,电力、热力、燃气及水生产和供应业,192,14,8,2.70805020110221,72.91666666666667,22.837155282045284,-0.8346827507262036,-0.9208375881185537,-1.0433885730361343,-0.807334115507048,2.1972245773362196,3,4,2,5,-0.5770784049518172,-0.4391261092307423,-0.3090014146280223,-0.5219964296130062
600133_2023,600133,2023,D,电力、热力、燃气及水生产和供应业,283,42,23,3.7612001156935624,148.40989399293287,50.90561568306409,1.2335779849922603,0.9988499098360931,1.6791532552177733,1.8920802233514522,3.1780538303479458,8,6,7,21,0.8052984844656926,0.1464108591589052,1.249549478482263,1.3268759986940732
600134_2013,600134,2013,D,电力、热力、燃气及水生产和供应业,209,25,12,3.258096538021482,119.61722488038278,34.63461315013498,1.018310805192468,0.5448780608618737,1.1619466058646881,1.4600478152318388,2.5649493574615367,5,5,2,13,0.47104420011916265,0.7089751967534721,0.3580419966875078,1.0801220331796155
600134_2014,600134,2014,D,电力、热力、燃气及水生产和供应业,254,30,19,3.4339872044851463,118.11023622047244,42.16486796281603,1.6211842784978894,1.571166181215297,1.9894165585012957,1.8030548413177832,2.995732273553991,10,5,4,11,1.7589125886171615,1.0886745571931455,0.6994391319550729,1.2205222007893792
600134_2015,600134,2015,D,电力、热力、燃气及水生产和供应业,251,19,10,2.995732273553991,75.69721115537848,33.70288068526536,0.545146670566855,0.005758107362957657,1.157444112054248,-0.1765925089482803,2.3978952727983707,5,3,3,8,0.41370391870164924,0.3448559245480902,0.2631628370516124,0.9222268519560702
600134_2016,600134,2016,D,电力、热力、燃气及水生产和供应业,229,19,10,2.995732273553991,82.96943231441048,27.513998597118622,0.634107250357032,0.1823647886941918,0.5822825501162017,0.2968300631198523,2.3978952727983707,6,3,2,8,0.913686675732088,0.25307416856265297,0.33418856432180355,0.5293660320699496
600134_2017,600134,2017,D,电力、热力、燃气及水生产和供应业,251,36,20,3.6109179126442243,143.42629482071715,44.09327258120402,1.3692224928304602,1.1047008910658982,1.6449155113356704,2.2280256796487956,3.044522437723423,7,4,7,18,0.5727151392503003,0.06917389073316431,2.049491924105891,1.2380947940871594
600134_2018,600134,2018,D,电力、热力、燃气及水生产和供应业,208,19,13,2.995732273553991,91.34615384615384,19.388136195082975,0.32436806393617545,0.3858166187842191,-0.5043451464379197,0.3095643366548413,2.6390573296152584,3,4,1,11,-0.2035942331697503,0.1850259785680844,-0.5311059871652816,0.6712464182042888
600134_2019,600134,2019,D,电力、热力、燃气及水生产和供应业,266,31,20,3.4657359027997265,116.54135338345864,36.1320755021096,1.318902324291404,1.365560928468167,1.0516796585069028,1.3801974666855932,3.044522437723423,4,8,4,15,0.02815353822170582,1.5686459172334475,0.7939788456408762,1.352396292611073
600134_2020,600134,2020,D,电力、热力、燃气及水生产和供应业,207,22,14,3.1354942159291497,106.28019323671498,31.92093791085714,0.34596337385213727,0.4456663142471593,0.49682368092937984,0.6969444048321837,2.70805020110221,7,6,3,6,0.6416705342390179,0.7445687951932222,0.9204999657402726,-0.2463199820517117
600134_2021,600134,2021,D,电力、热力、燃气及水生产和供应业,265,26,14,3.295836866004329,98.11320754716982,35.93564279800327,1.3725102735877885,0.8551170528200919,1.511320645278126,1.0779421585635314,2.70805020110221,6,3,3,14,0.9984440998637689,0.09354529337319556,0.8259602520544689,1.5062800681355946
600134_2022,600134,2022,D,电力、热力、燃气及水生产和供应业,229,23,13,3.1780538303479458,100.43668122270742,29.399752697308887,0.21780431829041969,0.11778245360467442,-0.32629375244025355,0.34135174813618396,2.6390573296152584,3,9,2,9,-0.5770784049518172,0.9679106601107798,-0.3090014146280223,0.24810395959481243
600134_2023,600134,2023,D,电力、热力、燃气及水生产和供应业,297,28,21,3.367295829986474,94.27609427609428,41.74958608422134,0.35150146187634596,0.7943115193858293,0.6786741785519091,-0.3674654739591301,3.091042453358316,3,10,6,9,-0.8524499988490452,1.0639067476772885,0.9884772633793738,0.13822904787383025
600135_2013,600135,2013,F,批发和零售业,153,5,5,1.791759469228055,32.67973856209151,8.671696087822658,-1.4603417318588505,-0.6789968431699207,-0.9989284618809114,-1.4327976179527002,1.791759469228055,2,1,1,1,-0.4012855832084999,-1.1362124541121421,-0.020898897110571274,-1.2366455760485033
600135_2014,600135,2014,F,批发和零售业,215,19,13,2.995732273553991,88.37209302325581,25.51874250246558,0.6969799388597908,0.8200733855919136,0.3179502825251835,0.6712502160850924,2.6390573296152584,4,3,2,10,0.29737154209280353,-0.1858158444459469,0.3210744574497145,1.0685700310581732
600135_2015,600135,2015,F,批发和零售业,151,4,3,1.6094379124341003,26.490066225165563,7.655782578301233,-1.644114724949125,-1.4357680801603607,-1.1387955748451264,-1.5517048882973712,1.3862943611198906,3,0,1,0,0.1904093295891553,-1.9960532903228883,-0.4300056312583549,-2.1663071076157494
600135_2016,600135,2016,F,批发和零售业,211,18,11,2.9444389791664403,85.30805687203792,24.558928864178217,-0.021642644209610616,-0.06672561389603543,-0.4643759431799087,0.003840809865116816,2.4849066497880004,4,6,1,7,0.09392565349566712,0.5005269781004776,-0.4315236145717913,0.034448913641796836
600135_2017,600135,2017,F,批发和零售业,249,23,16,3.1780538303479458,92.36947791164658,39.05853509018402,0.1429505141066953,0.48977011211152405,0.742592251667504,-0.06777884278072213,2.833213344056216,7,5,5,6,0.5216785534539132,0.3810514059127319,0.8390844316798068,-0.43774415190997895
600135_2018,600135,2018,F,批发和零售业,187,18,12,2.9444389791664403,96.2566844919786,23.6101029614499,0.4295010374252515,0.615765299225488,0.20969394281173667,0.4278007909199245,2.5649493574615367,7,2,2,7,1.4519652845020443,-0.5294626346213674,0.7495621053946327,0.011541756494144042
600135_2019,600135,2019,F,批发和零售业,181,13,8,2.6390573296152584,71.8232044198895,20.384339915678908,-0.31137881410923934,-0.36662050683407227,-0.26385504956277994,-0.3101084527139676,2.1972245773362196,4,2,1,6,0.07781668595449387,-0.5271026659335611,-0.30226578155417844,0.0542358341945206
600135_2020,600135,2020,F,批发和零售业,242,22,14,3.1354942159291497,90.9090909090909,32.00084208919287,0.8250334727330191,0.789268359134881,0.9369621247747166,0.4968965937084456,2.70805020110221,7,3,2,10,0.9698009852924934,0.29657148313911086,-0.03211765643892485,0.7083956450604508
600135_2021,600135,2021,F,批发和零售业,277,26,16,3.295836866004329,93.86281588447653,40.79377942071643,1.1477613898713064,0.9801556443690295,1.6927477285908512,0.673806656871925,2.833213344056216,7,7,3,9,1.2007389637967467,1.1548362703793007,0.6423074530493533,0.7567549169285219
600135_2022,600135,2022,F,批发和零售业,203,20,13,3.044522437723423,98.52216748768474,26.181286602097302,0.31226360907685413,0.3366035366868308,-0.08448997495965672,0.6161269172255153,2.6390573296152584,1,4,7,8,-1.8416014959721032,0.4512164405342222,1.6859731855293831,0.30265845249013934
600135_2023,600135,2023,F,批发和零售业,224,17,11,2.8903717578961645,75.89285714285714,27.882830753973007,0.1388107957181554,0.08158973549906606,0.09521136372759474,-0.11585384760986094,2.4849066497880004,4,6,3,4,0.019844584936820443,0.5880209768383923,0.47442569235469595,-0.08154745341197955
600136_2013,600136,2013,C,制造业,119,11,7,2.4849066497880004,92.43697478991596,10.194185936960249,0.2520110178278145,0.2108532080465065,-0.691622016305163,1.224884693191181,2.0794415416798357,2,0,1,8,-0.12438274374861069,-2.273757213685551,-0.31277148452745074,1.1782742844967535
600136_2014,600136,2014,C,制造业,229,22,13,3.1354942159291497,96.06986899563319,25.34008400847555,1.7649596769993696,1.6129176608525233,0.9944066169326076,1.4388570096664421,2.6390573296152584,5,2,3,12,1.2833942879626579,0.04034391721770217,1.1180182917099681,1.695775352019097
600136_2015,600136,2015,C,制造业,240,18,10,2.9444389791664403,75.0,31.078197883839575,0.3042965445769974,0.03413332917672125,0.7181676336674809,-0.2642984017910181,2.3978952727983707,6,3,2,7,0.7900579734557783,0.0742127490614796,0.017537332315326445,0.2774599911554339
600136_2016,600136,2016,C,制造业,224,15,11,2.772588722239781,66.96428571428571,21.2898611442288,0.26243428518262696,0.5556297190681299,-0.013690373579156338,-0.27641945899712816,2.4849066497880004,4,3,3,5,0.4372017739544214,0.26872187546157084,0.7890208521739589,0.04738196190956711
600136_2017,600136,2017,C,制造业,212,15,9,2.772588722239781,70.75471698113208,24.402484091172873,-0.40423990503932206,-0.5086684096853592,-0.38795331602467586,-0.7208501105152392,2.302585092994046,5,2,2,6,0.259128204856619,-0.8465827488358902,-0.12031345029453121,-0.17952604206033596
600136_2018,600136,2018,C,制造业,223,25,17,3.258096538021482,112.10762331838565,29.91422248392989,0.5652005689526967,0.7294459985264635,0.06983984959213992,0.9295427951918025,2.8903717578961645,4,4,3,14,-0.11896210433254525,0.11270151862794953,0.43558943888419865,0.8633772379803
600136_2019,600136,2019,C,制造业,199,18,12,2.9444389791664403,90.45226130653266,22.424338754179967,0.06164159121720535,0.23814540710486337,-0.4614546999722446,0.1233606362464224,2.5649493574615367,7,1,2,8,1.02059407215579,-1.7413367971832239,0.09576167111733325,0.22159510442337457
600136_2020,600136,2020,C,制造业,255,25,19,3.258096538021482,98.0392156862745,35.76630024746668,0.5514804427575334,0.9693595977915743,0.6074157382562353,0.3247305423933918,2.995732273553991,8,5,4,8,0.8506461268218715,0.421629808589624,0.8391551898888467,0.22444695970739778
600136_2021,600136,2021,C,制造业,208,24,13,3.2188758248682006,115.38461538461539,31.686178238991285,0.9011875198232294,0.5180957058752447,0.750336950698014,1.4261079652254034,2.6390573296152584,4,3,4,13,-0.010109884157140599,-0.029706044790250193,1.0314530160310948,1.1849519390656722
600136_2022,600136,2022,C,制造业,212,25,17,3.258096538021482,117.9245283018868,31.5940854492263,0.33235232176216994,0.4616126452300513,-0.10345772495371965,0.921806530334947,2.8903717578961645,9,3,1,12,1.1183100615786934,-0.5464989457716865,-1.1580133900176588,0.5111205717399934
600136_2023,600136,2023,C,制造业,273,28,17,3.367295829986474,102.56410256410255,44.271706003696806,0.6431809853383195,0.6042739926427305,1.3139992554552409,0.3944019973533724,2.8903717578961645,4,11,1,12,-0.40664340188758047,1.7427369180327608,-1.123375120578377,0.6303493060715363
600137_2013,600137,2013,C,制造业,150,10,6,2.3978952727983707,66.66666666666667,14.256512307592399,0.057164971030513774,-0.1030401823001056,-0.24773173695098355,0.14923160504958838,1.9459101490553132,1,2,3,4,-0.9532569854059796,-0.04365669714339641,1.042426467537301,0.292150491263451
600137_2014,600137,2014,C,制造业,162,5,2,1.791759469228055,30.864197530864196,10.717447335971586,-1.2440882475046333,-2.0082197139757447,-0.6034084489313384,-1.2828287978908068,1.0986122886681098,1,3,0,1,-0.9624498289183568,0.6243169393585903,-1.5923776124195355,-1.1260791476140248
600137_2015,600137,2015,C,制造业,198,18,13,2.9444389791664403,90.9090909090909,29.132840442153196,0.3042965445769974,0.6010350453152926,0.5055984849952823,0.3997473164070649,2.6390573296152584,2,4,3,9,-0.9420352632796586,0.5271774156520646,0.5799953013680912,0.6138623322310439
600137_2016,600137,2016,C,制造业,137,14,10,2.70805020110221,102.18978102189782,15.562839662355431,0.1179120842375885,0.3510913286178661,-0.6394818372671325,1.193893298915394,2.3978952727983707,3,2,1,8,-0.018960638489110466,-0.3152511466793173,-0.5661770998907929,0.6586450290640231
600137_2017,600137,2017,C,制造业,216,21,11,3.091042453358316,97.22222222222223,25.7881741469852,0.308878916234962,-0.08008356180430164,-0.23653900563850044,0.3839039968792959,2.4849066497880004,0,5,3,13,-3.4036857872480417,0.5604540205056309,0.4421445187582336,0.8654350732263284
600137_2018,600137,2018,C,制造业,280,35,19,3.58351893845611,125.0,40.808983714437474,1.2939244491819741,0.9771178666803262,1.2603100789337918,1.4676708115406656,2.995732273553991,5,7,3,20,0.2537497248812916,1.0667736213788857,0.43558943888419865,1.3706293966901828
600137_2019,600137,2019,C,制造业,291,24,16,3.2188758248682006,82.47422680412372,41.45357780712113,0.6761926571873701,0.868755862107621,1.6178696743992484,-0.2096426560997124,2.833213344056216,9,5,2,8,1.4767564845993226,0.48876371935893054,0.09576167111733325,0.22159510442337457
600137_2020,600137,2020,C,制造业,314,23,15,3.1780538303479458,73.2484076433121,44.071368188177004,0.37223945491522714,0.44481413713757284,1.5149102603380917,-0.7100381961643087,2.772588722239781,6,8,3,6,0.3368952466762934,1.2446935557902574,0.40287889498538626,-0.15442467481602185
600137_2021,600137,2021,C,制造业,233,22,15,3.1354942159291497,94.4206008583691,26.587981161083114,0.7144696739568335,0.8319890962218572,0.1932571105661238,0.551069651474781,2.772588722239781,3,1,6,12,-0.46627229660067243,-1.4367428141317715,1.6893024580894969,1.0732297083399729
600137_2022,600137,2022,C,制造业,258,27,18,3.332204510175204,104.65116279069768,34.07416456487263,0.4983035560707372,0.5887089261687898,0.1675404448199723,0.3677760339257147,2.9444389791664403,5,6,3,13,0.07405201556888343,0.5894791154722205,0.19718456204709292,0.6228428024656926
600137_2023,600137,2023,C,制造业,268,32,19,3.4965075614664802,119.40298507462687,41.09736601871556,0.9325269990408049,0.8519458607965933,0.9671392215384685,1.0972572324042116,2.995732273553991,9,3,3,17,1.0103264733360664,-0.4873635985093938,0.2318228314863748,1.1209431713206548
600138_2013,600138,2013,G,交通运输、仓储和邮政业,160,10,4,2.3978952727983707,62.5,15.514041159746355,-0.12824779632998784,-0.9828256661903533,-0.1886426695044908,-0.21628000201190978,1.6094379124341003,2,0,1,7,-0.3771575257770355,-2.0974886845074328,-0.3216651500071934,0.6357024479206791
600138_2014,600138,2014,G,交通运输、仓储和邮政业,241,29,19,3.4011973816621555,120.33195020746888,33.61083245972837,2.0187827803325726,2.1996891070376074,1.6750747876676342,2.1437177245343695,2.995732273553991,6,6,2,15,1.5708420330020616,1.4241842877924829,0.45475406349141706,1.5946447477055883
600138_2015,600138,2015,G,交通运输、仓储和邮政业,231,20,15,3.044522437723423,86.58008658008657,32.15039633931393,1.4155771342072463,1.631414442612108,1.6609366289571545,0.984325836456302,2.772588722239781,5,5,2,8,1.161902957789385,1.4786536515191495,0.41592974513071523,1.1281565969460967
600138_2016,600138,2016,G,交通运输、仓储和邮政业,206,27,15,3.332204510175204,131.06796116504853,25.711534674227185,1.9077189040225249,1.6375512373419303,0.925536172686247,2.5446085154360736,2.772588722239781,3,4,2,18,0.2479524535245244,0.9430244737132945,0.5786452327556789,2.164390955363214
600138_2017,600138,2017,G,交通运输、仓储和邮政业,215,17,12,2.8903717578961645,79.06976744186046,21.228590673973493,1.3702071122559276,1.3612706066620028,0.6766450608760594,0.781668787465457,2.5649493574615367,3,2,3,9,0.5666018179111224,0.10187640981678,0.9471641262784044,1.5456173997212785
600138_2018,600138,2018,G,交通运输、仓储和邮政业,331,44,28,3.8066624897703196,132.93051359516616,52.4001719967235,1.2954946784887653,1.4271239521379004,1.6784367090399663,1.285324019281506,3.367295829986474,7,7,5,25,0.5042440310577477,0.6930999348555239,0.884331848414163,1.2870553172535983
600138_2019,600138,2019,G,交通运输、仓储和邮政业,228,24,17,3.2188758248682006,105.26315789473684,28.917011198919926,1.9381647286135815,2.1155185771745417,1.350645614107192,1.7292106387171464,2.8903717578961645,5,3,3,13,1.3272650613598287,0.5602289218783933,1.1048590100609665,1.705133569206631
600138_2020,600138,2020,G,交通运输、仓储和邮政业,299,25,21,3.258096538021482,83.61204013377926,37.679247463199246,0.6314338923204447,1.1696734649215481,0.9772864565818995,-0.19077925138965265,3.091042453358316,8,5,5,7,0.9279148103777466,0.37205150480782395,1.2272222455310509,0.10111500396648412
600138_2021,600138,2021,G,交通运输、仓储和邮政业,176,10,5,2.3978952727983707,56.81818181818181,21.040136800524415,-1.0634509943996966,-1.5704156583458546,-0.47642515335435315,-1.2262281014330363,1.791759469228055,2,3,4,1,-0.8478177513318075,0.15508177379101085,1.1639828319184875,-2.0925292943674525
600138_2022,600138,2022,G,交通运输、仓储和邮政业,276,28,18,3.367295829986474,101.44927536231884,37.909629810903866,1.2578128803202473,1.182745008218236,1.4243969942316332,0.7661872641426506,2.9444389791664403,7,1,7,13,1.0765390354527655,-1.537990498894505,1.8490024428354541,1.2438619199147278
600138_2023,600138,2023,G,交通运输、仓储和邮政业,342,46,27,3.8501476017100584,134.50292397660817,50.18790392720612,1.553602165852553,1.4183443274138812,1.9113285756787983,1.4939888783286723,3.332204510175204,10,7,5,24,1.2682494055053535,0.869108375047956,0.9439963118304688,1.3360077526627965
600139_2013,600139,2013,C,制造业,153,8,6,2.1972245773362196,52.287581699346404,14.104329709951115,-0.3922003082194082,-0.1030401823001056,-0.26436072478125533,-0.4509516397830398,1.9459101490553132,5,0,2,1,1.2925871314750352,-2.273757213685551,0.47996849848453627,-1.089212965098823
600139_2014,600139,2014,C,制造业,170,13,11,2.6390573296152584,76.47058823529413,16.622219297301818,0.6532801687650476,1.2505543351642157,0.04180580425771057,0.6207827059217711,2.4849066497880004,3,1,5,4,0.45452004630528925,-0.782719829982931,1.910758274721955,0.25528430874824903
600139_2015,600139,2015,C,制造业,254,22,13,3.1354942159291497,86.61417322834646,32.731464814813044,0.7321297646807663,0.6010350453152926,0.8988200610899091,0.22047738123547914,2.6390573296152584,5,3,2,12,0.4749346119439873,0.0742127490614796,0.017537332315326445,1.0093922602152268
600139_2016,600139,2016,C,制造业,174,12,8,2.5649493574615367,68.9655172413793,17.87812141418536,-0.20253605302228958,-0.12062699696679047,-0.38649107044120323,-0.1928880218909302,2.1972245773362196,2,3,3,4,-0.6070562720553876,0.26872187546157084,0.7890208521739589,-0.22747876416927934
600139_2017,600139,2017,C,制造业,343,31,20,3.4657359027997265,90.37900874635568,55.623513525465555,1.1479362890794855,1.2354100724190662,3.0235676236768394,0.09826815298780657,3.044522437723423,7,10,4,10,0.8472238384228962,1.7908642230672882,0.878420813661694,0.5018687500500245
600139_2018,600139,2018,C,制造业,311,38,22,3.6635616461296463,122.18649517684888,47.358780912396696,1.4731654370242804,1.3056574637840999,1.9760062201729096,1.3502350735956672,3.1354942159291497,6,6,6,20,0.5688730863930826,0.7957149132812715,1.529715175846061,1.3706293966901828
600139_2019,600139,2019,C,制造业,203,14,8,2.70805020110221,68.9655172413793,28.703739399967652,-0.4677077939620368,-0.6262683886275471,0.22469521820918426,-0.7734964171210907,2.1972245773362196,8,3,1,2,1.2613726802468819,-0.33430002784170243,-0.6969783118946538,-1.4346290780177458
600139_2020,600139,2020,C,制造业,216,19,14,2.995732273553991,87.96296296296296,24.72854407761638,-0.03603628805417339,0.293102881756654,-0.5986795437719625,-0.09585241326583584,2.70805020110221,6,1,3,9,0.3368952466762934,-1.8084707079525304,0.40287889498538626,0.38328428176076035
600139_2021,600139,2021,C,制造业,288,25,17,3.258096538021482,86.80555555555556,37.462980589692165,0.9890151255327518,1.1088626887219961,1.3815679684134767,0.2332175343353792,2.8903717578961645,5,6,4,10,0.3626019450566963,1.1062720164536568,1.0314530160310948,0.8213856158893682
600139_2022,600139,2022,C,制造业,286,31,18,3.4657359027997265,108.39160839160839,43.58701082447086,0.7973226599670864,0.5887089261687898,1.20700886718834,0.5239022952960787,2.9444389791664403,7,6,6,12,0.6621476491351606,0.5894791154722205,1.2913102990089553,0.5111205717399934
600139_2023,600139,2023,C,制造业,224,20,11,3.044522437723423,89.28571428571429,35.02108397618612,-0.07961092612982741,-0.34885631589232846,0.30318406697675876,-0.15983814944199198,2.4849066497880004,3,6,3,8,-0.8628058143311124,0.6486144627345133,0.2318228314863748,0.07598205603399072
600140_2013,600140,2013,B,采矿业,202,12,9,2.5649493574615367,59.4059405940594,17.020973456052037,0.5142819385711389,0.5861527994797667,-0.05572445151041387,-0.033753228386637246,2.302585092994046,0,3,3,6,-2.3797573565341343,0.35366969117211866,1.448940946906879,1.0739430927842357
600140_2014,600140,2014,B,采矿业,224,12,11,2.5649493574615367,53.57142857142857,19.961073992790187,0.7143811129686257,1.003700726995366,0.5186202208083096,0.23315059740394078,2.4849066497880004,3,2,4,3,0.19603187785542583,-0.13297449394528824,1.739791810175853,0.34832037176222147
600140_2015,600140,2015,B,采矿业,160,12,8,2.5649493574615367,75.0,16.33156564130149,0.7013605082021183,0.9180216301504954,0.18100603068912643,0.5974853776833283,2.1972245773362196,4,2,1,5,1.294250237120533,-0.2468100597208419,0.3196093201862528,0.6152199999009433
600140_2016,600140,2016,B,采矿业,179,13,6,2.6390573296152584,72.62569832402235,15.534459128628773,0.6201262116150181,-0.1598096307268308,-0.0402033654943601,0.5065523164613844,1.9459101490553132,2,2,3,6,-0.23192917858083256,0.8805441300474904,0.41335231502838055,0.6347193412123627
600140_2017,600140,2017,B,采矿业,193,13,10,2.6390573296152584,67.35751295336787,18.75268175859874,0.5238993647457661,0.7871064695367898,0.1797221595249684,0.43802379417767934,2.3978952727983707,7,2,0,4,1.4389587454107704,-0.44297473326730574,-1.3551979520647517,0.7802998876106004
600140_2018,600140,2018,B,采矿业,188,14,6,2.70805020110221,74.46808510638297,24.027412153497327,0.06231768117494737,-0.5791922658788804,0.4081291571705271,-0.16324148499452534,1.9459101490553132,4,4,1,5,1.3826680980979047,0.4349509383390116,-0.7159793116922462,-0.12095258617986973
600140_2019,600140,2019,B,采矿业,214,20,12,3.044522437723423,93.45794392523364,28.911056464801806,0.9808879445149047,0.9221341114503051,0.9214363958331285,1.0595430488649862,2.5649493574615367,4,4,3,9,0.26397850694717256,0.7093055207392225,0.8650849657166308,0.8229887257955946
600140_2020,600140,2020,B,采矿业,157,6,6,1.9459101490553132,38.216560509554135,10.551650405580805,-0.3879076136392253,0.3130063584390483,-0.2056956041096888,-0.6219498411487748,1.9459101490553132,0,2,1,3,-2.0274388739077565,0.5705438907254727,1.1050523368334354e-17,0.22392723964073924
600140_2021,600140,2021,B,采矿业,205,20,15,3.044522437723423,97.5609756097561,26.576320245470118,0.008363307781055557,0.41925163569209595,-0.42227528569872397,0.29740012448795305,2.772588722239781,3,2,4,11,-0.4449688108935253,-0.8008472216942425,0.25247052760910327,0.4254756107190592
600140_2022,600140,2022,B,采矿业,259,25,18,3.258096538021482,96.52509652509653,34.94931501551423,1.0420444050567548,1.1244003799114228,1.0110030966954473,0.8832366276590534,2.9444389791664403,9,2,5,9,0.9323336765438142,-0.27015178514539323,1.5257016182266196,0.7764043051358116
600140_2023,600140,2023,B,采矿业,244,27,18,3.332204510175204,110.65573770491802,35.7470783913957,0.7180456667503026,0.9967436466396056,0.9297421318044411,0.6669086366146151,2.9444389791664403,6,6,3,12,0.7321333787145987,0.8408366135226635,0.434382594053264,0.5475764976175856
600141_2013,600141,2013,C,制造业,150,6,4,1.9459101490553132,40.0,11.894873498815553,-0.9549729541401192,-0.8939883558694719,-0.5057879379840127,-0.9638355035491036,1.6094379124341003,2,3,0,1,-0.12438274374861069,0.5403163249974917,-1.6679694365922024,-1.089212965098823
600141_2014,600141,2014,C,制造业,148,7,7,2.0794415416798357,47.2972972972973,12.027710692049537,-0.5998769214574106,0.2974240266291557,-0.4602360117382924,-0.5969109413031496,2.0794415416798357,1,0,5,1,-0.9624498289183568,-2.1897565993244523,1.910758274721955,-1.1260791476140248
600141_2015,600141,2015,C,制造业,142,7,6,2.0794415416798357,49.29577464788732,13.142742141820259,-1.632706833776014,-1.0283519792546874,-1.241639071481762,-1.337193193970215,1.9459101490553132,2,2,2,1,-0.9420352632796586,-0.5097602730794085,0.017537332315326445,-1.8124622394178949
600141_2016,600141,2016,C,制造业,171,8,6,2.1972245773362196,46.783625730994146,13.743631950293041,-1.0259883669118186,-0.7113939798135425,-0.8382666088080243,-1.1187605411427155,1.9459101490553132,4,2,1,1,0.4372017739544214,-0.3152511466793173,-0.5661770998907929,-1.6088422205315533
600141_2017,600141,2017,C,制造业,176,9,7,2.302585092994046,51.13636363636364,17.256386048655024,-1.4567269740559443,-1.0332138703393619,-1.1688072324695986,-1.5397205042500721,2.0794415416798357,2,2,2,3,-1.157841670367027,-0.8465827488358902,-0.12031345029453121,-1.0231805418458282
600141_2018,600141,2018,C,制造业,187,10,8,2.3978952727983707,53.475935828877006,18.831134373043362,-1.3610626598057178,-0.8999410260435159,-1.141208852258677,-1.5177448122910528,2.1972245773362196,4,1,2,3,-0.11896210433254525,-1.7472999173041568,-0.1268685301685661,-1.1292492855364298
600141_2019,600141,2019,C,制造业,187,14,9,2.70805020110221,74.8663101604278,22.093247858463293,-0.4677077939620368,-0.37859652047368425,-0.4976329921089322,-0.5271972228894053,2.302585092994046,6,0,4,4,0.7476218001013039,-3.148373566524745,1.0944959350735586,-0.6645286888099279
600141_2020,600141,2020,C,制造业,215,16,11,2.833213344056216,74.4186046511628,25.385807567147335,-0.39996767309758796,-0.23144257889734748,-0.5268603821983449,-0.6611941536635885,2.4849066497880004,3,4,3,6,-0.8071023564928664,0.05153072797957602,0.40287889498538626,-0.15442467481602185
600141_2021,600141,2021,C,制造业,199,18,6,2.9444389791664403,90.45226130653266,28.00610457517786,0.28663645385306463,-1.1112913186947353,0.3482154130284794,0.3854310928160157,1.9459101490553132,7,1,2,8,0.9506975786229734,-1.4367428141317715,0.03271875207486963,0.5188624583024274
600141_2022,600141,2022,C,制造业,237,24,15,3.2188758248682006,101.26582278481013,36.56671944011145,0.24452471605264745,0.1847390527299125,0.4399018404660851,0.2264718859765869,2.772588722239781,7,4,3,10,0.6621476491351606,-0.09353427918110145,0.19718456204709292,0.25927647928938863
600141_2023,600141,2023,C,制造业,257,27,16,3.332204510175204,105.05836575875486,42.732858397143474,0.5646003999173953,0.4699112188079193,1.1458494241431463,0.49851258443421403,2.833213344056216,4,9,3,11,-0.40664340188758047,1.3726378374227133,0.2318228314863748,0.5096801041661994
600142_2013,600142,2013,F,批发和零售业,196,17,13,2.8903717578961645,86.73469387755102,26.268826129063104,0.9997993303315409,1.3127535070883674,0.9239094042018482,0.823457112737675,2.6390573296152584,3,6,4,4,0.18681005035777726,1.4068023764732862,1.7705753498576409,0.1447178803137705
600142_2014,600142,2014,F,批发和零售业,182,12,10,2.5649493574615367,65.93406593406594,19.414381676142444,-0.26767952444731,0.25317166945334213,-0.3490730398903487,-0.265313406470796,2.3978952727983707,5,3,1,3,0.6700833713066404,-0.1858158444459469,-0.4716655255622725,-0.45647926083767937
600142_2015,600142,2015,F,批发和零售业,197,10,7,2.3978952727983707,50.76142131979695,19.982207522265984,0.1214911653417819,0.1936189444096192,0.20811250505968718,-0.5386181244116155,2.0794415416798357,4,2,3,1,0.6465717420326872,0.2340472262192662,0.9251923208063969,-1.121345992329085
600142_2016,600142,2016,F,批发和零售业,207,20,12,3.044522437723423,96.61835748792271,32.65795779694767,0.20247593573142111,0.12143146580145464,0.420604702751101,0.47593294501154976,2.5649493574615367,4,5,3,8,0.09392565349566712,0.18761266405720364,0.9236743374929605,0.21201393266404417
600142_2017,600142,2017,F,批发和零售业,233,23,13,3.1780538303479458,98.71244635193133,33.636243121733145,0.1429505141066953,0.033365903099583885,0.15009857267217516,0.19697676503529662,2.6390573296152584,5,3,5,10,-0.06641708011236394,-0.44201234128790107,0.8390844316798068,0.2436506402003815
600142_2018,600142,2018,F,批发和零售业,138,7,3,2.0794415416798357,50.72463768115942,9.152066104345113,-1.50750234092776,-2.154909113577042,-1.3701353062140076,-1.4727075975412802,1.3862943611198906,1,1,0,5,-1.3819744659452475,-1.3525263818220006,-1.398375829682106,-0.4221562916380647
600142_2019,600142,2019,F,批发和零售业,229,25,14,3.258096538021482,109.1703056768559,33.638633664607596,1.0748461457010008,0.8341816698548495,1.1844412265285893,1.2487601726848132,2.70805020110221,10,2,1,12,1.6896249120688973,-0.5271026659335611,-0.30226578155417844,0.9874747187554858
600142_2020,600142,2020,F,批发和零售业,272,31,20,3.4657359027997265,113.97058823529412,43.521215982529995,1.564549262513854,1.5802165327042472,2.195793030815937,1.4594838742897005,3.044522437723423,7,9,3,12,0.9698009852924934,2.156572919071218,0.53034031261384,0.9602397375110556
600142_2021,600142,2021,F,批发和零售业,221,22,12,3.1354942159291497,99.54751131221718,33.95237537393175,0.7887033841133332,0.34954518936627177,0.9451877158217402,0.9110859382351558,2.5649493574615367,8,5,2,7,1.4415175718878388,0.5708632482384125,0.07984948399658855,0.42035257585291197
600142_2022,600142,2022,F,批发和零售业,255,29,19,3.4011973816621555,113.72549019607843,33.71674020271786,1.1109718380753877,1.175042387687445,0.7389088115143618,1.2507138590301874,2.995732273553991,7,4,1,17,0.9923382544751888,0.4512164405342222,-1.0244227186001202,1.3476195677768035
600142_2023,600142,2023,F,批发和零售业,281,25,13,3.258096538021482,88.96797153024912,46.06893292873927,0.9622631096076852,0.44395306118737377,2.082406196983802,0.4299016436065719,2.6390573296152584,6,7,3,9,0.7076797756624484,0.8590796849360064,0.47442569235469595,0.9634136618746855
600143_2013,600143,2013,I,信息传输、软件和信息技术服务业,171,9,7,2.302585092994046,52.63157894736842,17.167625663548094,-1.1202487828255672,-0.7685342868284711,-0.7021154855355752,-1.3206470794298482,2.0794415416798357,3,4,2,0,-0.5126449647429145,0.3506947493402006,0.332448127468743,-2.5895448140724557
600143_2014,600143,2014,I,信息传输、软件和信息技术服务业,109,7,2,2.0794415416798357,64.22018348623854,9.586510456180402,-1.3873660087781083,-2.817847481390427,-1.2772194656631528,-0.49880291798838666,1.0986122886681098,1,1,2,3,-1.470266865828128,-1.2838231289707083,0.13802211513049356,-0.7264768897489939
600143_2015,600143,2015,I,信息传输、软件和信息技术服务业,160,16,11,2.833213344056216,100.0,19.772161660609065,-0.8123037834358068,-0.6681644045885868,-1.551844607323738,-0.05953519537991298,2.4849066497880004,7,2,0,7,0.2804301044419588,-1.0735798084485424,-2.555263161148897,-0.448806151331857
600143_2016,600143,2016,I,信息传输、软件和信息技术服务业,207,14,10,2.70805020110221,67.6328502415459,21.54207824825338,-0.359151661656641,-0.11851259624780641,-0.39440496098346645,-0.5150264279260685,2.3978952727983707,2,4,2,6,-1.0119948984325082,0.25797061715289266,-0.1858668074832562,-0.08211056341385194
600143_2017,600143,2017,I,信息传输、软件和信息技术服务业,218,15,9,2.772588722239781,68.80733944954129,24.820237575150056,-0.38009793893901167,-0.6094553119390377,-0.42955226442426414,-0.6338886058091666,2.302585092994046,5,2,2,6,-0.10329136054235981,-0.7380726417893438,0.10893702880359603,0.012400696891452113
600143_2018,600143,2018,I,信息传输、软件和信息技术服务业,262,23,17,3.1780538303479458,87.78625954198472,32.754651205449484,0.10602673935513608,0.4493408274406157,-0.09742576315658719,-0.07827309093206437,2.8903717578961645,6,4,2,11,0.12916880146373327,-0.2363740861954704,-0.3106192644007993,0.5460847467202572
600143_2019,600143,2019,I,信息传输、软件和信息技术服务业,271,23,19,3.1780538303479458,84.87084870848709,43.06281159116388,0.08646054736567352,0.7491127130587153,1.1169098286436627,-0.47229680816376457,2.995732273553991,4,10,3,6,-0.25343086970393824,1.3540274031172665,0.12090370542050662,-0.497298077773309
600143_2020,600143,2020,I,信息传输、软件和信息技术服务业,207,19,12,2.995732273553991,91.78743961352657,26.569621475537456,0.04519970605333659,-0.1660079630585786,-0.36783690513790107,0.2678601665338493,2.5649493574615367,9,2,1,7,1.142530781418923,-1.1643410456560068,-1.1445826056868162,0.4552780878878461
600143_2021,600143,2021,I,信息传输、软件和信息技术服务业,272,29,19,3.4011973816621555,106.61764705882352,45.87551719901617,0.3158508089677106,0.2980790720404347,0.8963376405164185,0.30490742352815947,2.995732273553991,10,3,4,12,1.047635237682856,-0.6950314290741048,0.05036844813888002,0.340862325337988
600143_2022,600143,2022,I,信息传输、软件和信息技术服务业,247,18,14,2.9444389791664403,72.8744939271255,34.41000790310451,-0.6061786252173592,-0.16402003944649687,-0.3188966798449844,-1.105657665687551,2.70805020110221,8,6,1,3,0.6233379274516314,0.3916000880884625,-1.2750596049578473,-1.4097209829880581
600143_2023,600143,2023,I,信息传输、软件和信息技术服务业,225,20,14,3.044522437723423,88.88888888888889,32.8136818056631,-0.32293015560909677,0.051848689058708826,-0.37230458120375853,-0.3506911133519408,2.70805020110221,6,6,3,5,-0.14216629552734356,0.22349604459910102,0.36285820950655945,-0.6502605298815981
600144_2013,600144,2013,C,制造业,139,2,2,1.0986122886681098,14.388489208633095,3.44227767400123,-2.8523413704098,-2.094790532558394,-1.429402827489047,-2.0328603884262644,1.0986122886681098,1,0,1,0,-0.9532569854059796,-2.273757213685551,-0.31277148452745074,-2.1341740803854874
600144_2014,600144,2014,C,制造业,156,7,5,2.0794415416798357,44.87179487179487,7.773031114038932,-0.5998769214574106,-0.37883268940576464,-0.9251447202308002,-0.6981514527401409,1.791759469228055,0,0,2,5,-2.379419704142003,-2.1897565993244523,0.5555603226572033,0.5301450348270955
600144_2015,600144,2015,C,制造业,166,8,4,2.1972245773362196,48.19277108433735,9.344692822807025,-1.3689532917516518,-1.8193001528240536,-1.6566518054181014,-1.3832325809922632,1.6094379124341003,2,1,0,5,-0.9420352632796586,-1.3328240202800417,-2.130400602761412,-0.15623805697677473
600144_2016,600144,2016,C,制造业,166,10,6,2.3978952727983707,60.24096385542169,14.223792794472795,-0.5766230876618965,-0.7113939798135425,-0.7857994479223955,-0.5570510248080339,1.9459101490553132,1,3,1,5,-1.4359305137127565,0.26872187546157084,-0.5661770998907929,0.04738196190956711
600144_2017,600144,2017,C,制造业,266,25,16,3.258096538021482,93.98496240601503,38.06015018792676,0.6829659508745689,0.7386839728959461,1.1044194442837936,0.24878071850147793,2.833213344056216,10,5,1,9,1.4982246017571856,0.5604540205056309,-0.9130534333065182,0.35818291451644624
600144_2018,600144,2018,C,制造业,243,18,10,2.9444389791664403,74.07407407407408,30.76925643047103,-0.1371781027269906,-0.4282227004588593,0.16326938300710092,-0.6579781805748915,2.3978952727983707,2,6,3,7,-1.1632201503423543,0.7957149132812715,0.43558943888419865,-0.08428817024976536
600144_2019,600144,2019,C,制造业,166,11,6,2.4849066497880004,66.26506024096386,16.77391621536529,-0.9673969190642212,-1.217035371474299,-1.0788761994745841,-0.8862135370716224,1.9459101490553132,2,3,2,4,-0.9844714366341331,-0.33430002784170243,0.09576167111733325,-0.6645286888099279
600144_2020,600144,2020,C,制造业,241,23,16,3.1780538303479458,95.43568464730289,33.34565144934788,0.37223945491522714,0.5873249558029003,0.3429115174769221,0.21605911367982636,2.833213344056216,9,5,2,7,1.0660299311743122,0.421629808589624,-0.15957907406737853,0.04688194068515044
600144_2021,600144,2021,C,制造业,261,15,11,2.772588722239781,57.47126436781609,27.391452979147,-0.09819073038113912,0.155732380186937,0.2810524517656762,-0.9911962659819678,2.4849066497880004,4,2,5,4,-0.010109884157140599,-0.6136790669311384,1.3879167041396212,-0.36726133493087504
600144_2022,600144,2022,C,制造业,177,26,13,3.295836866004329,146.89265536723164,30.588160003589167,0.41686487594422483,-0.12915433761670014,-0.21337516790005281,2.1309366341153053,2.6390573296152584,3,5,1,17,-0.7548222260884853,0.2765648014289465,-1.1580133900176588,1.0017144369891118
600144_2023,600144,2023,C,制造业,236,18,13,2.9444389791664403,76.27118644067797,29.248814846474193,-0.30372950607085913,0.013507009795979182,-0.32755160581868276,-0.7030647573764325,2.6390573296152584,7,4,2,5,0.5541640608925336,-0.03439893191880881,-0.33063513756638996,-0.5352810111204653
600145_2013,600145,2013,G,交通运输、仓储和邮政业,182,10,7,2.3978952727983707,54.94505494505494,13.677233046643483,-0.12824779632998784,0.12201589772562518,-0.38935063633345335,-0.5316235338092729,2.0794415416798357,3,1,2,4,0.21093810778924163,-0.6904519151659114,0.4710748330047936,-0.07285632629037596
600145_2014,600145,2014,G,交通运输、仓储和邮政业,122,3,2,1.3862943611198906,24.59016393442623,5.878975741609634,-2.4932236010788107,-2.2598871187912746,-1.3551843551250278,-1.8525460211784868,1.0986122886681098,0,2,0,1,-2.4070953206143906,-0.2957667955923122,-1.6931838715853218,-1.5402385981544053
600145_2015,600145,2015,G,交通运输、仓储和邮政业,168,10,7,2.3978952727983707,59.52380952380952,13.67141919200154,-0.03242600281251267,0.0020274180421276477,-0.3582606436695544,-0.14500361626152633,2.0794415416798357,4,1,0,5,0.789191128575548,-0.7514468650230048,-1.7320081899460236,0.5168935297916406
600145_2016,600145,2016,G,交通运输、仓储和邮政业,126,11,5,2.4849066497880004,87.30158730158729,11.654525167569457,0.010350487752843963,-0.6680925032629704,-0.6104728299148087,0.7177993450591177,1.791759469228055,1,0,2,8,-1.1690174216991216,-2.324013731560333,0.5786452327556789,1.0379202481405383
600145_2017,600145,2017,G,交通运输、仓储和邮政业,114,7,4,2.0794415416798357,61.40350877192982,8.222108347950373,-0.4457226238872409,-0.8848583454865259,-0.7445728685477593,0.04427885780934688,1.6094379124341003,0,1,3,3,-2.26733793253617,-0.7211873373838532,0.9471641262784044,0.16425394335900423
600145_2018,600145,2018,G,交通运输、仓储和邮政业,294,26,17,3.295836866004329,88.43537414965986,38.057775314308955,0.15159422733935843,0.30601444384953325,0.11124345839655518,-0.5719038385674423,2.8903717578961645,7,8,2,9,0.5042440310577477,0.9321906599152693,-0.47086610365058856,-0.15343572601724945
600145_2019,600145,2019,G,交通运输、仓储和邮政业,149,4,3,1.6094379124341003,26.845637583892618,7.696777234086954,-1.6658767847262175,-1.4201290644655573,-0.9680887078584177,-1.5439379586279993,1.3862943611198906,3,1,0,0,0.4983908197024599,-0.846807847463128,-1.605536894068537,-2.2734042764388547
600145_2020,600145,2020,G,交通运输、仓储和邮政业,207,23,15,3.1780538303479458,111.1111111111111,27.869239469099888,0.45219290447813854,0.4210815468367519,-0.09465281950582448,0.957032426931183,2.772588722239781,7,3,4,9,0.6871362022866546,-0.451012242392809,0.8707585574225244,0.43751734504209405
600145_2021,600145,2021,G,交通运输、仓储和邮政业,192,18,10,2.9444389791664403,93.75,19.207264740694054,0.1604335626790306,-0.1455670242261379,-0.6767030277615648,0.31530660152679985,2.3978952727983707,6,2,0,10,0.8842754854036295,-0.42889124834987735,-1.9826893671144765,0.47748111281506467
600145_2022,600145,2022,G,交通运输、仓储和邮政业,156,22,11,3.1354942159291497,141.02564102564102,22.045984325979713,0.7387356090148377,0.10251841874443855,-0.3090230669395888,2.4181054228070966,2.4849066497880004,4,2,3,13,0.11573157267265156,-0.7149267516938719,0.49380449077070265,1.2438619199147278
600145_2023,600145,2023,G,交通运输、仓储和邮政业,268,29,21,3.4011973816621555,108.2089552238806,38.759289065121784,0.5482603518098,0.8514426112753097,0.6625241762005477,0.39647818683431607,3.091042453358316,9,5,3,12,1.0734110546145967,0.28513535290706793,0.1512563288184821,0.3501742242847061
600146_2013,600146,2013,B,采矿业,120,5,4,1.791759469228055,41.666666666666664,9.400362889666773,-1.217135243389975,-1.0432342250902145,-0.8884283370516862,-0.774190816099257,1.6094379124341003,1,2,0,2,-0.9627874813104883,-0.23030333096876945,-1.2614549572226246,-0.20340945513346506
600146_2014,600146,2014,B,采矿业,197,12,9,2.5649493574615367,60.91370558375635,17.24076126374507,0.7143811129686257,0.5751158791143085,0.22137173138212374,0.5396173615780278,2.302585092994046,3,4,2,3,0.19603187785542583,0.9039631947861848,0.7410575462196277,0.34832037176222147
600146_2015,600146,2015,B,采矿业,119,5,2,1.791759469228055,42.016806722689076,4.754762491537304,-1.0300566737589953,-1.6644957029545446,-1.0839908984910127,-0.7792336563239821,1.0986122886681098,1,1,0,3,-0.5788820505466449,-1.069873806921475,-1.035588631878499,0.0039569327464876744
600146_2016,600146,2016,B,采矿业,206,16,12,2.833213344056216,77.66990291262135,24.704194508676455,1.054903055570137,1.2953711478523315,0.9617733414682242,0.7170974995843399,2.5649493574615367,3,5,5,3,0.35616645498544464,2.2875808993890114,1.2060922980403674,-0.20893515857312936
600146_2017,600146,2017,B,采矿业,190,12,8,2.5649493574615367,63.15789473684211,17.9102864247488,0.3579481304371989,0.31538814395213327,0.08767364693558764,0.2627316602219272,2.1972245773362196,1,4,1,6,-1.3949810050365217,0.5939629554641673,1.1050523368334354e-17,1.2875520463204833
600146_2018,600146,2018,B,采矿业,187,19,12,2.995732273553991,101.60427807486631,26.25667775890492,0.70652900722217,0.8759885127002819,0.6517209422847927,0.9694236592231961,2.5649493574615367,1,5,3,10,-0.49046418956927323,0.8050500189490596,0.6392186403725056,0.7928336385615271
600146_2019,600146,2019,B,采矿业,171,15,9,2.772588722239781,87.71929824561403,18.58237703585278,0.3719421803396693,0.30539218387175754,-0.2071780922151316,0.8200118830942398,2.302585092994046,3,3,3,6,-0.1921839054963593,0.25634085414863744,0.8650849657166308,0.2852797692188123
600146_2020,600146,2020,B,采矿业,143,5,4,1.791759469228055,34.96503496503497,9.385373587924917,-0.7330998357900993,-0.477941815130318,-0.33313463661485276,-0.7576685712627524,1.6094379124341003,2,0,3,0,0.21840524297325867,-1.6595566258166818,1.3551979520647517,-1.86599499093259
600146_2021,600146,2021,B,采矿业,269,25,18,3.258096538021482,92.93680297397769,37.00798745251304,0.48662339951971106,0.8232215091309731,0.7175926737393921,0.10438708203668816,2.9444389791664403,4,8,3,10,0.011193601550006517,1.4292532948479122,-0.18380576729435721,0.29430072017379133
600146_2022,600146,2022,B,采矿业,259,16,14,2.833213344056216,61.77606177606178,27.786833690040037,0.09059628920163339,0.5687192510916267,0.22835897941860597,-0.5671886586423307,2.70805020110221,5,2,3,6,-0.11192436946599575,-0.27015178514539323,0.7329616352146329,0.2386953485590294
600146_2023,600146,2023,B,采矿业,187,23,12,3.1780538303479458,122.99465240641712,23.77784765833223,0.37285344459942926,0.10467413686329813,-0.3781353475048839,1.1819351407412457,2.5649493574615367,6,1,2,14,0.7321333787145987,-1.7021782170627648,-0.12807537499950075,0.7633096367878581
600147_2013,600147,2013,C,制造业,119,2,2,1.0986122886681098,16.80672268907563,3.5385732267519927,-2.8523413704098,-2.094790532558394,-1.4188806153595352,-1.9319232828765374,1.0986122886681098,2,0,0,0,-0.12438274374861069,-2.273757213685551,-1.6679694365922024,-2.1341740803854874
600147_2014,600147,2014,C,制造业,171,9,6,2.302585092994046,52.63157894736842,11.798714937327647,-0.10018779635522532,-0.016469363717456487,-0.48525837091388047,-0.3742579368270601,1.9459101490553132,2,2,1,4,-0.13357558726098795,0.04034391721770217,-0.2371796603547836,0.25528430874824903
600147_2015,600147,2015,C,制造业,124,3,2,1.3862943611198906,24.193548387096772,5.804486306315772,-3.184883027894821,-3.020102329512975,-2.0434900641403444,-2.384960534101026,1.0986122886681098,1,0,0,2,-1.7709095049370276,-2.739860789621563,-2.130400602761412,-1.2011991722634392
600147_2016,600147,2016,C,制造业,176,10,8,2.3978952727983707,56.81818181818181,12.929833616043531,-0.5766230876618965,-0.12062699696679047,-0.9271903281180923,-0.6999180037663139,2.1972245773362196,1,0,5,4,-1.4359305137127565,-2.5453516632214717,1.5817608351859456,-0.22747876416927934
600147_2017,600147,2017,C,制造业,178,17,11,2.8903717578961645,95.50561797752809,21.942319301209146,-0.140486363014961,-0.08008356180430164,-0.6567754480348075,0.31225290725742294,2.4849066497880004,3,4,3,7,-0.5697460368007496,0.19035493989558291,0.4421445187582336,0.021780573440836337
600147_2018,600147,2018,C,制造业,189,18,10,2.9444389791664403,95.23809523809523,25.081299995965722,-0.1371781027269906,-0.4282227004588593,-0.45825344413937197,0.22540841355105382,2.3978952727983707,4,2,3,9,-0.11896210433254525,-0.9242361701035237,0.43558943888419865,0.2521141708258446
600147_2019,600147,2019,C,制造业,180,19,10,2.995732273553991,105.55555555555556,21.703374724305462,0.17650353208518588,-0.15455006304289046,-0.540234417657879,0.753772388499241,2.3978952727983707,4,3,0,12,0.0597866093756759,-0.33430002784170243,-2.0521762639594057,0.7759623544609202
600147_2020,600147,2020,C,制造业,183,11,7,2.4849066497880004,60.10928961748633,16.043890772999582,-1.1799367392035804,-1.1845728874324077,-1.5476513470593127,-1.2584652003096655,2.0794415416798357,3,3,2,3,-0.8071023564928664,-0.40143393861100896,-0.15957907406737853,-0.998079174601514
600147_2021,600147,2021,C,制造业,203,13,10,2.6390573296152584,64.03940886699507,18.95916375188996,-0.3972098342774884,-0.048806010263326725,-0.6403435364399452,-0.7170418057359845,2.3978952727983707,4,1,3,5,-0.010109884157140599,-1.4367428141317715,0.5951767211276344,-0.09240060885202861
600147_2022,600147,2022,C,制造业,275,21,15,3.091042453358316,76.36363636363637,33.480573358153556,-0.04173471287743701,0.1847390527299125,0.10267875165874246,-0.8129457879334683,2.772588722239781,5,2,7,7,0.07405201556888343,-1.1304719679125745,1.5523825141118446,-0.22081169731979955
600147_2023,600147,2023,C,制造业,218,16,11,2.833213344056216,73.39449541284404,25.725938014454865,-0.5527989502462932,-0.34885631589232846,-0.7124962504440931,-0.8231378885520416,2.4849066497880004,4,6,2,4,-0.40664340188758047,0.6486144627345133,-0.33063513756638996,-0.8101417371993118
600148_2013,600148,2013,C,制造业,179,14,11,2.70805020110221,78.2122905027933,20.869048967658166,0.7517001429299988,1.1639835165815666,0.47481994341033257,0.6311461353087982,2.4849066497880004,3,2,3,6,0.4637128898176665,-0.04365669714339641,1.042426467537301,0.7994026499733339
600148_2014,600148,2014,C,制造业,166,9,6,2.302585092994046,54.21686746987952,17.686732998549353,-0.10018779635522532,-0.016469363717456487,0.15812518411826773,-0.30808796762533047,1.9459101490553132,3,3,0,3,0.45452004630528925,0.6243169393585903,-1.5923776124195355,-0.08111803232736023
600148_2015,600148,2015,C,制造业,244,23,14,3.1780538303479458,94.26229508196721,34.196102201868946,0.8274342284143784,0.7632171802809864,1.058860943967483,0.5397101141537335,2.70805020110221,2,7,5,9,-0.9420352632796586,1.4812495184030008,1.372735284380078,0.6138623322310439
600148_2016,600148,2016,C,制造业,219,22,16,3.1354942159291497,100.4566210045662,30.674609333602817,1.0750946895205997,1.3743972537683775,1.0117807765395896,1.1215511710692632,2.833213344056216,5,6,3,8,0.8099136031682582,1.4046999367054778,0.7890208521739589,0.6586450290640231
600148_2017,600148,2017,C,制造业,203,13,9,2.6390573296152584,64.03940886699507,19.31253917779806,-0.7032590089356714,-0.5086684096853592,-0.9441314423882012,-1.001147182488432,2.302585092994046,2,5,3,3,-1.157841670367027,0.5604540205056309,0.4421445187582336,-1.0231805418458282
600148_2018,600148,2018,C,制造业,195,12,5,2.5649493574615367,61.53846153846154,18.2316662015082,-0.9869756251661109,-1.853071334578576,-1.2067127211871782,-1.1812148555571824,1.791759469228055,3,2,1,6,-0.5751245167760771,-0.9242361701035237,-0.9196085131805531,-0.28559478575093766
600148_2019,600148,2019,C,制造业,203,13,8,2.6390573296152584,64.03940886699507,20.248629076589307,-0.6222046969133478,-0.6262683886275471,-0.6991944304777044,-0.9791122623055778,2.1972245773362196,7,1,1,4,1.02059407215579,-1.7413367971832239,-0.6969783118946538,-0.6645286888099279
600148_2020,600148,2020,C,制造业,226,26,16,3.295836866004329,115.04424778761062,34.51535235360312,0.6359929969395882,0.5873249558029003,0.47072469982098286,1.0345208641182213,2.833213344056216,6,2,2,16,0.3368952466762934,-0.9854069607518972,-0.15957907406737853,1.1832383241109106
600148_2021,600148,2021,C,制造业,178,11,8,2.4849066497880004,61.79775280898876,21.48435966285404,-0.7424020564283619,-0.5205243358479833,-0.3644154558097696,-0.8106085667469031,2.1972245773362196,6,4,0,1,0.6777253065684874,0.42325862180033474,-2.115219183001869,-1.7486247912931487
600148_2022,600148,2022,C,制造业,226,12,7,2.5649493574615367,53.097345132743364,24.4215445796381,-1.2198238723566377,-1.444647971840068,-0.8872010483109052,-1.7840811694904126,2.0794415416798357,6,5,1,0,0.3891753770806745,0.2765648014289465,-1.1580133900176588,-3.355695043179793
600148_2023,600148,2023,C,制造业,225,22,13,3.1354942159291497,97.77777777777779,31.18094604816349,0.12410371403290976,0.013507009795979182,-0.11642768798996161,0.19462072145104384,2.6390573296152584,3,5,2,12,-0.8628058143311124,0.33570014869123915,-0.33063513756638996,0.6303493060715363
600149_2013,600149,2013,C,制造业,184,13,9,2.6390573296152584,70.65217391304347,13.532288320362628,0.5972032399786878,0.735398668700509,-0.32686767007798995,0.3155867435629793,2.302585092994046,4,2,1,6,0.9198753022611983,-0.04365669714339641,-0.31277148452745074,0.7994026499733339
600149_2014,600149,2014,C,制造业,134,6,6,1.9459101490553132,44.776119402985074,10.39912005555455,-0.8988960253537595,-0.016469363717456487,-0.6381920612112121,-0.7021449483938388,1.9459101490553132,0,3,2,1,-2.379419704142003,0.6243169393585903,0.5555603226572033,-1.1260791476140248
600149_2015,600149,2015,C,制造业,227,22,12,3.1354942159291497,96.91629955947137,33.91250110630935,0.7321297646807663,0.4268287993244751,1.0278718608541262,0.650488305028116,2.5649493574615367,4,5,3,10,0.1022227827301504,0.8972764962621126,0.5799953013680912,0.7575481677646221
600149_2016,600149,2016,C,制造业,159,8,7,2.1972245773362196,50.314465408805034,14.875168819082123,-1.0259883669118186,-0.39750058946693023,-0.7146236094622631,-0.9713832344762217,2.0794415416798357,3,2,3,0,-0.018960638489110466,-0.3152511466793173,0.7890208521739589,-2.6538033358182176
600149_2017,600149,2017,C,制造业,150,6,3,1.9459101490553132,40.0,12.549717239877344,-2.2554352030544784,-2.6626008949093416,-1.6831047905042609,-2.0045525069887304,1.3862943611198906,4,1,0,1,-0.11358362435721782,-1.6696464960365234,-2.26825138537127,-2.0681416571324927
600149_2018,600149,2018,C,制造业,147,8,6,2.1972245773362196,54.42176870748299,9.484604985225081,-1.81042793905564,-1.4907080088902678,-2.1625038350901753,-1.47826573226327,1.9459101490553132,0,1,4,3,-3.409064267223369,-1.7472999173041568,0.8718657337876591,-1.1292492855364298
600149_2019,600149,2019,C,制造业,155,8,5,2.1972245773362196,51.61290322580645,16.211322652738623,-1.611608245111444,-1.5793986971626073,-1.1403507810056472,-1.497794813706446,1.791759469228055,2,2,2,2,-0.9844714366341331,-0.9182730499825906,0.09576167111733325,-1.4346290780177458
600149_2020,600149,2020,C,制造业,230,15,15,2.772588722239781,65.21739130434783,25.93030406461209,-0.5357254131563576,0.44481413713757284,-0.46736326642884257,-1.045252951246302,2.772588722239781,5,5,5,0,0.021771885164502274,0.421629808589624,1.195618877997373,-3.0880014051748432
600149_2021,600149,2021,C,制造业,185,13,10,2.6390573296152584,70.27027027027027,18.88766220758515,-0.3972098342774884,-0.048806010263326725,-0.6481565080182918,-0.45696554750263274,2.3978952727983707,4,3,1,5,-0.010109884157140599,-0.029706044790250193,-0.7600212309371174,-0.09240060885202861
600149_2022,600149,2022,C,制造业,194,14,11,2.70805020110221,72.16494845360825,20.632809893967124,-0.8993757350967596,-0.4915176633050078,-1.3011959725443443,-0.9881990908805918,2.4849066497880004,2,6,1,5,-1.3429178596547624,0.5894791154722205,-1.1580133900176588,-0.6545097454520082
600149_2023,600149,2023,C,制造业,204,15,8,2.772588722239781,73.52941176470588,23.398089772182793,-0.688556690305063,-1.0251130319272488,-0.9668601572996345,-0.8175064777894335,2.1972245773362196,3,4,3,5,-0.8628058143311124,-0.03439893191880881,0.2318228314863748,-0.5352810111204653
600150_2013,600150,2013,I,信息传输、软件和信息技术服务业,199,23,13,3.1780538303479458,115.57788944723619,23.29688065874033,0.8402031542626398,0.5469593473948967,-0.03237197804247745,1.3067329640092753,2.6390573296152584,5,2,2,14,0.3162292769144542,-0.6862429393912725,0.332448127468743,1.493003940017603
600150_2014,600150,2014,I,信息传输、软件和信息技术服务业,190,20,14,3.044522437723423,105.26315789473684,19.86955894093958,0.7737559495159346,0.9654720284035346,-0.15359106950304285,1.214331514005012,2.70805020110221,6,2,2,10,1.090700612564678,-0.460759381770075,0.13802211513049356,0.7985724021468587
600150_2015,600150,2015,I,信息传输、软件和信息技术服务业,223,23,15,3.1780538303479458,103.13901345291481,30.437830509971622,-0.040096655422991616,0.008092311446333492,-0.386407295524001,0.07148727816589763,2.772588722239781,7,6,1,9,0.2804301044419588,0.6463712749362527,-1.200065209084145,-0.11240381025624703
600150_2016,600150,2016,I,信息传输、软件和信息技术服务业,187,14,8,2.70805020110221,74.8663101604278,22.541530443210124,-0.359151661656641,-0.5902309218324631,-0.285194849942718,-0.21310169103577808,2.1972245773362196,4,2,4,4,0.03226314757730072,-0.7789670715785805,0.8128674564729691,-0.5893627221237348
600150_2017,600150,2017,I,信息传输、软件和信息技术服务业,254,29,18,3.4011973816621555,114.1732283464567,31.259054005299244,1.0275560542347573,0.8993561254158176,0.27401701168105347,1.2596843485720506,2.9444389791664403,5,6,3,15,-0.10329136054235981,0.9818784415954513,0.6713949978563608,1.258668427679289
600150_2018,600150,2018,I,信息传输、软件和信息技术服务业,303,25,17,3.258096538021482,82.50825082508251,41.70903713981898,0.2852677271974423,0.4493408274406157,0.8810197164058753,-0.298577262245103,2.8903717578961645,10,6,2,7,1.053141836852509,0.4466393084578516,-0.3106192644007993,-0.06517832043419888
600150_2019,600150,2019,I,信息传输、软件和信息技术服务业,188,19,10,2.995732273553991,101.06382978723404,27.26917146975924,-0.321815195603727,-0.6562278540804702,-0.6088607485782597,0.20359849042051778,2.3978952727983707,2,6,3,8,-1.2976889157137472,0.4365315145988831,0.12090370542050662,-0.11842644324988928
600150_2020,600150,2020,I,信息传输、软件和信息技术服务业,178,15,10,2.772588722239781,84.26966292134831,23.468387961575992,-0.45448941904884765,-0.5587034332063324,-0.7067085971828413,-0.04593195718565663,2.3978952727983707,3,5,3,4,-0.7306015062482557,0.2426957236855144,0.21061534637793555,-0.25328068632320905
600150_2021,600150,2021,I,信息传输、软件和信息技术服务业,303,28,19,3.367295829986474,92.4092409240924,49.198627313075555,0.23993449143732384,0.2980790720404347,1.2594537819270297,-0.2881516840036311,2.995732273553991,11,8,3,6,1.2255087160059357,0.9510960653271617,-0.38590784676458045,-0.5923765592229773
600150_2022,600150,2022,I,信息传输、软件和信息技术服务业,245,40,22,3.713572066704308,163.26530612244898,40.948186072368486,1.1161540943948922,0.840776273692197,0.39552985048087924,2.6672563333425514,3.1354942159291497,8,7,0,25,0.6233379274516314,0.6626587961860766,-2.630257557022599,1.412133516645064
600150_2023,600150,2023,I,信息传输、软件和信息技术服务业,277,34,16,3.5553480614894135,122.74368231046931,42.33842283936129,0.8209702955403102,0.34607076310495516,0.6684635827698773,1.0624085251217292,2.833213344056216,8,9,2,15,0.3715845846182345,0.947519419287301,-0.19959975954620532,0.8283986335372754
600151_2013,600151,2013,C,制造业,145,3,2,1.3862943611198906,20.689655172413794,5.849149143324541,-2.2081300443625773,-2.094790532558394,-1.1664040550095047,-1.7698496166722941,1.0986122886681098,1,0,1,1,-0.9532569854059796,-2.273757213685551,-0.31277148452745074,-1.089212965098823
600151_2014,600151,2014,C,制造业,158,12,8,2.5649493574615367,75.9493670886076,17.659869283971027,0.4873289344564804,0.5742976191292954,0.15518978684076923,0.5990269266211635,2.1972245773362196,4,4,1,3,0.9106824587488211,1.0772816059491752,-0.2371796603547836,-0.08111803232736023
600151_2015,600151,2015,C,制造业,240,17,12,2.8903717578961645,70.83333333333333,25.95274562564738,0.1832229023671547,0.4268287993244751,0.15810962081229954,-0.4382151375095639,2.5649493574615367,6,3,3,5,0.7900579734557783,0.0742127490614796,0.5799953013680912,-0.15623805697677473
600151_2016,600151,2016,C,制造业,180,13,10,2.6390573296152584,72.22222222222221,24.68933024048692,-0.03658481871372232,0.3510913286178661,0.3577695115011993,-0.056953102018963565,2.3978952727983707,4,4,2,3,0.4372017739544214,0.7216865420521558,0.2265628831211941,-0.5638811052448887
600151_2017,600151,2017,C,制造业,209,21,13,3.091042453358316,100.47846889952153,30.019977900378233,0.308878916234962,0.28227976388400605,0.2258700621916127,0.5198197871537571,2.6390573296152584,7,2,3,9,0.8472238384228962,-0.8465827488358902,0.4421445187582336,0.35818291451644624
600151_2018,600151,2018,C,制造业,253,20,16,3.044522437723423,79.05138339920948,30.229254062007612,0.08694047721404116,0.5950832246916522,0.10426334057731824,-0.45022520685752493,2.833213344056216,4,4,3,9,-0.11896210433254525,0.11270151862794953,0.43558943888419865,0.2521141708258446
600151_2019,600151,2019,C,制造业,230,19,10,2.995732273553991,82.6086956521739,27.461460982801768,0.17650353208518588,-0.15455006304289046,0.08895149322983897,-0.20402992415361906,2.3978952727983707,2,3,3,11,-0.9844714366341331,-0.33430002784170243,0.658219640170098,0.6552931525555833
600151_2020,600151,2020,C,制造业,240,29,15,3.4011973816621555,120.83333333333333,36.71900926953182,0.8719285800174114,0.44481413713757284,0.7115182242123137,1.2761573907360235,2.772588722239781,5,3,2,19,0.021771885164502274,-0.40143393861100896,-0.15957907406737853,1.4282453970474245
600151_2021,600151,2021,C,制造业,203,16,11,2.833213344056216,78.81773399014779,23.801763893374005,0.03756700967763053,0.155732380186937,-0.11119276580173115,-0.10019427018252217,2.4849066497880004,5,2,3,6,0.3626019450566963,-0.6136790669311384,0.5951767211276344,0.1399908237790078
600151_2022,600151,2022,C,制造业,221,26,15,3.295836866004329,117.6470588235294,33.585386140818734,0.41686487594422483,0.1847390527299125,0.11413164124277034,0.9102249497099603,2.772588722239781,3,5,3,15,-0.7548222260884853,0.2765648014289465,0.19718456204709292,0.8241494179668652
600151_2023,600151,2023,C,制造业,268,21,13,3.091042453358316,78.35820895522389,34.88397750447487,0.02456213096922116,0.013507009795979182,0.2882024469697721,-0.6159524030322076,2.6390573296152584,5,4,3,9,-0.033931572673743644,-0.03439893191880881,0.2318228314863748,0.2348193780873533
600152_2013,600152,2013,K,房地产业,153,13,6,2.6390573296152584,84.9673202614379,21.712729797443405,0.28122662204430143,-0.15530237878101968,0.43133095824922824,0.4424001005473483,1.9459101490553132,4,3,1,5,0.2984188099502191,0.41124552391431135,1.1050523368334354e-17,0.3109401952582042
600152_2014,600152,2014,K,房地产业,216,22,13,3.1354942159291497,101.85185185185185,26.825564139379257,1.0097141627291089,1.0229454878135675,0.6135545664894285,0.9543657585851592,2.6390573296152584,5,4,4,9,0.8959790809448659,0.34771549570240606,1.0908861526102298,0.7647486494543336
600152_2015,600152,2015,K,房地产业,202,10,8,2.3978952727983707,49.504950495049506,18.95149773425717,-1.090049801462261,-0.6069665712186482,-0.7340552695277817,-1.3110564710304697,2.1972245773362196,3,2,3,2,-0.5750667025912968,-1.0286013388003932,0.6645864335561362,-1.2371369167937685
600152_2016,600152,2016,K,房地产业,190,15,10,2.772588722239781,78.94736842105263,23.868203814989222,1.5163664314258463,1.6877929975634776,1.186162292867005,1.1054378862518124,2.3978952727983707,0,5,5,5,-1.9318419257921702,1.5696924190065364,2.218245181208334,0.9510395287567976
600152_2017,600152,2017,K,房地产业,235,17,11,2.8903717578961645,72.34042553191489,26.07466271241598,1.211142652483224,1.145021659215073,1.2006772859067956,0.5425187917716785,2.4849066497880004,4,2,4,7,0.5802875532864707,0.663560195476731,1.708154458360377,0.9043073118801254
600152_2018,600152,2018,K,房地产业,239,31,16,3.4657359027997265,129.7071129707113,34.73128985609997,0.9903289823763728,0.634966375163625,0.6701420314407542,1.5565735911591796,2.833213344056216,8,1,3,19,1.1003116620899083,-1.647920997517355,0.7636789314326344,1.0710069204703165
600152_2019,600152,2019,K,房地产业,233,18,14,2.9444389791664403,77.25321888412017,28.326365403390955,0.751738773041089,1.0132515699442932,0.9564249490976369,0.31259097226029886,2.70805020110221,1,7,2,8,-1.1996667770772484,1.7289096210444332,0.03182121837177564,0.8870062714793077
600152_2020,600152,2020,K,房地产业,218,18,12,2.9444389791664403,82.56880733944955,23.972093811590703,-0.26879129425608217,-0.17524994243556385,-0.43859154418506424,-0.4186072889189489,2.5649493574615367,0,7,4,7,-3.064057078410265,1.5992924099529993,0.8066212014569746,-0.5442808765224895
600152_2021,600152,2021,K,房地产业,258,29,18,3.4011973816621555,112.4031007751938,34.53231681445694,1.3332883516148195,1.0869045271644253,1.3285832742712176,1.2632318679354773,2.9444389791664403,5,4,2,18,0.6421715418787939,0.4167161255902832,0.127877749621401,1.3965187859301247
600152_2022,600152,2022,K,房地产业,181,9,7,2.302585092994046,49.72375690607735,17.185852731030476,-1.5310964221730947,-0.9918918881853385,-1.2528028081208409,-1.6576209503262709,2.0794415416798357,3,2,1,3,-0.6112827723129395,-1.3237399478119503,-0.6360769816456828,-0.9714289060446762
600152_2023,600152,2023,K,房地产业,201,21,12,3.091042453358316,104.4776119402985,30.716673020949244,-0.24983855498311872,-0.197957307156919,-0.4316270385203969,0.02955079268055579,2.5649493574615367,4,3,5,9,-0.5695574806980918,-0.7397669256710622,0.6548856575412189,-0.06301414597137599
600153_2013,600153,2013,F,批发和零售业,197,21,13,3.091042453358316,106.5989847715736,24.303242810793463,1.4491646095814639,1.3127535070883674,0.7091301746086206,1.6525929438541636,2.6390573296152584,5,4,2,10,1.015684292015146,0.7237889818199642,0.7718410859014158,1.3333648311340138
600153_2014,600153,2014,F,批发和零售业,173,11,7,2.4849066497880004,63.58381502890173,15.824165684944592,-0.44692051228961616,-0.49542024863145423,-0.7413758323975549,-0.36341291820176796,2.0794415416798357,3,2,2,4,-0.15879087035072834,-0.7697888665868351,0.3210744574497145,-0.12007691976207009
600153_2015,600153,2015,F,批发和零售业,220,17,8,2.8903717578961645,77.27272727272727,29.970116213543058,1.2243020802106663,0.470492536909759,1.2994909849342873,0.5679642254210131,2.1972245773362196,4,3,3,7,0.6465717420326872,0.8180202483601543,0.9251923208063969,0.9685762382442441
600153_2016,600153,2016,F,批发和零售业,208,24,12,3.2188758248682006,115.38461538461539,32.30420191118239,0.5929084217605541,0.12143146580145464,0.381949807838977,1.2592368606223905,2.5649493574615367,6,4,2,12,0.7817608442212951,-0.18248641655284437,0.3612163684401957,0.7663811827015897
600153_2017,600153,2017,F,批发和零售业,282,31,17,3.4657359027997265,109.9290780141844,40.091521997939054,0.787161840153918,0.6241328859463352,0.8554666997589894,0.6651591565048175,2.8903717578961645,7,8,3,13,0.5216785534539132,1.2041151531133654,0.046344448667820067,0.6072169633766854
600153_2018,600153,2018,F,批发和零售业,166,13,9,2.6390573296152584,78.3132530120482,19.703572422727447,-0.2543452507053016,-0.0009766283530596143,-0.2171725307132104,-0.3211583364190087,2.302585092994046,4,5,1,3,0.49115782172193034,0.8775741347201537,-0.04317787761735419,-1.0334193587925204
600153_2019,600153,2019,F,批发和零售业,209,20,12,3.044522437723423,95.69377990430623,27.153652244843794,0.5965860539623454,0.4977932888983381,0.47582750340774926,0.6862497635995274,2.5649493574615367,6,3,2,9,0.7656518766801218,0.056870356207326965,0.49047420145780857,0.5919447907713028
600153_2020,600153,2020,F,批发和零售业,232,22,17,3.1354942159291497,94.82758620689654,28.36283768880843,0.8250334727330191,1.2178532070159387,0.5394374942445781,0.6604546523779239,2.8903717578961645,6,4,2,10,0.6968287132380073,0.7495361497296958,-0.03211765643892485,0.7083956450604508
600153_2021,600153,2021,F,批发和零售业,189,10,8,2.3978952727983707,52.910052910052904,18.75283879056053,-0.8630143930691629,-0.5148686063661386,-0.7156651858117671,-1.0355623483681724,2.1972245773362196,0,4,2,4,-3.050170661874191,0.20076416762836452,0.07984948399658855,-0.28820619835814315
600153_2022,600153,2022,F,批发和零售业,227,30,17,3.4339872044851463,132.15859030837004,30.049449237819093,1.184398642400127,0.9273705195335822,0.3381840389676762,2.0201117631988867,2.8903717578961645,7,2,5,16,0.9923382544751888,-0.5857212481972509,1.1235152164766182,1.261449816893652
600153_2023,600153,2023,F,批发和零售业,233,13,10,2.6390573296152584,55.79399141630902,24.6281307470992,-0.42396185020255495,-0.12294865495119768,-0.2604296073449599,-0.9547808361234457,2.3978952727983707,4,6,2,1,0.019844584936820443,0.5880209768383923,-0.08803227669806883,-1.4629109097742534
600154_2013,600154,2013,C,制造业,172,9,8,2.302585092994046,52.32558139534884,16.286127159429938,-0.15626472514158504,0.48772680054664636,-0.0259557836261498,-0.44936553184214995,2.1972245773362196,4,3,2,0,0.9198753022611983,0.5403163249974917,0.47996849848453627,-2.1341740803854874
600154_2014,600154,2014,C,制造业,175,15,8,2.772588722239781,85.71428571428571,18.991783658235136,0.9522992726613969,0.5742976191292954,0.30072803013458427,1.0066147918856025,2.1972245773362196,3,3,1,8,0.45452004630528925,0.6243169393585903,-0.2371796603547836,1.1414081019815516
600154_2015,600154,2015,C,制造业,249,18,12,2.9444389791664403,72.28915662650603,29.77308511247731,0.3042965445769974,0.4268287993244751,0.5755580007101585,-0.3774490491259754,2.5649493574615367,6,3,3,6,0.7900579734557783,0.0742127490614796,0.5799953013680912,0.07615337565426167
600154_2016,600154,2016,C,制造业,266,18,14,2.9444389791664403,67.66917293233082,34.0497198401338,0.6472614694168307,1.0801751797221313,1.3805789992589834,-0.24699745483421617,2.70805020110221,5,5,7,1,0.8099136031682582,1.0917856226622038,2.1442188042387103,-1.6088422205315533
600154_2017,600154,2017,C,制造业,292,30,21,3.4339872044851463,102.73972602739725,41.298431920293794,1.0768408924591863,1.344765072315415,1.4582663909987754,0.6142046971458626,3.091042453358316,9,4,5,12,1.303386250866429,0.19035493989558291,1.2348845017702204,0.7537128425006292
600154_2018,600154,2018,C,制造业,227,23,13,3.1780538303479458,101.3215859030837,29.06676485133413,0.3859595811103905,0.13867901567971214,-0.022761820227713815,0.47933341472602325,2.6390573296152584,3,7,3,10,-0.5751245167760771,1.0667736213788857,0.43558943888419865,0.3958000063594228
600154_2019,600154,2019,C,制造业,351,36,21,3.6109179126442243,102.56410256410255,55.50828946252986,1.5540991290091273,1.47483696152709,3.1536275908639944,0.6289090910602847,3.091042453358316,10,8,7,11,1.6715948354900794,1.311827466559564,2.0134175922348496,0.6552931525555833
600154_2020,600154,2020,C,制造业,273,34,19,3.5553480614894135,124.54212454212454,40.07060765133437,1.2171208021682849,0.9693595977915743,1.0777472777754915,1.4309623972547292,2.995732273553991,9,2,4,19,1.0660299311743122,-0.9854069607518972,0.8391551898888467,1.4282453970474245
600154_2021,600154,2021,C,制造业,184,16,11,2.833213344056216,86.95652173913044,19.44766321886449,0.03756700967763053,0.155732380186937,-0.586965214494348,0.23951886533967437,2.4849066497880004,4,3,2,7,-0.010109884157140599,-0.029706044790250193,0.03271875207486963,0.3412974392801801
600154_2022,600154,2022,C,制造业,192,29,16,3.4011973816621555,151.04166666666666,29.76874610854978,0.652800459022048,0.32724987139524,-0.30291249936737363,2.304116434513009,2.833213344056216,5,6,1,17,0.07405201556888343,0.5894791154722205,-1.1580133900176588,1.0017144369891118
600154_2023,600154,2023,C,制造业,271,27,19,3.332204510175204,99.6309963099631,35.054953942403394,0.5646003999173953,0.8519458607965933,0.30688503715842413,0.27197409369683184,2.995732273553991,6,3,6,12,0.28119178883804746,-0.4873635985093938,1.3259485684482373,0.6303493060715363
600155_2013,600155,2013,C,制造业,177,9,8,2.302585092994046,50.84745762711865,16.399650823790022,-0.15626472514158504,0.48772680054664636,-0.013551056263422862,-0.5110624424242117,2.1972245773362196,3,3,2,1,0.4637128898176665,0.5403163249974917,0.47996849848453627,-1.089212965098823
600155_2014,600155,2014,C,制造业,127,10,4,2.3978952727983707,78.74015748031496,15.518968027028523,0.11324189981687348,-0.8074175372868229,-0.07874642859581553,0.7155145638212655,1.6094379124341003,2,3,2,3,-0.13357558726098795,0.6243169393585903,0.5555603226572033,-0.08111803232736023
600155_2015,600155,2015,C,制造业,194,13,9,2.6390573296152584,67.01030927835052,19.4453919089916,-0.37954974355355564,-0.18991312825407258,-0.5529487225116263,-0.597788224921425,2.302585092994046,6,2,2,3,0.7900579734557783,-0.5097602730794085,0.017537332315326445,-0.7675011241312305
600155_2016,600155,2016,C,制造业,209,12,10,2.5649493574615367,57.41626794258374,22.162072709600384,-0.20253605302228958,0.3510913286178661,0.08161615772460247,-0.6749538790220245,2.3978952727983707,5,5,1,1,0.8099136031682582,1.0917856226622038,-0.5661770998907929,-1.6088422205315533
600155_2017,600155,2017,C,制造业,171,13,9,2.6390573296152584,76.0233918128655,19.612762398565675,-0.7032590089356714,-0.5086684096853592,-0.9113260601573272,-0.500935535723831,2.302585092994046,2,3,4,4,-1.157841670367027,-0.2626097266950021,0.878420813661694,-0.6867782007702188
600155_2018,600155,2018,C,制造业,187,15,10,2.772588722239781,80.21390374331551,23.51379705333056,-0.5220052869611943,-0.4282227004588593,-0.6295344431563331,-0.401701588428728,2.3978952727983707,4,5,1,5,-0.11896210433254525,0.4828005992379975,-0.9196085131805531,-0.5179862183819741
600155_2019,600155,2019,C,制造业,195,11,7,2.4849066497880004,56.41025641025641,22.098371583039363,-0.9673969190642212,-0.9031419811276868,-0.49707312287985017,-1.2975532122836044,2.0794415416798357,3,5,2,1,-0.3963758030678559,0.48876371935893054,0.09576167111733325,-2.0458921451722016
600155_2020,600155,2020,C,制造业,156,10,5,2.3978952727983707,64.1025641025641,14.852412600201264,-1.3747827860008812,-1.860829603467328,-1.6778441308768157,-1.0917858571241739,1.791759469228055,1,5,0,4,-2.2240722317165127,0.421629808589624,-2.3075170091441173,-0.6616768335259047
600155_2021,600155,2021,C,制造业,190,26,14,3.295836866004329,136.8421052631579,23.945224530494244,1.0735276797148068,0.6802778408409385,-0.09551682633315475,2.3217439483589657,2.70805020110221,3,4,2,17,-0.46627229660067243,0.42325862180033474,0.03271875207486963,1.5638235735890915
600155_2022,600155,2022,C,制造业,203,15,8,2.772588722239781,73.89162561576356,25.34196294733291,-0.7548535341517211,-1.1677743793399282,-0.7866269611788589,-0.9161275575169565,2.1972245773362196,5,5,1,4,0.07405201556888343,0.2765648014289465,-1.1580133900176588,-0.9293704715308546
600155_2023,600155,2023,C,制造业,212,24,12,3.2188758248682006,113.20754716981132,32.62662558340192,0.31082155989930565,-0.16069923619483845,0.04154167099429574,0.8386595515836198,2.5649493574615367,5,7,2,10,-0.033931572673743644,0.9196731708321273,-0.33063513756638996,0.3785052136209315
600156_2013,600156,2013,C,制造业,186,9,8,2.302585092994046,48.387096774193544,16.49971228343967,-0.15626472514158504,0.48772680054664636,-0.00261734360124757,-0.6137579451995152,2.1972245773362196,1,4,1,3,-0.9532569854059796,0.9932809915880767,-0.31277148452745074,-0.044251849812158274
600156_2014,600156,2014,C,制造业,211,15,8,2.772588722239781,71.09004739336493,24.87677678452944,0.9522992726613969,0.5742976191292954,0.9437810506189278,0.39619884201089695,2.1972245773362196,0,6,3,6,-2.379419704142003,1.7602950006024973,1.1180182917099681,0.7625364674581319
600156_2015,600156,2015,C,制造业,235,21,16,3.091042453358316,89.36170212765958,28.234864084565714,0.6325881816170776,1.0574392543272328,0.4074766356272493,0.3351592830260968,2.833213344056216,4,4,4,9,0.1022227827301504,0.5271774156520646,1.0162715962715516,0.6138623322310439
600156_2016,600156,2016,C,制造业,201,10,7,2.3978952727983707,49.75124378109453,17.81876558202995,-0.5766230876618965,-0.39750058946693023,-0.39297688042122836,-0.9948921145508209,2.0794415416798357,1,6,2,1,-1.4359305137127565,1.4046999367054778,0.2265628831211941,-1.6088422205315533
600156_2017,600156,2017,C,制造业,298,44,23,3.8066624897703196,147.6510067114094,55.910579051002735,1.9113789562060308,1.5493034627656788,3.0549352649488095,2.488802297186525,3.1780538303479458,12,9,1,22,1.8397258184389658,1.5973917092371048,-0.9130534333065182,1.613843574250505
600156_2018,600156,2018,C,制造业,298,25,16,3.258096538021482,83.89261744966443,43.60938416222106,0.5652005689526967,0.5950832246916522,1.566309750958368,-0.24815201736042178,2.833213344056216,5,9,3,8,0.2537497248812916,1.5197382879694716,0.43558943888419865,0.093276848772482
600156_2019,600156,2019,C,制造业,198,29,15,3.4011973816621555,146.46464646464648,30.647169091257343,1.0844684001567706,0.7262450434422936,0.4370537216539838,2.461318521008598,2.772588722239781,3,3,4,19,-0.3963758030678559,-0.33430002784170243,1.0944959350735586,1.4253935417634012
600156_2020,600156,2020,C,制造业,269,17,12,2.8903717578961645,63.197026022304826,33.2462436738416,-0.2719718711319966,-0.043285499199857407,0.33204923286127314,-1.1295830316011815,2.5649493574615367,5,6,2,4,0.021771885164502274,0.734544122632898,-0.15957907406737853,-0.6616768335259047
600156_2021,600156,2021,C,制造业,111,4,3,1.6094379124341003,36.03603603603604,7.609047049816326,-2.7028539935165696,-2.426784952918103,-1.8805704443537952,-1.885903051784737,1.3862943611198906,2,2,0,0,-1.0543679301669495,-0.6136790669311384,-2.115219183001869,-2.7935859065798136
600156_2022,600156,2022,C,制造业,246,26,12,3.295836866004329,105.69105691056912,43.017587095034145,0.41686487594422483,-0.3033605836075177,1.1447879535370253,0.41118123172274257,2.5649493574615367,5,8,4,9,0.07405201556888343,1.09962854862958,0.6334608569505534,0.11559064375581043
600156_2023,600156,2023,C,制造业,266,32,17,3.4965075614664802,120.30075187969925,42.099177631546326,0.9325269990408049,0.6042739926427305,1.0766071460987763,1.134730033726129,2.8903717578961645,3,8,5,16,-0.8628058143311124,1.1587638958918727,1.0245628144983616,1.0347734204375034
600157_2013,600157,2013,C,制造业,142,12,6,2.5649493574615367,84.50704225352112,13.172925057795888,0.43125200567012073,-0.1030401823001056,-0.3661352828832005,0.8938891777036423,1.9459101490553132,1,2,2,7,-0.9532569854059796,-0.04365669714339641,0.47996849848453627,1.000709265474506
600157_2014,600157,2014,C,制造业,134,10,7,2.3978952727983707,74.62686567164178,13.648651835061795,0.11324189981687348,0.2974240266291557,-0.2831158221863073,0.5438256955599202,2.0794415416798357,2,1,3,4,-0.13357558726098795,-0.782719829982931,1.1180182917099681,0.25528430874824903
600157_2015,600157,2015,C,制造业,159,8,4,2.1972245773362196,50.314465408805034,10.87151460802302,-1.3689532917516518,-1.8193001528240536,-1.4898160352389294,-1.294673024727307,1.6094379124341003,4,0,1,3,0.1022227827301504,-2.739860789621563,-0.7752026506966606,-0.7675011241312305
600157_2016,600157,2016,C,制造业,160,9,5,2.302585092994046,56.25,12.656469840154442,-0.7900527838339954,-1.0737573055018506,-0.9570607796214359,-0.723633922273388,1.791759469228055,4,0,0,5,0.4372017739544214,-2.5453516632214717,-1.9213750519555446,0.04738196190956711
600157_2017,600157,2017,C,制造业,200,19,8,2.995732273553991,95.0,27.102891776218446,0.0954492200628622,-0.756340277839222,-0.09287985015282332,0.2911484044960713,2.1972245773362196,2,5,3,9,-1.157841670367027,0.5604540205056309,0.4421445187582336,0.35818291451644624
600157_2018,600157,2018,C,制造业,183,17,11,2.8903717578961645,92.89617486338798,21.848726830825843,-0.2582517449368333,-0.22368431000859557,-0.8114766158865191,0.12765661829941297,2.4849066497880004,5,3,3,6,0.2537497248812916,-0.34026314796263546,0.43558943888419865,-0.28559478575093766
600157_2019,600157,2019,C,制造业,173,17,9,2.8903717578961645,98.26589595375724,23.35136690511298,-0.05943205099263732,-0.37859652047368425,-0.36015836202616064,0.449501875912653,2.302585092994046,4,3,3,7,0.0597866093756759,-0.33430002784170243,0.658219640170098,0.04403008540112724
600157_2020,600157,2020,C,制造业,206,15,10,2.772588722239781,72.81553398058252,23.82062195771565,-0.5357254131563576,-0.4359809693476112,-0.6978881662864205,-0.7281063500204195,2.3978952727983707,3,5,0,7,-0.8071023564928664,0.421629808589624,-2.3075170091441173,0.04688194068515044
600157_2021,600157,2021,C,制造业,259,30,20,3.4339872044851463,115.83011583011583,35.27429150249725,1.3828900671173692,1.4712260144103049,1.1424099782140797,1.444703161203626,3.044522437723423,4,5,4,17,-0.010109884157140599,0.7933577024103827,1.0314530160310948,1.5638235735890915
600157_2022,600157,2022,C,制造业,228,25,16,3.258096538021482,109.64912280701753,37.68947727085001,0.33235232176216994,0.32724987139524,0.562585554590236,0.5763909678353524,2.833213344056216,5,5,5,10,0.07405201556888343,0.2765648014289465,0.9899245450590797,0.25927647928938863
600157_2023,600157,2023,C,制造业,272,22,14,3.1354942159291497,80.88235294117648,38.29920088647013,0.12410371403290976,0.175689144761673,0.6613838023749745,-0.510594591227294,2.70805020110221,9,3,4,6,1.0103264733360664,-0.4873635985093938,0.6680991263898353,-0.30288957848942893
600158_2013,600158,2013,E,建筑业,268,33,16,3.5263605246161616,123.13432835820895,39.587425338306495,1.942394592361021,1.7379512718318102,2.062395655420293,1.844168804145012,2.833213344056216,7,5,3,18,1.2007504970472695,1.2678392409665753,1.3374839509909655,1.7491976520058992
600158_2014,600158,2014,E,建筑业,224,21,11,3.091042453358316,93.75,25.763461773108773,2.1437252889978016,1.741014982894853,1.2096808542829678,1.4445850043790902,2.4849066497880004,5,0,5,11,0.9109777709007695,-1.6318179930486354,2.6514539155663184,1.815906013866845
600158_2015,600158,2015,E,建筑业,230,30,12,3.4339872044851463,130.43478260869566,34.770068928362285,3.0244798413705194,2.183575446014009,2.337231316912646,3.0250550821226128,2.5649493574615367,5,5,3,17,1.881808205969236,1.7419913432694374,1.286210234924605,2.172365360645743
600158_2016,600158,2016,E,建筑业,250,25,13,3.258096538021482,100.0,33.85014668270517,0.7203616161119246,0.3109859793796797,0.7155767102545749,0.6482873301824482,2.6390573296152584,7,5,3,10,0.6258029977356756,0.4532657373811334,0.9124922472933559,0.6311367067446414
600158_2017,600158,2017,E,建筑业,220,22,12,3.1354942159291497,100.0,31.94018020376452,1.603145968490834,1.3187329026682963,1.6952156197739892,1.2049016450482284,2.5649493574615367,6,5,3,8,1.2164394652827912,1.5539933080330532,1.3807499486104087,0.8190200420119725
600158_2018,600158,2018,E,建筑业,218,31,17,3.4657359027997265,142.20183486238534,33.86444349860441,1.5715506277878384,1.3535209235336672,1.013703578822756,2.421237046824434,2.8903717578961645,4,5,4,18,0.4228489833443681,0.8513566920561716,1.2390530274233238,1.5169776564801676
600158_2019,600158,2019,E,建筑业,258,32,16,3.4965075614664802,124.03100775193798,37.1512228556476,0.8684248247255902,0.4307395691545137,0.5484343763118974,1.2481908709479557,2.833213344056216,8,4,1,19,0.9410128614425259,-0.13458044792889923,-1.2731068239378303,1.218425541017775
600158_2020,600158,2020,E,建筑业,246,27,18,3.332204510175204,109.7560975609756,35.40410177336077,0.7447358657630548,0.7598290118171042,0.5966584494737263,0.9119775847146089,2.9444389791664403,5,8,2,12,0.5303738750388033,0.8387843555582463,-0.13406913699524958,0.7374206330590045
600158_2021,600158,2021,E,建筑业,211,17,15,2.8903717578961645,80.56872037914692,25.553273259908693,-0.5057968711873235,0.21325711672460673,-0.4734323209972383,-0.5777986200061483,2.772588722239781,3,6,3,5,-0.8811201395578019,0.9850706272579504,-0.08860438533980088,-0.776819547365742
600158_2022,600158,2022,E,建筑业,241,33,16,3.5263605246161616,136.9294605809129,35.98307303001671,1.602884742851619,1.3261075050528408,1.4056859725962854,2.106155848484747,2.833213344056216,2,6,6,19,-0.53665163853376,1.0793471539297508,1.9243227531823812,1.413418449589757
600158_2023,600158,2023,E,建筑业,259,40,26,3.713572066704308,154.44015444015443,42.6497137533769,1.1880139590923784,1.3970714523324153,1.1674912119996252,2.1966953083680436,3.295836866004329,7,5,4,24,0.795010326415034,0.6215922689654793,0.37085542909826513,1.1492542698028108
600159_2013,600159,2013,C,制造业,206,17,11,2.8903717578961645,82.5242718446602,21.791562749443987,1.1599758858993983,1.1639835165815666,0.5756229963765731,0.8111283079784223,2.4849066497880004,2,4,2,9,-0.12438274374861069,0.9932809915880767,0.47996849848453627,1.337111606550116
600159_2014,600159,2014,C,制造业,196,23,12,3.1780538303479458,117.34693877551021,30.123040548358418,1.8602641407329816,1.4387114148617057,1.5170401330321825,2.326962254891704,2.5649493574615367,5,3,5,10,1.2833942879626579,0.6243169393585903,1.910758274721955,1.4439312595684923
600159_2015,600159,2015,C,制造业,173,14,8,2.70805020110221,80.92485549132948,22.989483343183508,-0.22505284060224484,-0.4375849964079353,-0.16568595895001895,-0.016994835393548617,2.1972245773362196,2,5,2,5,-0.9420352632796586,0.8972764962621126,0.017537332315326445,-0.15623805697677473
600159_2016,600159,2016,C,制造业,298,46,24,3.8501476017100584,154.36241610738256,50.62494012919551,2.675430092399149,2.280977356411053,3.191752817704234,3.3715799520119627,3.2188758248682006,7,9,5,25,1.3980092367345354,2.128723311393678,1.5817608351859456,2.2579733943882334
600159_2017,600159,2017,C,制造业,272,41,23,3.7376696182833684,150.73529411764704,48.464683278998756,1.756882053254721,1.5493034627656788,2.24132245969244,2.6175405046370863,3.1780538303479458,6,7,3,25,0.5742515663684101,1.144427042646519,0.4421445187582336,1.7986739577872939
600159_2018,600159,2018,C,制造业,208,17,14,2.8903717578961645,81.73076923076923,25.743395329984832,-0.2582517449368333,0.300861150645406,-0.38590630706502926,-0.33838759784423106,2.70805020110221,3,3,6,5,-0.5751245167760771,-0.34026314796263546,1.529715175846061,-0.5179862183819741
600159_2019,600159,2019,C,制造业,156,9,7,2.302585092994046,57.69230769230769,17.16388092153791,-1.3756726620336206,-0.9031419811276868,-1.0362647678543577,-1.244040370524052,2.0794415416798357,1,5,1,2,-1.813345678291502,0.48876371935893054,-0.6969783118946538,-1.4346290780177458
600159_2020,600159,2020,C,制造业,238,21,15,3.091042453358316,88.23529411764706,28.92871838417708,0.1773934081179264,0.44481413713757284,-0.1397266246382521,-0.08448530635612696,2.772588722239781,7,1,4,9,0.6098675187307795,-1.8084707079525304,0.8391551898888467,0.38328428176076035
600159_2021,600159,2021,C,制造业,200,24,10,3.2188758248682006,120.0,34.2983085917505,0.9011875198232294,-0.048806010263326725,1.0357643551473974,1.6187541955597922,2.3978952727983707,2,7,2,13,-1.0543679301669495,1.377330724551271,0.03271875207486963,1.1849519390656722
600159_2022,600159,2022,C,制造业,269,33,18,3.5263605246161616,122.67657992565056,38.345960341303545,0.9330804000258561,0.5887089261687898,0.634319439794925,1.1201572438639888,2.9444389791664403,7,5,2,19,0.6621476491351606,0.2765648014289465,-0.36527340700567185,1.1605517590424745
600159_2023,600159,2023,C,制造业,257,27,18,3.332204510175204,105.05836575875486,35.6504665503373,0.5646003999173953,0.7313702735814691,0.37195668177214386,0.49851258443421403,2.9444389791664403,7,5,3,12,0.5541640608925336,0.33570014869123915,0.2318228314863748,0.6303493060715363
600160_2013,600160,2013,D,电力、热力、燃气及水生产和供应业,248,26,15,3.295836866004329,104.83870967741936,35.36731786501295,1.102823359374523,1.0329776971993039,1.2420092278446877,0.8431923457439275,2.772588722239781,7,5,1,13,1.0591398336854398,0.7089751967534721,-0.4346979863244792,1.0801220331796155
600160_2014,600160,2014,D,电力、热力、燃气及水生产和供应业,242,22,12,3.1354942159291497,90.9090909090909,33.33874976520985,0.9527638853373537,0.5585210842238653,1.0249868906460387,0.6676785852310716,2.5649493574615367,5,2,5,10,0.5198161917165948,-0.3183622121483755,1.0559028200635991,1.0893473102441111
600160_2015,600160,2015,D,电力、热力、燃气及水生产和供应业,266,34,20,3.5553480614894135,127.81954887218045,38.04007122977448,1.798303760789313,1.5257901320365892,1.6313687913544166,1.9989947311459184,3.044522437723423,7,3,3,21,1.0017995522679264,0.3448559245480902,0.2631628370516124,2.2697111248296755
600160_2016,600160,2016,D,电力、热力、燃气及水生产和供应业,195,26,12,3.295836866004329,133.33333333333334,25.324321638212695,1.3061365353507937,0.5750602588419457,0.34301661520489357,2.3990201263029713,2.5649493574615367,4,1,1,20,0.22585148500645996,-1.1539626007788684,-0.45855141869018345,1.8067185799876504
600160_2017,600160,2017,D,电力、热力、燃气及水生产和供应业,216,18,14,2.9444389791664403,83.33333333333333,28.23783526759654,-0.12323504496146173,0.31375271749653183,-0.08760764320464036,-0.2802555287222612,2.70805020110221,6,5,2,5,0.2997428671958141,0.4392729713432123,0.13183600298837478,-0.4996389802899724
600160_2018,600160,2018,D,电力、热力、燃气及水生产和供应业,156,7,7,2.0794415416798357,44.87179487179487,12.234279316945605,-1.7274972552848165,-0.9296770154391488,-1.286046870615749,-1.6302761771289362,2.0794415416798357,2,0,3,2,-0.7916898667360275,-3.0820122267055434,0.8240919648994702,-1.4186758123690404
600160_2019,600160,2019,D,电力、热力、燃气及水生产和供应业,178,9,6,2.302585092994046,50.561797752808985,17.660117177915957,-1.2857609388440259,-1.2169564046368733,-0.9667506675304229,-1.3737902787806724,1.9459101490553132,5,2,0,2,0.4008653674355427,-0.6614545993087071,-2.352693353392088,-1.1712239860944647
600160_2020,600160,2020,D,电力、热力、燃气及水生产和供应业,184,16,11,2.833213344056216,86.95652173913044,19.808757192515888,-0.33093929042706577,-0.07887914640684221,-0.8266739389371786,-0.10962596371759299,2.4849066497880004,3,3,2,8,-0.7752993409846279,-0.3914092660506848,0.3580419966875078,0.13255165247170797
600160_2021,600160,2021,D,电力、热力、燃气及水生产和供应业,227,23,17,3.1780538303479458,101.3215859030837,26.587345534493103,1.1087567315634275,1.2837019007011494,0.48983248672337487,1.2118599243100696,2.8903717578961645,4,4,3,12,0.31060890913814093,0.5465099599637805,0.8259602520544689,1.2905469289653222
600160_2022,600160,2022,D,电力、热力、燃气及水生产和供应业,218,26,17,3.295836866004329,119.26605504587157,32.19247056608214,0.4815578603147808,0.7085494364514258,-0.02113355559120962,1.1272901235639294,2.8903717578961645,3,8,4,11,-0.5770784049518172,0.7540367185799391,0.689732849328203,0.5229646856736585
600160_2023,600160,2023,D,电力、热力、燃气及水生产和供应业,174,22,12,3.1354942159291497,126.43678160919542,27.574200929793026,-0.16757580942906375,-0.44238003503639717,-0.870269727492033,0.9749221483059244,2.5649493574615367,3,5,4,10,-0.8524499988490452,-0.16650345488436885,0.33062782132097185,0.28191488340740845
600161_2013,600161,2013,F,批发和零售业,193,20,11,3.044522437723423,103.62694300518135,23.27856954478219,1.3449915524824154,0.9503901814000597,0.597164157898416,1.5285398712709346,2.4849066497880004,4,5,0,11,0.6429724628013092,1.0938880624300122,-1.3760968491753232,1.4645397216792817
600161_2014,600161,2014,F,批发和零售业,276,23,11,3.1780538303479458,83.33333333333333,42.45802371220928,1.1052556818291912,0.4577100599036059,2.1689050267354704,0.4609323031231301,2.4849066497880004,9,8,1,5,1.7143414173164504,1.4603116499553195,-0.4716655255622725,0.15478380631677635
600161_2015,600161,2015,F,批发和零售业,197,18,10,2.9444389791664403,91.37055837563452,31.217839951709035,1.3453757224205092,0.9422108624944155,1.4358297199742172,1.156407929291976,2.3978952727983707,6,2,3,7,1.334406932758315,0.2340472262192662,0.9251923208063969,0.9685762382442441
600161_2016,600161,2016,F,批发和零售业,279,29,16,3.4011973816621555,103.9426523297491,41.60865611627051,1.0011841647299546,0.7520419208042123,1.398647236729219,0.7816491330909001,2.833213344056216,7,6,2,14,1.0547331162757811,0.5005269781004776,0.3612163684401957,0.9821143218718621
600161_2017,600161,2017,F,批发和零售业,233,13,7,2.6390573296152584,55.79399141630902,26.72402655685195,-1.064033457861239,-1.282127731123784,-0.6051991218023923,-1.5944402552415677,2.0794415416798357,5,3,2,3,-0.06641708011236394,-0.44201234128790107,-0.5161135203849447,-1.281398651695471
600161_2018,600161,2018,F,批发和零售业,201,17,13,2.8903717578961645,84.5771144278607,26.287527552843322,0.3084273952154088,0.7899715452163056,0.5022560467370382,-0.059704657115458366,2.6390573296152584,2,5,5,5,-0.5531002242878786,0.8775741347201537,2.1047600574593845,-0.4221562916380647
600161_2019,600161,2019,F,批发和零售业,208,15,9,2.772588722239781,72.11538461538461,23.070837669361424,-0.01235971021289007,-0.11894863868020954,0.02969847853076365,-0.2979128465118599,2.302585092994046,6,0,3,6,0.7656518766801218,-2.757203182475716,1.0529321705105734,0.0542358341945206
600161_2020,600161,2020,F,批发和零售业,178,15,8,2.772588722239781,84.26966292134831,17.6924980915359,0.012373068395046509,-0.4115338175540407,-0.6265101900376704,0.21976675946847518,2.1972245773362196,3,1,2,9,-0.44716888993115245,-1.1104652862024105,-0.03211765643892485,0.5647098095268727
600161_2021,600161,2021,F,批发和零售业,247,25,17,3.258096538021482,101.21457489878543,37.31875430231147,1.0632488356892515,1.1145184182038408,1.3130318392612765,0.980669199965844,2.8903717578961645,8,5,2,10,1.4415175718878388,0.5708632482384125,0.07984948399658855,0.9004407524621001
600161_2022,600161,2022,F,批发和零售业,242,19,14,2.995732273553991,78.51239669421487,36.655324161688014,0.20300697000380286,0.49878567165252463,1.0600077916167385,-0.2190812473048618,2.70805020110221,10,5,2,2,1.6433390178094782,0.8213155211442702,-0.2316827355881333,-1.3535657299509811
600161_2023,600161,2023,F,批发和零售业,238,22,12,3.1354942159291497,92.43697478991596,33.295346352346144,0.687717658031767,0.26974681519655613,0.6866367790609363,0.5746978971549525,2.5649493574615367,5,4,3,10,0.39255641415065734,-0.09499241781492973,0.47442569235469595,1.1070994974082637
600162_2013,600162,2013,C,制造业,208,22,13,3.1354942159291497,105.76923076923077,26.953587511858068,1.7088827482130098,1.5263468422698743,1.1396772856592463,1.7813732787159393,2.6390573296152584,8,0,2,12,2.1214613731324046,-2.273757213685551,0.47996849848453627,1.7326415345342991
600162_2014,600162,2014,C,制造业,158,9,5,2.302585092994046,56.962025316455694,12.549215633143602,-0.10018779635522532,-0.37883268940576464,-0.40325118263633963,-0.19350503361524712,1.791759469228055,1,2,2,4,-0.9624498289183568,0.04034391721770217,0.5555603226572033,0.25528430874824903
600162_2015,600162,2015,C,制造业,193,17,10,2.8903717578961645,88.08290155440415,22.278035057662702,0.1832229023671547,0.03413332917672125,-0.24342589153863053,0.28178212590555507,2.3978952727983707,3,3,2,9,-0.35393962971338144,0.0742127490614796,0.017537332315326445,0.6138623322310439
600162_2016,600162,2016,C,制造业,180,10,7,2.3978952727983707,55.55555555555555,19.539521876849705,-0.5766230876618965,-0.39750058946693023,-0.20494989225751217,-0.7526200448931458,2.0794415416798357,3,4,2,1,-0.018960638489110466,0.7216865420521558,0.2265628831211941,-1.6088422205315533
600162_2017,600162,2017,C,制造业,228,22,13,3.1354942159291497,96.49122807017544,26.786118181908588,0.40842049929865065,0.28227976388400605,-0.1274936911988713,0.3533922888584981,2.6390573296152584,3,2,4,13,-0.5697460368007496,-0.8465827488358902,0.878420813661694,0.8654350732263284
600162_2018,600162,2018,C,制造业,278,32,20,3.4965075614664802,115.10791366906476,40.230537577736264,1.0990784023846736,1.0918093242147722,1.197103287114234,1.054774964151313,3.044522437723423,4,8,3,17,-0.11896210433254525,1.305864346438631,0.43558943888419865,1.138237964059146
600162_2019,600162,2019,C,制造业,196,19,13,2.995732273553991,96.93877551020408,25.569399893662148,0.17650353208518588,0.412351653095681,-0.11779396461545594,0.3941078466051058,2.6390573296152584,5,3,3,8,0.43249843858951276,-0.33430002784170243,0.658219640170098,0.22159510442337457
600162_2020,600162,2020,C,制造业,200,14,11,2.70805020110221,70.0,26.82205891956032,-0.6802476141013961,-0.23144257889734748,-0.3699212404655725,-0.8456267850302324,2.4849066497880004,5,4,0,5,0.021771885164502274,0.05153072797957602,-2.3075170091441173,-0.38681610744705824
600162_2021,600162,2021,C,制造业,151,11,7,2.4849066497880004,72.8476821192053,15.954324303888704,-0.7424020564283619,-0.7973979283481232,-0.9686822518199645,-0.34938433421405324,2.0794415416798357,4,3,1,3,-0.010109884157140599,-0.029706044790250193,-0.7600212309371174,-0.7036636760064844
600162_2022,600162,2022,C,制造业,257,23,15,3.1780538303479458,89.49416342412451,33.97208732877219,0.15311133391986373,0.1847390527299125,0.1563864683261347,-0.264877370823678,2.772588722239781,7,4,2,10,0.6621476491351606,-0.09353427918110145,-0.36527340700567185,0.25927647928938863
600162_2023,600162,2023,C,制造业,174,15,10,2.772588722239781,86.20689655172414,17.548628281967193,-0.688556690305063,-0.5533947063425922,-1.606030636986934,-0.2883480526822967,2.3978952727983707,3,3,2,7,-0.8628058143311124,-0.4873635985093938,-0.33063513756638996,-0.10158296298825664
600163_2013,600163,2013,C,制造业,205,13,8,2.6390573296152584,63.41463414634146,20.406980885473846,0.5972032399786878,0.48772680054664636,0.4243297780793942,0.01349171375706478,2.1972245773362196,5,1,4,3,1.2925871314750352,-0.8667204443440296,1.4787027624407616,-0.044251849812158274
600163_2014,600163,2014,C,制造业,180,12,7,2.5649493574615367,66.66666666666667,18.55321874184209,0.4873289344564804,0.2974240266291557,0.2528060550170712,0.21156685717225174,2.0794415416798357,2,2,2,6,-0.13357558726098795,0.04034391721770217,0.5555603226572033,0.7625364674581319
600163_2015,600163,2015,C,制造业,130,6,5,1.9459101490553132,46.15384615384615,11.163612595486983,-1.9317259376723628,-1.3907153049429954,-1.457898497004798,-1.468337341380949,1.791759469228055,4,0,0,2,0.1022227827301504,-2.739860789621563,-2.130400602761412,-1.2011991722634392
600163_2016,600163,2016,C,制造业,154,17,11,2.8903717578961645,110.38961038961038,14.44950609650798,0.5261878272069881,0.5556297190681299,-0.7611357622523637,1.5361543126149866,2.4849066497880004,3,3,1,10,-0.018960638489110466,0.26872187546157084,-0.5661770998907929,0.9611681866509639
600163_2017,600163,2017,C,制造业,197,19,11,2.995732273553991,96.44670050761421,17.96966061588206,0.0954492200628622,-0.08008356180430164,-1.0908677421343178,0.3515337076592616,2.4849066497880004,4,2,1,12,-0.11358362435721782,-0.8465827488358902,-0.9130534333065182,0.7537128425006292
600163_2018,600163,2018,C,制造业,203,24,14,3.2188758248682006,118.22660098522167,24.94874577467162,0.47737296324317424,0.300861150645406,-0.4727376398812955,1.1849490244119951,2.70805020110221,6,2,3,13,0.5688730863930826,-0.9242361701035237,0.43558943888419865,0.7593663295357267
600163_2019,600163,2019,C,制造业,164,18,10,2.9444389791664403,109.7560975609756,19.321643809253185,0.06164159121720535,-0.15455006304289046,-0.8004860825344563,0.9291030814187501,2.3978952727983707,3,2,2,11,-0.3963758030678559,-0.9182730499825906,0.09576167111733325,0.6552931525555833
600163_2020,600163,2020,C,制造业,218,25,17,3.258096538021482,114.67889908256882,31.50264406768865,0.5514804427575334,0.7216877296377116,0.14152615676076025,1.0192712031150533,2.8903717578961645,6,6,0,13,0.3368952466762934,0.734544122632898,-2.3075170091441173,0.8905364404706425
600163_2021,600163,2021,C,制造业,238,20,13,3.044522437723423,84.03361344537815,26.50943154094758,0.5107550337940964,0.5180957058752447,0.18467399595544307,0.11751662471869964,2.6390573296152584,6,3,2,9,0.6777253065684874,-0.029706044790250193,0.03271875207486963,0.67769978035579
600163_2022,600163,2022,C,制造业,229,26,17,3.295836866004329,113.53711790393014,33.78924568602077,0.41686487594422483,0.4616126452300513,0.1364073675662233,0.7386759476140925,2.8903717578961645,5,3,3,15,0.07405201556888343,-0.5464989457716865,0.19718456204709292,0.8241494179668652
600163_2023,600163,2023,C,制造业,316,32,19,3.4965075614664802,101.26582278481013,47.00316035361669,0.9325269990408049,0.8519458607965933,1.6124651894566127,0.3402117778500285,2.995732273553991,10,6,4,12,1.2051648242268231,0.6486144627345133,0.6680991263898353,0.6303493060715363
600164_2013,600164,2013,K,房地产业,175,8,6,2.1972245773362196,45.714285714285715,15.440431335542275,-0.7081769261537948,-0.15530237878101968,-0.2540429045142463,-1.1960222119697734,1.9459101490553132,2,2,3,1,-0.74583923605959,-0.17272749822657674,1.3551979520647517,-1.345283987182916
600164_2014,600164,2014,K,房地产业,173,13,10,2.6390573296152584,75.14450867052024,18.832977394061366,-0.10196534550521312,0.45604377167499627,-0.2597951448459467,-0.16039918840975678,2.3978952727983707,4,2,2,5,0.523267251731029,-0.6892221930290671,0.09215188865400453,-0.005351739753484946
600164_2015,600164,2015,K,房地产业,220,15,8,2.772588722239781,68.18181818181817,25.148033583249415,-0.25099242861773763,-0.6069665712186482,-0.05695998517983081,-0.5314837042632722,2.1972245773362196,5,5,0,5,0.2538075390660719,0.3784354305411279,-2.045809470573367,-0.19217580150710412
600164_2016,600164,2016,K,房地产业,159,7,3,2.0794415416798357,44.0251572327044,8.999308302940202,-0.03580976269296126,-0.6901859450912986,-0.4385614689277607,-0.3522157874964743,1.3862943611198906,2,2,0,3,0.314002191088845,0.1626556496650153,-1.2848907059331562,0.33977646160234193
600164_2017,600164,2017,K,房地产业,109,5,2,1.791759469228055,45.87155963302752,4.8091870558702645,-1.2489984097071671,-2.1137523899248873,-1.1230005943405925,-0.5622921095018616,1.0986122886681098,0,1,0,4,-2.7098146096043534,-0.15950355172390226,-1.438517740672587,0.1957485376690702
600164_2018,600164,2018,K,房地产业,146,13,7,2.6390573296152584,89.04109589041096,15.261771467843639,-0.8608663156387841,-1.1369314680716829,-1.4572916525518933,-0.14082663570812992,2.0794415416798357,3,3,1,6,-0.5574368212248295,-0.24088422817583366,-0.5915190206321174,-0.5116631513931298
600164_2019,600164,2019,K,房地产业,169,10,6,2.3978952727983707,59.171597633136095,12.738419474865383,-0.47214578403763807,-0.7783175895913805,-0.7468694299047876,-0.4421361984125577,1.9459101490553132,3,3,0,4,0.2173030981463977,0.32187285170291224,-2.1161167167049633,0.0008824782460052075
600164_2020,600164,2020,K,房地产业,290,29,15,3.4011973816621555,100.0,40.88474999052905,0.7540355146834831,0.3128496939018664,1.4094538837163604,0.3089709816100122,2.772588722239781,7,5,4,13,1.1868525472606732,1.0153193878121112,0.8066212014569746,0.29937362326300265
600164_2021,600164,2021,K,房地产业,193,18,12,2.9444389791664403,93.26424870466322,23.33921628599412,0.3104615426752542,0.1948350173881177,0.10551351888728173,0.46437586533384356,2.5649493574615367,2,3,3,10,-0.7747983333448519,-0.03624854100030178,0.6903357186741658,0.5725712362943897
600164_2022,600164,2022,K,房地产业,208,18,8,2.9444389791664403,86.53846153846153,26.34089768276257,-0.09378216892226872,-0.7150182956851987,-0.2524313238149049,-0.12097456886066861,2.1972245773362196,3,7,1,7,-0.6112827723129395,0.6672698436704589,-0.6360769816456828,0.07353220924198814
600164_2023,600164,2023,K,房地产业,220,23,12,3.1780538303479458,104.54545454545453,35.56618837603333,-0.05499250818581796,-0.197957307156919,0.09827935729823294,0.03238254414408676,2.5649493574615367,8,4,3,8,0.6320285901731142,-0.28680225908047713,-0.13785432547076792,-0.2218514680247386
600165_2013,600165,2013,C,制造业,181,12,7,2.5649493574615367,66.29834254143645,18.55605122767962,0.43125200567012073,0.2108532080465065,0.22207875049015563,0.13385774995844565,2.0794415416798357,3,5,1,3,0.4637128898176665,1.3633800721981246,-0.31277148452745074,-0.044251849812158274
600165_2014,600165,2014,C,制造业,188,13,10,2.6390573296152584,69.14893617021276,17.249883060038933,0.6532801687650476,1.0460159447139519,0.11039060458199304,0.3151768273875552,2.3978952727983707,3,2,3,5,0.45452004630528925,0.04034391721770217,1.1180182917099681,0.5301450348270955
600165_2015,600165,2015,C,制造业,190,17,8,2.8903717578961645,89.47368421052632,23.87652731340524,0.1832229023671547,-0.4375849964079353,-0.06875869121798471,0.33983341702077174,2.1972245773362196,3,3,2,9,-0.35393962971338144,0.0742127490614796,0.017537332315326445,0.6138623322310439
600165_2016,600165,2016,C,制造业,210,10,7,2.3978952727983707,47.61904761904761,19.446840636940298,-0.5766230876618965,-0.39750058946693023,-0.21507716853243058,-1.0838900176903756,2.0794415416798357,2,2,2,4,-0.6070562720553876,-0.3152511466793173,0.2265628831211941,-0.22747876416927934
600165_2017,600165,2017,C,制造业,231,17,12,2.8903717578961645,73.5930735930736,26.947503755950336,-0.140486363014961,0.10807351789318845,-0.1098590944163438,-0.6023770584942744,2.5649493574615367,2,8,2,5,-1.157841670367027,1.3835177677062642,-0.12031345029453121,-0.41191747469137235
600165_2018,600165,2018,C,制造业,246,29,16,3.4011973816621555,117.88617886178862,32.598510289631605,0.8856487062125747,0.5950832246916522,0.36315189673682424,1.1707397993382709,2.833213344056216,4,6,1,18,-0.11896210433254525,0.7957149132812715,-0.9196085131805531,1.2197475559951578
600165_2019,600165,2019,C,制造业,222,11,11,2.4849066497880004,49.54954954954955,17.428533343716186,-0.9673969190642212,0.04998832740737331,-1.007346205706877,-1.5839192303482366,2.4849066497880004,3,4,2,2,-0.3963758030678559,0.11866463874888254,0.09576167111733325,-1.4346290780177458
600165_2020,600165,2020,C,制造业,258,22,14,3.1354942159291497,85.27131782945736,31.943078680766796,0.276934991181615,0.293102881756654,0.1896524335783674,-0.2082017257455166,2.70805020110221,5,4,2,11,0.021771885164502274,0.05153072797957602,-0.15957907406737853,0.6581450078396065
600165_2021,600165,2021,C,制造业,196,19,11,2.995732273553991,96.93877551020408,19.265202301687825,0.40149839472104515,0.155732380186937,-0.6069027133822492,0.6561783031746992,2.4849066497880004,2,4,3,10,-1.0543679301669495,0.42325862180033474,0.5951767211276344,0.8213856158893682
600165_2022,600165,2022,C,制造业,155,16,11,2.833213344056216,103.2258064516129,19.369963781994638,-0.6190957940929515,-0.4915176633050078,-1.4391871289116194,0.3082816367106677,2.4849066497880004,3,3,3,7,-0.7548222260884853,-0.5464989457716865,0.19718456204709292,-0.22081169731979955
600165_2023,600165,2023,C,制造业,207,21,12,3.091042453358316,101.44927536231884,31.408982733136572,0.02456213096922116,-0.16069923619483845,-0.0915101263367481,0.34786909147550116,2.5649493574615367,6,4,2,9,0.28119178883804746,-0.03439893191880881,-0.33063513756638996,0.2348193780873533
600166_2013,600166,2013,C,制造业,200,11,7,2.4849066497880004,55.0,22.07503447666024,0.2520110178278145,0.2108532080465065,0.606597943414975,-0.33773525496233947,2.0794415416798357,5,4,1,1,1.2925871314750352,0.9932809915880767,-0.31277148452745074,-1.089212965098823
600166_2014,600166,2014,C,制造业,207,20,13,3.044522437723423,96.61835748792271,21.89026348372641,1.5612450368366324,1.6129176608525233,0.6174448327876323,1.4617509284244055,2.6390573296152584,5,2,3,10,1.2833942879626579,0.04034391721770217,1.1180182917099681,1.4439312595684923
600166_2015,600166,2015,C,制造业,317,34,20,3.5553480614894135,107.25552050473186,51.79407575212992,1.6723155756674362,1.5541653538503528,2.9817909802553415,1.0820475586295208,3.044522437723423,9,7,5,13,1.519192657953797,1.4812495184030008,1.372735284380078,1.121114490940926
600166_2016,600166,2016,C,制造业,263,20,16,3.044522437723423,76.04562737642586,31.632686326841696,0.8713800493578624,1.3743972537683775,1.1164698205430725,0.10263589248069077,2.833213344056216,6,3,5,6,1.1250369646800493,0.26872187546157084,1.5817608351859456,0.2797733945406035
600166_2017,600166,2017,C,制造业,212,17,12,2.8903717578961645,80.18867924528301,27.331711507234687,-0.140486363014961,0.10807351789318845,-0.06787672508221465,-0.3270763692657023,2.5649493574615367,3,5,1,8,-0.5697460368007496,0.5604540205056309,-0.9130534333065182,0.19934559246308367
600166_2018,600166,2018,C,制造业,199,26,16,3.295836866004329,130.6532663316583,28.51184380944902,0.6497131231347515,0.5950832246916522,-0.08339802564996888,1.703638241912562,2.833213344056216,4,3,4,15,-0.11896210433254525,-0.34026314796263546,0.8718657337876591,0.9606729450368994
600166_2019,600166,2019,C,制造业,197,15,10,2.772588722239781,76.14213197969544,23.670502887842222,-0.32318559301699834,-0.15455006304289046,-0.3252863828691512,-0.4739443990096797,2.3978952727983707,4,4,2,5,0.0597866093756759,0.11866463874888254,0.09576167111733325,-0.38966796273108145
600166_2020,600166,2020,C,制造业,281,24,16,3.2188758248682006,85.40925266903915,35.857886211811966,0.4636528370480109,0.5873249558029003,0.6174233338034695,-0.2024443232554544,2.833213344056216,8,5,1,10,0.8506461268218715,0.421629808589624,-0.9523190570793655,0.5269701172943386
600166_2021,600166,2021,C,制造业,214,15,15,2.772588722239781,70.09345794392523,26.336330713918016,-0.09819073038113912,0.8319890962218572,0.1657592738341291,-0.46434569693448846,2.772588722239781,6,2,5,2,0.6777253065684874,-0.6136790669311384,1.3879167041396212,-1.137361724138693
600166_2022,600166,2022,C,制造业,242,28,12,3.367295829986474,115.70247933884298,36.02691069525034,0.5768841414916612,-0.3033605836075177,0.3809169552814568,0.8290581697927005,2.5649493574615367,5,5,2,16,0.07405201556888343,0.2765648014289465,-0.36527340700567185,0.9155446861059606
600166_2023,600166,2023,C,制造业,292,34,21,3.5553480614894135,116.43835616438355,44.29573692748629,1.0642895250195796,1.075992318227388,1.3166251137691292,0.9735135725594882,3.091042453358316,5,11,3,15,-0.033931572673743644,1.7427369180327608,0.2318228314863748,0.943378152298408
600167_2013,600167,2013,C,制造业,245,18,11,2.9444389791664403,73.46938775510205,30.29746757048185,1.2810495281092409,1.1639835165815666,1.5050629582826898,0.43317729601864247,2.4849066497880004,4,3,4,7,0.9198753022611983,0.5403163249974917,1.4787027624407616,1.000709265474506
600167_2014,600167,2014,C,制造业,209,21,14,3.091042453358316,100.47846889952153,28.379437025457218,1.665418093935681,1.775099795818217,1.326516628948707,1.6228720427160472,2.70805020110221,4,3,3,11,0.9106824587488211,0.6243169393585903,1.1180182917099681,1.5751061501137602
600167_2015,600167,2015,C,制造业,305,31,20,3.4657359027997265,101.63934426229508,42.39317266881554,1.4716455544616012,1.5541653538503528,1.9545545853655284,0.8476282691964044,3.044522437723423,10,5,2,14,1.7140310088445538,0.8972764962621126,0.017537332315326445,1.2251253993854994
600167_2016,600167,2016,C,制造业,205,15,10,2.772588722239781,73.17073170731707,22.069725329359535,0.26243428518262696,0.3510913286178661,0.0715253622855452,-0.0173623003919772,2.3978952727983707,5,1,0,9,0.8099136031682582,-1.1383148938799506,-1.9213750519555446,0.8174823511173858
600167_2017,600167,2017,C,制造业,244,29,17,3.4011973816621555,118.85245901639344,40.88771435672628,1.0034140881344469,0.8730467467307574,1.41338729528021,1.2867504391340403,2.8903717578961645,5,7,6,11,0.259128204856619,1.144427042646519,1.536270255720096,0.6330436405952924
600167_2018,600167,2018,C,制造业,289,26,19,3.295836866004329,89.96539792387544,35.12999766830392,0.6497131231347515,0.9771178666803262,0.6397674458527294,0.00532594027400247,2.995732273553991,5,5,6,10,0.2537497248812916,0.4828005992379975,1.529715175846061,0.3958000063594228
600167_2019,600167,2019,C,制造业,202,22,13,3.1354942159291497,108.91089108910892,31.427347204551477,0.4894748113209743,0.412351653095681,0.5223037604395823,0.8938241492758917,2.6390573296152584,6,3,6,7,0.7476218001013039,-0.33430002784170243,1.7523453771319604,0.04403008540112724
600167_2020,600167,2020,C,制造业,276,28,17,3.367295829986474,101.44927536231884,38.76829845700256,0.7960122624870246,0.7216877296377116,0.9354439915952854,0.46706648978452925,2.8903717578961645,7,3,3,15,0.6098675187307795,-0.40143393861100896,0.40287889498538626,1.091843055971815
600167_2021,600167,2021,C,制造业,261,31,18,3.4657359027997265,118.77394636015326,39.362425841148365,1.4539854637376683,1.2359589696607345,1.5891202934512254,1.5675786963138756,2.9444389791664403,6,7,3,15,0.6777253065684874,1.377330724551271,0.5951767211276344,1.3862585545668449
600167_2022,600167,2022,C,制造业,197,15,12,2.772588722239781,76.14213197969544,22.21743001522276,-0.7548535341517211,-0.3033605836075177,-1.128044579938496,-0.8221913845900336,2.5649493574615367,3,3,3,6,-0.7548222260884853,-0.5464989457716865,0.19718456204709292,-0.42211831282097184
600167_2023,600167,2023,C,制造业,358,37,26,3.6375861597263857,103.35195530726257,59.39228626058774,1.2484466880479483,1.5574043011777907,2.966224601688107,0.4272869839095224,3.295836866004329,14,9,6,8,1.8392007149934346,1.3726378374227133,1.3259485684482373,0.07598205603399072
600168_2013,600168,2013,F,批发和零售业,154,9,7,2.302585092994046,58.44155844155844,17.47982000836927,-0.3164412807094424,-0.0027401271350003835,-0.03646502813438938,-0.35749882924725435,2.0794415416798357,4,3,0,2,0.6429724628013092,0.2708243152293793,-1.3760968491753232,-0.6253825088940475
600168_2014,600168,2014,F,批发和零售业,133,10,6,2.3978952727983707,75.18796992481202,14.111059943513583,-0.6417665590869169,-0.8093136389780664,-0.9285668448244385,0.12094469946281537,1.9459101490553132,2,1,3,4,-0.7468865039170055,-1.5928526137874683,0.8835324265024793,-0.12007691976207009
600168_2015,600168,2015,F,批发和零售业,211,16,12,2.833213344056216,75.82938388625593,23.03388121779189,1.096306278245075,1.3349063326421693,0.5415687972467675,0.5077190485499619,2.5649493574615367,3,6,1,6,0.1904093295891553,1.9539983096040614,-0.4300056312583549,0.7672696227430719
600168_2016,600168,2016,F,批发和零售业,228,29,16,3.4011973816621555,127.19298245614036,34.39268377609224,1.0011841647299546,0.7520419208042123,0.6101581578974461,1.7521182978814267,2.833213344056216,6,4,0,19,0.7817608442212951,-0.18248641655284437,-1.786721566636543,1.4158123700040708
600168_2017,600168,2017,F,批发和零售业,264,24,15,3.2188758248682006,90.9090909090909,36.669551241052936,0.23436389623947904,0.34725929344619655,0.4815480589040353,-0.12873542046958805,2.772588722239781,10,4,2,8,1.1726793167882028,0.010952325302683936,-0.5161135203849447,-0.05887251738655928
600168_2018,600168,2018,F,批发和零售业,183,14,10,2.70805020110221,76.50273224043715,21.08081491709045,-0.09984834775399076,0.2230698290777342,-0.06668128511048271,-0.39672950343082014,2.3978952727983707,2,1,3,8,-0.5531002242878786,-1.3525263818220006,1.3120200744473975,0.18910677551639138
600168_2019,600168,2019,F,批发和零售业,202,16,8,2.833213344056216,79.20792079207921,21.505079334450066,0.12339802984587957,-0.36662050683407227,-0.14139188725311178,-0.001870268955919696,2.1972245773362196,3,2,2,9,-0.37834572648903797,-0.5271026659335611,0.49047420145780857,0.5919447907713028
600168_2020,600168,2020,F,批发和零售业,190,20,11,3.044522437723423,105.26315789473684,29.06113564176155,0.621318832570282,0.26472289848087954,0.6157404903922207,1.0960355875713776,2.4849066497880004,8,3,2,7,1.2105795933835855,0.29657148313911086,-0.03211765643892485,0.2283074684512627
600168_2021,600168,2021,F,批发和零售业,200,14,7,2.70805020110221,70.0,23.162283306253368,-0.16847922116967792,-0.7917421988662785,-0.23384531727100655,-0.3222276736114709,2.0794415416798357,2,3,2,7,-0.8043265449931762,-0.25220049896222047,0.07984948399658855,0.42035257585291197
600168_2022,600168,2022,F,批发和零售业,207,11,9,2.4849066497880004,53.14009661835749,20.53085979988286,-0.9408934811456041,-0.45434463688253446,-0.7019119403235591,-1.2781214729523471,2.302585092994046,4,3,1,3,0.03153079169507465,-0.0017482260563627598,-1.0244227186001202,-0.9198676818187724
600168_2023,600168,2023,F,批发和零售业,238,25,16,3.258096538021482,105.04201680672269,38.31089240265747,0.9622631096076852,0.9003572701993138,1.2346853439131982,1.1008325598329054,2.833213344056216,7,6,3,9,0.9806520477169345,0.5880209768383923,0.47442569235469595,0.9634136618746855
600169_2013,600169,2013,C,制造业,129,7,4,2.0794415416798357,54.263565891472865,8.408820125358242,-0.6559538502437703,-0.8939883558694719,-0.8867088844087939,-0.3684740268567802,1.6094379124341003,2,1,1,3,-0.12438274374861069,-0.8667204443440296,-0.31277148452745074,-0.044251849812158274
600169_2014,600169,2014,C,制造业,91,2,1,1.0986122886681098,21.978021978021978,4.143152908375006,-2.7962644416234403,-2.9613500225108043,-1.3217814017102043,-1.6537379127321494,0.6931471805599453,1,1,0,0,-0.9624498289183568,-0.782719829982931,-1.5923776124195355,-2.1710402629006893
600169_2015,600169,2015,C,制造业,272,32,17,3.4965075614664802,117.6470588235294,42.68520732669548,1.5405530496886615,1.191802028162044,1.9864652035779344,1.5157905402693894,2.8903717578961645,8,6,5,13,1.3038088536013563,1.2101908103053867,1.372735284380078,1.121114490940926
600169_2016,600169,2016,C,制造业,143,8,5,2.1972245773362196,55.94405594405595,10.140879628528495,-1.0259883669118186,-1.0737573055018506,-1.2319392457761669,-0.7364040322387356,1.791759469228055,1,0,2,5,-1.4359305137127565,-2.5453516632214717,0.2265628831211941,0.04738196190956711
600169_2017,600169,2017,C,制造业,228,27,15,3.332204510175204,118.42105263157895,31.76503916768818,0.8489171851831361,0.5961731542306187,0.416552853962435,1.268743529482422,2.772588722239781,4,6,3,14,-0.11358362435721782,0.873368334548905,0.4421445187582336,0.9694459816709017
600169_2018,600169,2018,C,制造业,296,36,23,3.6109179126442243,121.62162162162163,41.81776087116855,1.3552794350649313,1.4057027145613847,1.3705391282649,1.3266572420391425,3.1780538303479458,8,9,4,15,1.0826239665386608,1.5197382879694716,0.8718657337876591,0.9606729450368994
600169_2019,600169,2019,C,制造业,190,25,14,3.258096538021482,131.57894736842104,27.38163328857977,0.7640202628968925,0.5745337880613748,0.08022872350247996,1.8399891940396305,2.70805020110221,4,5,0,16,0.0597866093756759,0.48876371935893054,-2.0521762639594057,1.1803864688268875
600169_2020,600169,2020,C,制造业,161,22,12,3.1354942159291497,136.64596273291926,19.780310419717317,0.276934991181615,-0.043285499199857407,-1.139372885546166,1.9361768039287652,2.5649493574615367,3,1,1,17,-0.8071023564928664,-1.8084707079525304,-0.9523190570793655,1.269408074994062
600169_2021,600169,2021,C,制造业,208,16,11,2.833213344056216,76.92307692307693,19.481076909903912,0.03756700967763053,0.155732380186937,-0.583314101487533,-0.17927728756117084,2.4849066497880004,2,2,2,10,-1.0543679301669495,-0.6136790669311384,0.03271875207486963,0.8213856158893682
600169_2022,600169,2022,C,制造业,240,16,13,2.833213344056216,66.66666666666667,29.92386105103069,-0.6190957940929515,-0.12915433761670014,-0.28596309430538097,-1.2176974637875382,2.6390573296152584,6,4,3,3,0.3891753770806745,-0.09353427918110145,0.19718456204709292,-1.265772812606464
600169_2023,600169,2023,C,制造业,307,34,19,3.5553480614894135,110.74918566775244,46.18777129349361,1.0642895250195796,0.8519458607965933,1.5233676515785681,0.7360475017466068,2.995732273553991,6,8,5,15,0.28119178883804746,1.1587638958918727,1.0245628144983616,0.943378152298408
600170_2013,600170,2013,C,制造业,205,19,10,2.995732273553991,92.6829268292683,22.01894265774489,1.3959114689772214,0.9594451261313028,0.6004687920627305,1.2351507353897755,2.3978952727983707,6,2,0,11,1.6077104929868262,-0.04365669714339641,-1.6679694365922024,1.6119723326289621
600170_2014,600170,2014,C,制造业,192,17,11,2.8903717578961645,88.54166666666667,21.950375503397563,1.216052814685758,1.2505543351642157,0.6240132713545757,1.124629719694616,2.4849066497880004,5,2,1,9,1.2833942879626579,0.04034391721770217,-0.2371796603547836,1.3002454240349142
600170_2015,600170,2015,C,制造业,229,20,15,3.044522437723423,87.33624454148472,24.833921521512856,0.5284151245180292,0.9149284356619053,0.03585574487490628,0.2506166498123614,2.772588722239781,5,4,3,8,0.4749346119439873,0.5271774156520646,0.5799953013680912,0.45502501017768127
600170_2016,600170,2016,C,制造业,228,18,13,2.9444389791664403,78.94736842105263,28.897415894957206,0.6472614694168307,0.9179930447564375,0.8175869033811276,0.22375461177237344,2.6390573296152584,6,6,3,3,1.1250369646800493,1.4046999367054778,0.7890208521739589,-0.5638811052448887
600170_2017,600170,2017,C,制造业,251,31,20,3.4657359027997265,123.50597609561753,38.0097887523282,1.1479362890794855,1.2354100724190662,1.0989164517428365,1.4809883191410371,3.044522437723423,9,3,5,14,1.303386250866429,-0.2626097266950021,1.2348845017702204,0.9694459816709017
600170_2018,600170,2018,C,制造业,243,27,11,3.332204510175204,111.1111111111111,34.35573571164663,0.7311518032612638,-0.22368431000859557,0.5551638653234682,0.8879483591455132,2.4849066497880004,3,6,3,15,-0.5751245167760771,0.7957149132812715,0.43558943888419865,0.9606729450368994
600170_2019,600170,2019,C,制造业,234,28,16,3.367295829986474,119.65811965811966,38.93843269294413,1.0085520826263839,0.868755862107621,1.3430398440292695,1.3424136478543183,2.833213344056216,7,5,6,10,1.02059407215579,0.48876371935893054,1.7523453771319604,0.5241182620103154
600170_2020,600170,2020,C,制造业,264,29,18,3.4011973816621555,109.84848484848484,34.537908880989185,0.8719285800174114,0.8487840105764501,0.47318945088457176,0.8176496329325853,2.9444389791664403,5,6,3,15,0.021771885164502274,0.734544122632898,0.40287889498538626,1.091843055971815
600170_2021,600170,2021,C,制造业,236,22,16,3.1354942159291497,93.22033898305085,29.20477991731302,0.7144696739568335,0.9744999148871848,0.4791946313212094,0.5009707009077163,2.833213344056216,2,5,4,11,-1.0543679301669495,0.7933577024103827,1.0314530160310948,0.9525605064346361
600170_2022,600170,2022,C,制造业,268,25,17,3.258096538021482,93.28358208955224,43.211634591220026,0.33235232176216994,0.4616126452300513,1.1659915175619726,-0.10670697292876956,2.8903717578961645,6,9,3,7,0.3891753770806745,1.3135024901604206,0.19718456204709292,-0.22081169731979955
600170_2023,600170,2023,C,制造业,213,14,11,2.70805020110221,65.72769953051643,24.8991153196528,-0.8330788912501014,-0.34885631589232846,-0.8028431412368561,-1.1431500757379944,2.4849066497880004,2,3,3,6,-1.4509014478973894,-0.4873635985093938,0.2318228314863748,-0.30288957848942893
600171_2013,600171,2013,G,交通运输、仓储和邮政业,131,10,7,2.3978952727983707,76.33587786259542,13.662516372977615,-0.12824779632998784,0.12201589772562518,-0.39095872681873106,0.36122976926723027,2.0794415416798357,1,1,3,5,-1.2060317674344043,-0.6904519151659114,1.0335328020575583,0.20200439978847046
600171_2014,600171,2014,G,交通运输、仓储和邮政业,155,12,5,2.5649493574615367,77.41935483870968,13.904481283512686,0.14615844895388716,-0.6305000942212948,-0.4782376078848499,0.35254528267547885,1.791759469228055,1,2,2,7,-0.9901254453907443,-0.2957667955923122,0.45475406349141706,0.5496836324189235
600171_2015,600171,2015,G,交通运输、仓储和邮政业,109,4,4,1.6094379124341003,36.69724770642202,6.974790603496361,-1.7980318931034196,-1.1028141458738507,-1.09000104650188,-1.0977846848113564,1.6094379124341003,1,1,0,2,-1.08394115909163,-0.7514468650230048,-1.7320081899460236,-0.5280675854950239
600171_2016,600171,2016,G,交通运输、仓储和邮政业,158,9,6,2.302585092994046,56.962025316455694,10.268203823511689,-0.39792525521655553,-0.3057291775746621,-0.7619561211484237,-0.5485744750011777,1.9459101490553132,4,1,0,4,0.7041148659680563,-0.9169769622188119,-1.5692927023210599,0.15179645490723578
600171_2017,600171,2017,G,交通运输、仓储和邮政业,144,2,1,1.0986122886681098,13.888888888888888,4.039997258386525,-2.642110144053271,-3.038790830710507,-1.2015520205078782,-1.9389821635424889,0.6931471805599453,0,0,2,0,-2.26733793253617,-2.1282241067253747,0.38470615722563967,-1.925668287214325
600171_2018,600171,2018,G,交通运输、仓储和邮政业,254,20,16,3.044522437723423,78.74015748031496,31.935522115186185,-0.4111784185813519,0.17165167001472192,-0.5577349630523178,-0.9765823430194011,2.833213344056216,7,5,4,4,0.5042440310577477,0.10912691271463582,0.5278681603056367,-1.1983968413039146
600171_2019,600171,2019,G,交通运输、仓储和邮政业,119,10,5,2.3978952727983707,84.03361344537815,8.88274457040014,0.09972910556468939,-0.46699875593049767,-0.8384980929765634,0.8430891015753311,1.791759469228055,1,1,0,8,-0.9185790555211861,-0.846807847463128,-1.605536894068537,1.0390440884433862
600171_2020,600171,2020,G,交通运输、仓储和邮政业,230,24,10,3.2188758248682006,104.34782608695652,33.97006476605558,0.5436062866109223,-0.45971355964843214,0.5719841757229198,0.6747327979387614,2.3978952727983707,7,7,1,9,0.6871362022866546,0.9560245269487121,-0.9207156895456878,0.43751734504209405
600171_2021,600171,2021,G,交通运输、仓储和邮政业,184,13,10,2.6390573296152584,70.65217391304347,18.93081412293402,-0.5234127254515224,-0.1455670242261379,-0.7069107783825571,-0.6487970421303554,2.3978952727983707,3,1,3,6,-0.2597221177655303,-1.2519549955505105,0.7277065370150271,-0.20391367929529577
600171_2022,600171,2022,G,交通运输、仓储和邮政业,199,12,9,2.5649493574615367,60.30150753768844,17.291636122171862,-0.5388951335280515,-0.326066429136619,-0.8285305510236166,-0.9513212467767861,2.302585092994046,4,4,0,4,0.11573157267265156,0.32201093703760125,-2.2165914133588007,-0.30835135408181935
600171_2023,600171,2023,G,交通运输、仓储和邮政业,219,23,14,3.1780538303479458,105.0228310502283,28.771941022811994,0.048571226707615725,-0.04886056219040539,-0.42879304157839565,0.26348931102418305,2.70805020110221,8,3,2,10,0.8580272502621559,-0.5379283942935651,-0.4112016402342827,0.09833013183410136
600172_2013,600172,2013,G,交通运输、仓储和邮政业,186,19,13,2.995732273553991,102.15053763440861,18.087956360226137,1.21049870161672,1.437509531948993,0.09260896641395606,1.438734095954895,2.6390573296152584,2,4,2,11,-0.3771575257770355,1.169549520766195,0.4710748330047936,1.246965515075135
600172_2014,600172,2014,G,交通运输、仓储和邮政业,203,9,6,2.302585092994046,44.33497536945813,17.681751380986874,-0.4413582818578185,-0.26813676853298657,-0.06549541885608139,-1.0283972646603365,1.9459101490553132,4,2,0,3,0.8830068422764337,-0.2957667955923122,-1.6931838715853218,-0.49527748286774087
600172_2015,600172,2015,G,交通运输、仓储和邮政业,197,18,13,2.9444389791664403,91.37055837563452,23.107250358931143,1.1914585542662146,1.3175210522654954,0.6727923418579168,1.184280208592332,2.6390573296152584,3,3,4,8,0.3330287161320161,0.6555899043185165,1.4146640090869405,1.1281565969460967
600172_2016,600172,2016,G,交通运输、仓储和邮政业,182,19,10,2.995732273553991,104.3956043956044,21.78301978602753,1.1542509389022508,0.7567561308567463,0.49626746996046495,1.4313039018531513,2.3978952727983707,5,2,2,10,1.0768266951818932,-0.09391321501817866,0.5786452327556789,1.340443405727479
600172_2017,600172,2017,G,交通运输、仓储和邮政业,204,12,12,2.5649493574615367,58.8235294117647,21.112901845010118,0.64148323202665,1.3612706066620028,0.664003746042776,-0.06340952344052656,2.5649493574615367,4,1,4,3,1.0227642303546542,-0.7211873373838532,1.383440421181865,0.16425394335900423
600172_2018,600172,2018,G,交通运输、仓储和邮政业,197,14,6,2.70805020110221,71.06598984771574,23.739796248130045,-1.1646463837016259,-1.914139563567198,-1.4532816800611004,-1.2969022271838593,1.9459101490553132,1,6,3,4,-2.3296957193895445,0.42204122675790984,0.09159186540217626,-1.1983968413039146
600172_2019,600172,2019,G,交通运输、仓储和邮政业,120,5,3,1.791759469228055,41.666666666666664,10.047680141233167,-1.2576010417568175,-1.4201290644655573,-0.7112056184710684,-0.9253079590922333,1.3862943611198906,1,2,1,1,-0.9185790555211861,-0.02374410026249475,-0.25033894200378526,-1.22844316115219
600172_2020,600172,2020,G,交通运输、仓储和邮政业,232,24,18,3.2188758248682006,103.44827586206897,26.71530898636069,0.5436062866109223,0.8250514202756292,-0.22074276836896772,0.6371855566442032,2.9444389791664403,6,5,1,12,0.4141639302321685,0.37205150480782395,-0.9207156895456878,0.833047273026277
600172_2021,600172,2021,G,交通运输、仓储和邮政业,268,31,19,3.4657359027997265,115.67164179104478,44.81808449964057,1.3277825725636343,1.2597735429130477,2.12179047080961,1.230316293180342,2.995732273553991,8,5,2,16,1.3980263655492076,0.9781455209916438,0.16524856796226234,1.1337493196316366
600172_2022,600172,2022,G,交通运输、仓储和邮政业,235,26,17,3.295836866004329,110.63829787234042,33.97758540180072,1.097793614772811,1.0556487272794977,0.9947426208637371,1.1497372159955759,2.8903717578961645,7,5,1,13,1.0765390354527655,0.6921100176476492,-0.8613934612940491,1.2438619199147278
600172_2023,600172,2023,G,交通运输、仓储和邮政业,292,34,18,3.5553480614894135,116.43835616438355,52.719801021373826,0.8934525739606733,0.5068205666293908,2.1879888943944623,0.7399735184722528,2.9444389791664403,9,10,2,13,1.0734110546145967,1.5155455554687254,-0.4112016402342827,0.46189645501040527
600173_2013,600173,2013,C,制造业,190,14,9,2.70805020110221,73.68421052631578,20.608856598231963,0.7517001429299988,0.735398668700509,0.44638873109184757,0.4421440020492435,2.302585092994046,2,5,1,6,-0.12438274374861069,1.3633800721981246,-0.31277148452745074,0.7994026499733339
600173_2014,600173,2014,C,制造业,197,12,7,2.5649493574615367,60.91370558375635,18.41769926623345,0.4873289344564804,0.2974240266291557,0.23799784602610055,-0.028561833769090536,2.0794415416798357,2,2,4,4,-0.13357558726098795,0.04034391721770217,1.5542945866134286,0.25528430874824903
600173_2015,600173,2015,C,制造业,155,5,5,1.791759469228055,32.25806451612903,8.843052107900814,-2.2769181598232366,-1.3907153049429954,-1.7114660711267666,-2.048347497226421,1.791759469228055,2,2,1,0,-0.9420352632796586,-0.5097602730794085,-0.7752026506966606,-2.8574233547045598
600173_2016,600173,2016,C,制造业,182,17,10,2.8903717578961645,93.4065934065934,22.522919100157846,0.5261878272069881,0.3510913286178661,0.12104583188039263,0.8272829022936419,2.3978952727983707,4,3,3,7,0.4372017739544214,0.26872187546157084,0.7890208521739589,0.48108001004177575
600173_2017,600173,2017,C,制造业,242,24,19,3.2188758248682006,99.17355371900827,33.45461819086565,0.5951383451650464,1.1207186148846202,0.6011731025990561,0.46535260589349065,2.995732273553991,7,3,5,9,0.8472238384228962,-0.2626097266950021,1.2348845017702204,0.35818291451644624
600173_2018,600173,2018,C,制造业,224,24,12,3.2188758248682006,107.14285714285714,32.57842567069586,0.47737296324317424,-0.03552723031110547,0.3609572510346563,0.7223133727468987,2.5649493574615367,7,5,0,12,0.8418453584475688,0.4828005992379975,-2.274806465245305,0.6476440988100276
600173_2019,600173,2019,C,制造业,308,33,14,3.5263605246161616,107.14285714285714,52.737008769260854,1.3647483411605787,0.5745337880613748,2.8508098335323506,0.8200263830586867,2.70805020110221,9,7,1,16,1.4767564845993226,1.0727367414998186,-0.6969783118946538,1.1803864688268875
600173_2020,600173,2020,C,制造业,208,17,12,2.8903717578961645,81.73076923076923,25.71819778326941,-0.2719718711319966,-0.043285499199857407,-0.4905401133603528,-0.35598428293032724,2.5649493574615367,5,4,2,6,0.021771885164502274,0.05153072797957602,-0.15957907406737853,-0.15442467481602185
600173_2021,600173,2021,C,制造业,240,15,10,2.772588722239781,62.5,29.625465163749215,-0.09819073038113912,-0.048806010263326725,0.5251628954446275,-0.7812967573561368,2.3978952727983707,6,3,5,1,0.6777253065684874,-0.029706044790250193,1.3879167041396212,-1.7486247912931487
600173_2022,600173,2022,C,制造业,304,38,26,3.6635616461296463,125.0,50.32931395283266,1.2403171898337537,1.4147429537651113,1.9437401256060025,1.2171368362720998,3.295836866004329,8,11,3,16,0.9029262572262526,1.6836015707704681,0.19718456204709292,0.9155446861059606
600173_2023,600173,2023,C,制造业,295,24,16,3.2188758248682006,81.35593220338983,41.66655941297143,0.31082155989930565,0.4699112188079193,1.0293349664715559,-0.49082738497413975,2.833213344056216,10,4,6,4,1.2051648242268231,-0.03439893191880881,1.3259485684482373,-0.8101417371993118
600174_2013,600174,2013,C,制造业,89,1,1,0.6931471805599453,11.235955056179774,1.7507920307398321,-3.7603062384813843,-3.0479208410934535,-1.6142314124444321,-2.1644472161948833,0.6931471805599453,0,1,0,0,-2.3702268606296255,-0.8667204443440296,-1.6679694365922024,-2.1341740803854874
600174_2014,600174,2014,C,制造业,217,20,11,3.044522437723423,92.16589861751153,23.210408897359102,1.5612450368366324,1.2505543351642157,0.7616970821100729,1.2759052213852866,2.4849066497880004,3,3,3,11,0.45452004630528925,0.6243169393585903,1.1180182917099681,1.5751061501137602
600174_2015,600174,2015,C,制造业,177,11,6,2.4849066497880004,62.14689265536723,17.11103221492683,-0.7247419657044292,-1.0283519792546874,-0.8080241355071364,-0.8007873153634808,1.9459101490553132,3,2,1,5,-0.35393962971338144,-0.5097602730794085,-0.7752026506966606,-0.15623805697677473
600174_2016,600174,2016,C,制造业,194,16,9,2.833213344056216,82.47422680412372,20.697183702559215,0.3981920252413967,0.12704487118707228,-0.07845221966113274,0.3709657391304481,2.302585092994046,1,2,3,10,-1.4359305137127565,-0.3152511466793173,0.7890208521739589,0.9611681866509639
600174_2017,600174,2017,C,制造业,177,16,10,2.833213344056216,90.3954802259887,14.29021703755446,-0.26848216498055244,-0.2846219522545654,-1.49292043038192,0.09895567282066187,2.3978952727983707,4,0,0,12,-0.11358362435721782,-3.076683265378045,-2.26825138537127,0.7537128425006292
600174_2018,600174,2018,C,制造业,158,16,10,2.833213344056216,101.26582278481013,20.551823536614027,-0.38624754690242463,-0.4282227004588593,-0.9531891995245135,0.4770058612451527,2.3978952727983707,4,4,0,8,-0.11896210433254525,0.11270151862794953,-2.274806465245305,0.093276848772482
600174_2019,600174,2019,C,制造业,184,13,8,2.6390573296152584,70.65217391304347,26.28314967239125,-0.6222046969133478,-0.6262683886275471,-0.039802547933752236,-0.7030953396937935,2.1972245773362196,4,3,4,2,0.0597866093756759,-0.33430002784170243,1.0944959350735586,-1.4346290780177458
600174_2020,600174,2020,C,制造业,219,16,7,2.833213344056216,73.0593607305936,33.66744260950817,-0.39996767309758796,-1.1845728874324077,0.3780736277913201,-0.71792901743415,2.0794415416798357,6,6,3,1,0.3368952466762934,0.734544122632898,0.40287889498538626,-2.0430402898881783
600174_2021,600174,2021,C,制造业,204,13,8,2.6390573296152584,63.725490196078425,20.647311363186798,-0.3972098342774884,-0.5205243358479833,-0.45587969813612245,-0.7301447762624472,2.1972245773362196,5,3,0,5,0.3626019450566963,-0.029706044790250193,-2.115219183001869,-0.09240060885202861
600174_2022,600174,2022,C,制造业,258,18,15,2.9444389791664403,69.76744186046511,31.945827870459503,-0.3700263499175173,0.1847390527299125,-0.06502284124996986,-1.0882710558109465,2.772588722239781,5,6,3,4,0.07405201556888343,0.5894791154722205,0.19718456204709292,-0.9293704715308546
600174_2023,600174,2023,C,制造业,215,17,10,2.8903717578961645,79.06976744186046,28.325663821276795,-0.4248031482807018,-0.5533947063425922,-0.428424290353186,-0.5862519400077287,2.3978952727983707,4,5,3,5,-0.40664340188758047,0.33570014869123915,0.2318228314863748,-0.5352810111204653
600175_2013,600175,2013,D,电力、热力、燃气及水生产和供应业,256,21,13,3.091042453358316,82.03125,36.08110050334474,0.6442237705528611,0.7190843068526912,1.3200042350941812,-0.10879139916706308,2.6390573296152584,5,7,5,4,0.47104420011916265,1.2929482188943602,1.7132399487522594,-0.47209124081693177
600175_2014,600175,2014,D,电力、热力、燃气及水生产和供应业,147,7,4,2.0794415416798357,47.61904761904761,14.1961529451837,-1.4120727131194264,-1.6876078679246633,-1.0667240834979612,-1.139248539117454,1.6094379124341003,2,2,2,1,-0.897153683507051,-0.3183622121483755,-0.2992951320011524,-1.4806630969384058
600175_2015,600175,2015,D,电力、热力、燃气及水生产和供应业,201,26,16,3.295836866004329,129.35323383084577,28.326604808136736,1.2171759555606165,1.0290640325134692,0.5699786099625497,2.0630107667375275,2.833213344056216,2,5,4,15,-1.0032659565219966,1.1679196717487232,0.6994391319550729,1.7896229482204875
600175_2016,600175,2016,D,电力、热力、燃气及水生产和供应业,168,7,3,2.0794415416798357,41.666666666666664,14.693384600432935,-1.41775806886396,-2.1956141539605847,-0.8186255525962174,-1.427148059505032,1.3862943611198906,2,1,3,1,-0.8184065610033491,-1.1539626007788684,0.8966465333745683,-1.7381212175256269
600175_2017,600175,2017,D,电力、热力、燃气及水生产和供应业,199,16,12,2.833213344056216,80.40201005025126,18.924798384523402,-0.3723044891368958,-0.02263566345997958,-1.1052429010580889,-0.40260901113731795,2.5649493574615367,5,2,2,7,-0.01538049431597698,-0.9677637979983088,0.13183600298837478,-0.06594093215776371
600175_2018,600175,2018,D,电力、热力、燃气及水生产和供应业,162,9,7,2.302585092994046,55.55555555555555,17.456789696813427,-1.2278081301826311,-0.9296770154391488,-0.715383319747756,-1.1843358291326656,2.0794415416798357,3,4,0,2,-0.2035942331697503,0.1850259785680844,-1.8863039392300334,-1.4186758123690404
600175_2019,600175,2019,D,电力、热力、燃气及水生产和供应业,168,13,8,2.6390573296152584,77.38095238095238,14.393771431477806,-0.532292973723753,-0.6261894217901213,-1.3236641682120889,-0.25435832014284265,2.1972245773362196,4,1,2,6,0.02815353822170582,-1.4845183465093403,-0.20475541831534907,0.10612856182323613
600175_2020,600175,2020,D,电力、热力、燃气及水生产和供应业,239,17,12,2.8903717578961645,71.12970711297072,26.957846089890236,-0.2029434884614744,0.10927793329064786,-0.045493211872765296,-0.7702374685026085,2.5649493574615367,4,4,3,6,-0.31913692854109615,0.06155540053990017,0.9204999657402726,-0.2463199820517117
600175_2021,600175,2021,D,电力、热力、燃气及水生产和供应业,205,11,9,2.4849066497880004,53.65853658536585,20.68880872365942,-0.44341946255538,-0.09801325571496718,-0.1547004517599585,-0.77759654410502,2.302585092994046,4,5,2,0,0.31060890913814093,0.9166090405738285,0.2635022830017041,-2.5762686859544646
600175_2022,600175,2022,D,电力、热力、燃气及水生产和供应业,245,20,16,3.044522437723423,81.63265306122449,30.276863702237726,-0.08121478560592962,0.5741866626166146,-0.2304518595246184,-0.44352869895294783,2.833213344056216,5,7,1,7,0.2517958367055515,0.5149459935201939,-1.1017413976400092,-0.08829838148079748
600175_2023,600175,2023,D,电力、热力、燃气及水生产和供应业,173,17,7,2.8903717578961645,98.26589595375724,24.57249420167093,-0.7164826717426754,-1.5836674232689474,-1.1982661306658364,-0.20093108581268584,2.0794415416798357,3,5,2,7,-0.8524499988490452,-0.16650345488436885,-0.6681064426352534,-0.1981732932017797
600176_2013,600176,2013,C,制造业,158,9,5,2.302585092994046,56.962025316455694,18.40555987930911,-0.15626472514158504,-0.4654035079884138,0.2056345654164245,-0.25584028573791046,1.791759469228055,3,2,0,4,0.4637128898176665,-0.04365669714339641,-1.6679694365922024,0.292150491263451
600176_2014,600176,2014,C,制造业,189,8,7,2.1972245773362196,42.32804232804233,13.033742297652172,-0.3361233794330485,0.2974240266291557,-0.35030696869574746,-0.8043277260725862,2.0794415416798357,2,4,0,2,-0.13357558726098795,1.0772816059491752,-1.5923776124195355,-0.514816080459569
600176_2015,600176,2015,C,制造业,186,13,11,2.6390573296152584,69.89247311827957,24.130420897696265,-0.37954974355355564,0.238671719626985,-0.041015746960249226,-0.47748665847826766,2.4849066497880004,5,4,2,2,0.4749346119439873,0.5271774156520646,0.017537332315326445,-1.2011991722634392
600176_2016,600176,2016,C,制造业,158,12,8,2.5649493574615367,75.9493670886076,17.70480095193424,-0.20253605302228958,-0.12062699696679047,-0.4054297920965178,0.09861798647188796,2.1972245773362196,2,3,2,5,-0.6070562720553876,0.26872187546157084,0.2265628831211941,0.04738196190956711
600176_2017,600176,2017,C,制造业,235,22,10,3.1354942159291497,93.61702127659574,40.717290580677165,0.40842049929865065,-0.2846219522545654,1.394765094438365,0.2334228496618303,2.3978952727983707,7,6,3,6,0.8472238384228962,0.873368334548905,0.4421445187582336,-0.17952604206033596
600176_2018,600176,2018,C,制造业,177,11,6,2.4849066497880004,62.14689265536723,22.72219121676004,-1.166216613008417,-1.4907080088902678,-0.7160331889178673,-1.155818930654344,1.9459101490553132,2,3,5,1,-1.1632201503423543,-0.34026314796263546,1.2283294218961855,-2.1742104008230942
600176_2019,600176,2019,C,制造业,175,14,7,2.70805020110221,80.0,17.1986442604329,-0.4677077939620368,-0.9031419811276868,-1.0324661788672842,-0.31291692390783865,2.0794415416798357,2,6,0,6,-0.9844714366341331,0.8016780334022046,-2.0521762639594057,-0.15727653010004503
600176_2020,600176,2020,C,制造业,288,32,21,3.4965075614664802,111.1111111111111,45.950984125682645,1.0853582761895102,1.193406055222369,1.7202958368416634,0.8703516740594169,3.091042453358316,9,6,5,12,1.0660299311743122,0.734544122632898,1.195618877997373,0.7788142097449433
600176_2021,600176,2021,C,制造业,265,27,13,3.332204510175204,101.88679245283019,38.87036349205428,1.1549663598413191,0.5180957058752447,1.535352655484447,0.8627086123606811,2.6390573296152584,5,4,4,14,0.3626019450566963,0.42325862180033474,1.0314530160310948,1.2889628475102455
600176_2022,600176,2022,C,制造业,286,21,20,3.091042453358316,73.42657342657343,34.80321972036511,-0.04173471287743701,0.82397597091836,0.24720427955656926,-0.9355388436008072,3.044522437723423,11,5,3,2,1.4910218907925297,0.2765648014289465,0.19718456204709292,-1.6994708607386726
600176_2023,600176,2023,C,制造业,263,21,10,3.091042453358316,79.84790874524715,38.76102947402539,0.02456213096922116,-0.5533947063425922,0.7118477981350566,-0.5537723091086597,2.3978952727983707,12,4,1,4,1.5466660409086033,-0.03439893191880881,-1.123375120578377,-0.8101417371993118
600177_2013,600177,2013,C,制造业,199,18,11,2.9444389791664403,90.45226130653266,18.647618957014622,1.2810495281092409,1.1639835165815666,0.23208435349836895,1.142042719503195,2.4849066497880004,0,3,4,11,-2.3702268606296255,0.5403163249974917,1.4787027624407616,1.6119723326289621
600177_2014,600177,2014,C,制造业,175,10,6,2.3978952727983707,57.14285714285714,20.441373547461158,0.11324189981687348,-0.016469363717456487,0.45912467338050905,-0.18595711018442426,1.9459101490553132,3,3,1,3,0.45452004630528925,0.6243169393585903,-0.2371796603547836,-0.08111803232736023
600177_2015,600177,2015,C,制造业,136,5,2,1.791759469228055,36.76470588235294,10.729646809607189,-2.2769181598232366,-3.020102329512975,-1.5053179252705682,-1.8602402119141423,1.0986122886681098,1,2,0,2,-1.7709095049370276,-0.5097602730794085,-2.130400602761412,-1.2011991722634392
600177_2016,600177,2016,C,制造业,253,18,12,2.9444389791664403,71.14624505928855,28.467834990865907,0.6472614694168307,0.7437867987656199,0.7706466110154419,-0.10186440663139362,2.5649493574615367,5,5,3,5,0.8099136031682582,1.0917856226622038,0.7890208521739589,0.04738196190956711
600177_2017,600177,2017,C,制造业,254,21,18,3.091042453358316,82.67716535433071,31.18588287172866,0.308878916234962,1.000143027669496,0.35326846306225274,-0.2232069178337374,2.9444389791664403,5,4,3,9,0.259128204856619,0.19035493989558291,0.4421445187582336,0.35818291451644624
600177_2018,600177,2018,C,制造业,237,28,15,3.367295829986474,118.14345991561181,40.24784166411855,0.809732388682188,0.4525724060263248,1.1989941041085879,1.1814787147886285,2.772588722239781,9,6,3,10,1.2980077708911015,0.7957149132812715,0.43558943888419865,0.3958000063594228
600177_2019,600177,2019,C,制造业,149,8,5,2.1972245773362196,53.691275167785236,16.188625795707605,-1.611608245111444,-1.5793986971626073,-1.1428308658852857,-1.4110435344045344,1.791759469228055,3,1,1,3,-0.3963758030678559,-1.7413367971832239,-0.6969783118946538,-1.0009310298855372
600177_2020,600177,2020,C,制造业,218,27,16,3.332204510175204,123.85321100917432,36.829418019536995,0.7174316770661006,0.5873249558029003,0.7235825849779204,1.402207134972401,2.833213344056216,5,8,3,11,0.021771885164502274,1.2446935557902574,0.40287889498538626,0.6581450078396065
600177_2021,600177,2021,C,制造业,258,30,17,3.4339872044851463,116.27906976744185,35.74645104351849,1.3828900671173692,1.1088626887219961,1.1940028369461677,1.4634425059878815,2.8903717578961645,5,4,4,17,0.3626019450566963,0.42325862180033474,1.0314530160310948,1.5638235735890915
600177_2022,600177,2022,C,制造业,209,13,10,2.6390573296152584,62.20095693779904,18.781833390330757,-1.0538726380480705,-0.6960560537552716,-1.5034521189773333,-1.4040962618782284,2.3978952727983707,1,2,2,8,-2.171792101312131,-1.1304719679125745,-0.36527340700567185,-0.04324667829755215
600177_2023,600177,2023,C,制造业,212,21,13,3.091042453358316,99.05660377358491,30.14849073650758,0.02456213096922116,0.013507009795979182,-0.2292440485918136,0.24799893970931433,2.6390573296152584,6,4,3,8,0.28119178883804746,-0.03439893191880881,0.2318228314863748,0.07598205603399072
600178_2013,600178,2013,F,批发和零售业,177,14,11,2.70805020110221,79.09604519774012,20.698574601216087,0.5915235873621414,0.9503901814000597,0.3152481886372573,0.5046197902512376,2.4849066497880004,5,6,0,3,1.015684292015146,1.4068023764732862,-1.3760968491753232,-0.1916844607618388
600178_2014,600178,2014,F,批发和零售业,178,13,9,2.6390573296152584,73.03370786516854,23.856626559645957,-0.10172829013874278,0.0291252120225483,0.13633092384661724,0.03102576539189397,2.302585092994046,6,3,2,2,0.9852067328184315,-0.1858158444459469,0.3210744574497145,-0.8901773089698881
600178_2015,600178,2015,F,批发和零售业,202,19,15,2.995732273553991,94.05940594059406,23.916609807579796,1.4602376632884897,1.8230059689795997,0.6380245234896346,1.2686404712141819,2.772588722239781,2,5,4,8,-0.39768630397712185,1.6410839955607872,1.3614686157098574,1.1461412572664915
600178_2016,600178,2016,F,批发和零售业,204,15,10,2.772588722239781,73.52941176470588,23.95295907323173,-0.40646982844381435,-0.2712640043462992,-0.5305902438643639,-0.4878000321159407,2.3978952727983707,3,8,0,4,-0.3622367589478647,1.010676411257837,-1.786721566636543,-0.6741098605692583
600178_2017,600178,2017,F,批发和零售业,217,20,11,3.044522437723423,92.16589861751153,23.441873971126633,-0.15606858978965402,-0.3289974225887238,-0.9638398353337225,-0.07627624589172714,2.4849066497880004,4,4,2,10,-0.4391289093262008,0.010952325302683936,-0.5161135203849447,0.2436506402003815
600178_2018,600178,2018,F,批发和零售业,243,31,17,3.4657359027997265,127.57201646090535,40.024594788000826,1.5968500473098552,1.380738528063057,2.003304967031525,1.7349032662747295,2.8903717578961645,4,12,1,14,0.49115782172193034,2.4470915949927705,-0.04317787761735419,0.9592071647242093
600178_2019,600178,2019,F,批发和零售业,238,22,14,3.1354942159291497,92.43697478991596,37.82628673429876,0.8003006941250825,0.8341816698548495,1.6420259504891943,0.5503106641516349,2.70805020110221,3,9,4,6,-0.37834572648903797,1.916871792139434,1.4892084654140338,0.0542358341945206
600178_2020,600178,2020,F,批发和零售业,236,22,15,3.1354942159291497,93.22033898305085,37.448163064462264,0.8250334727330191,0.9409796145157998,1.5321907225862554,0.593368126618579,2.772588722239781,8,5,4,5,1.2105795933835855,1.1196352303397439,0.9666166075173004,-0.20539057968094598
600178_2021,600178,2021,F,批发和零售业,258,27,18,3.332204510175204,104.65116279069768,32.38365228138706,1.2292000699978187,1.2416146991425792,0.7737733910611581,1.1241124355269456,2.9444389791664403,5,5,3,14,0.6126433302304697,0.5708632482384125,0.6423074530493533,1.3680179840829774
600178_2022,600178,2022,F,批发和零售业,222,19,12,2.995732273553991,85.58558558558559,23.366170303129646,0.20300697000380286,0.16239729069601316,-0.3920976475969496,0.0761537742410279,2.5649493574615367,4,3,3,9,0.03153079169507465,-0.0017482260563627598,0.3307752334646315,0.46149577454350194
600178_2023,600178,2023,F,批发和零售业,227,26,13,3.295836866004329,114.53744493392071,30.79017533447143,1.04677566378974,0.44395306118737377,0.4128968178915054,1.4971718872246678,2.6390573296152584,4,7,2,13,0.019844584936820443,0.8590796849360064,-0.08803227669806883,1.4706658205845677
600179_2013,600179,2013,C,制造业,214,16,11,2.833213344056216,74.76635514018692,17.798243539116037,1.031980083933807,1.1639835165815666,0.13927312733662034,0.4873127361660133,2.4849066497880004,2,2,2,10,-0.12438274374861069,-0.04365669714339641,0.47996849848453627,1.4807974420836942
600179_2014,600179,2014,C,制造业,181,7,4,2.0794415416798357,38.67403314917127,14.539095243973366,-0.5998769214574106,-0.8074175372868229,-0.18581709789170134,-0.956846129754552,1.6094379124341003,2,3,2,0,-0.13357558726098795,0.6243169393585903,0.5555603226572033,-2.1710402629006893
600179_2015,600179,2015,C,制造业,135,7,5,2.0794415416798357,51.85185185185185,13.521147375378685,-1.632706833776014,-1.3907153049429954,-1.2002907430836194,-1.2305024891162715,1.791759469228055,4,1,1,1,0.1022227827301504,-1.3328240202800417,-0.7752026506966606,-1.8124622394178949
600179_2016,600179,2016,C,制造业,212,13,12,2.6390573296152584,61.320754716981135,23.100444905115406,-0.03658481871372232,0.7437867987656199,0.18415205907822507,-0.5119805363517617,2.5649493574615367,3,5,4,1,-0.018960638489110466,1.0917856226622038,1.2252971470774194,-1.6088422205315533
600179_2017,600179,2017,C,制造业,222,18,11,2.9444389791664403,81.08108108108108,30.43824400452427,-0.019412720805118324,-0.08008356180430164,0.2715739867103307,-0.2898275018502053,2.4849066497880004,7,4,2,5,0.8472238384228962,0.19035493989558291,-0.12031345029453121,-0.41191747469137235
600179_2018,600179,2018,C,制造业,235,20,15,3.044522437723423,85.1063829787234,23.577997328855393,0.08694047721404116,0.4525724060263248,-0.6225192809962089,-0.19748942406243047,2.772588722239781,10,0,1,9,1.4928461217818583,-3.1543366866456783,-0.9196085131805531,0.2521141708258446
600179_2019,600179,2019,C,制造业,182,18,10,2.9444389791664403,98.90109890109889,19.3036854047955,0.06164159121720535,-0.15455006304289046,-0.8024483968450704,0.47601525746156326,2.3978952727983707,3,3,0,12,-0.3963758030678559,-0.33430002784170243,-2.0521762639594057,0.7759623544609202
600179_2020,600179,2020,C,制造业,169,19,12,2.995732273553991,112.42603550295858,18.609570275930846,-0.03603628805417339,-0.043285499199857407,-1.2672996255622961,0.925236639966651,2.5649493574615367,2,4,2,11,-1.3951979900591436,0.05153072797957602,-0.15957907406737853,0.6581450078396065
600179_2021,600179,2021,C,制造业,176,12,8,2.5649493574615367,68.18181818181817,16.006393273070415,-0.5631610685860557,-0.5205243358479833,-0.9629926771361467,-0.5441375722853932,2.1972245773362196,1,5,0,6,-1.8832421718243186,0.7933577024103827,-2.115219183001869,0.1399908237790078
600179_2022,600179,2022,C,制造业,155,7,5,2.0794415416798357,45.16129032258064,13.446859183709826,-2.3070297282705288,-2.1209046878749884,-2.086404588784872,-2.1153322287864835,1.791759469228055,0,2,2,3,-3.5887619765357774,-1.1304719679125745,-0.36527340700567185,-1.265772812606464
600179_2023,600179,2023,C,制造业,206,12,9,2.5649493574615367,58.25242718446602,22.9804878811949,-1.1535270285099795,-0.7774411637733861,-1.0124915032667001,-1.4551680673457228,2.302585092994046,2,1,4,5,-1.4509014478973894,-1.8944003678509151,0.6680991263898353,-0.5352810111204653
600180_2013,600180,2013,K,房地产业,115,8,5,2.1972245773362196,69.56521739130434,9.996222891683187,-0.7081769261537948,-0.5176657044693278,-0.8489313961129492,-0.20048392850262067,1.791759469228055,2,2,1,3,-0.74583923605959,-0.17272749822657674,1.1050523368334354e-17,-0.3003228718962515
600180_2014,600180,2014,K,房地产业,177,14,6,2.70805020110221,79.09604519774012,17.89355171723245,0.052531557446097735,-0.6064415367564123,-0.36244616007079805,0.004538011723046515,1.9459101490553132,3,2,2,7,0.06710483928749714,-0.6892221930290671,0.09215188865400453,0.42834630837872373
600180_2015,600180,2015,K,房地产业,241,19,13,2.995732273553991,78.83817427385893,30.128107031830606,0.24869669648444662,0.43165347050457986,0.487212489556865,-0.08668722437955263,2.6390573296152584,7,6,0,6,0.8419031726323492,0.6913497445844019,-2.045809470573367,0.04021563112393231
600180_2016,600180,2016,K,房地产业,169,9,5,2.302585092994046,53.25443786982249,12.590579645191385,0.463879362409224,0.262944363443761,-0.046143358242953944,0.03301453924863524,1.791759469228055,3,1,1,4,0.9020978246551221,-0.6604080975356179,0.07030724613159561,0.6761788026779513
600180_2017,600180,2017,K,房地产业,219,17,13,2.8903717578961645,77.6255707762557,20.524872416947268,1.211142652483224,1.507384984903381,0.5942518685838225,0.7631208418582742,2.6390573296152584,6,1,2,8,1.2681227440120986,-0.15950355172390226,0.7094201944041516,1.0818723309023728
600180_2018,600180,2018,K,房地产业,226,21,11,3.091042453358316,92.9203539823009,32.0536115479094,0.1512716095318493,-0.1838011595366228,0.3775522038887206,0.02109366133617049,2.4849066497880004,5,6,2,8,0.27143742043253916,0.8950938330680733,0.20122096237986964,-0.13279151686971014
600180_2019,600180,2019,K,房地产业,221,17,11,2.8903717578961645,76.92307692307693,28.051874330352344,0.6306651308312464,0.4887061092902918,0.9264313178689434,0.2988108413350926,2.4849066497880004,4,7,3,3,0.6734655105899295,1.7289096210444332,0.5942791874245404,-0.3355198628296041
600180_2020,600180,2020,K,房地产业,291,29,22,3.4011973816621555,99.65635738831615,38.261454829688034,0.7540355146834831,1.1659347516596414,1.1228065010263817,0.294627333303328,3.1354942159291497,8,4,5,12,1.427631155351765,0.645220307202063,1.1630848895655008,0.1876513925373035
600180_2021,600180,2021,K,房地产业,141,9,6,2.302585092994046,63.82978723404255,11.791270607181449,-1.126852710575572,-1.2603457611910447,-1.1563301553169085,-0.7642190442510318,1.9459101490553132,2,2,1,4,-0.7747983333448519,-0.6202215631411899,-0.664862233390586,-0.6160757145258536
600180_2022,600180,2022,K,房地产业,313,32,17,3.4965075614664802,102.23642172523961,48.707397895097714,1.1424743361893954,0.9143687288847807,2.1915554762618688,0.5342585494891233,2.8903717578961645,4,11,5,12,-0.1551203598694077,1.4903335908710924,1.5118609534310559,0.805464478301781
600180_2023,600180,2023,K,房地产业,258,19,9,2.995732273553991,73.64341085271319,34.09131118902923,-0.46326825115521847,-0.8146992347354667,-0.06288042820922272,-1.25746927171354,2.302585092994046,4,6,3,6,-0.5695574806980918,0.39621113557284493,-0.13785432547076792,-0.6007231025481582
600181_2013,600181,2013,C,制造业,105,2,1,1.0986122886681098,19.04761904761905,4.0972827587947,-2.8523413704098,-3.0479208410934535,-1.3578304417326224,-1.8383882317337898,0.6931471805599453,0,0,2,0,-2.3702268606296255,-2.273757213685551,0.47996849848453627,-2.1341740803854874
600181_2014,600181,2014,C,制造业,107,2,1,1.0986122886681098,18.69158878504673,4.0462866613694715,-2.7962644416234403,-2.9613500225108043,-1.3323659735836324,-1.7909136886711894,0.6931471805599453,0,1,0,1,-2.379419704142003,-0.782719829982931,-1.5923776124195355,-1.1260791476140248
600181_2015,600181,2015,C,制造业,154,10,8,2.3978952727983707,64.93506493506493,13.000822250102868,-0.91958801250173,-0.4375849964079353,-1.257146653746883,-0.6844089582020506,2.1972245773362196,5,1,1,3,0.4749346119439873,-1.3328240202800417,-0.7752026506966606,-0.7675011241312305
600181_2016,600181,2016,C,制造业,136,6,4,1.9459101490553132,44.11764705882353,11.888712979164406,-1.5887610128325294,-1.5023421533829087,-1.0409535485443626,-1.2300385351009178,1.6094379124341003,2,2,2,0,-0.6070562720553876,-0.3152511466793173,0.2265628831211941,-2.6538033358182176
600181_2017,600181,2017,C,制造业,152,14,9,2.70805020110221,92.10526315789473,14.491430042122506,-0.5487621059843605,-0.5086684096853592,-1.470933891473303,0.17032204073371288,2.302585092994046,3,0,2,9,-0.5697460368007496,-3.076683265378045,-0.12031345029453121,0.35818291451644624
600181_2018,600181,2018,C,制造业,203,9,5,2.302585092994046,44.33497536945813,18.57348727027382,-1.5744923559778166,-1.853071334578576,-1.1693619433667581,-1.8992886533553155,1.791759469228055,4,3,0,2,-0.11896210433254525,-0.34026314796263546,-2.274806465245305,-1.5629473336686384
600181_2019,600181,2019,C,制造业,170,12,8,2.5649493574615367,70.58823529411765,17.56690513497044,-0.788155931221915,-0.6262683886275471,-0.992226324271789,-0.7057641387073768,2.1972245773362196,1,7,0,4,-1.813345678291502,1.0727367414998186,-2.0521762639594057,-0.6645286888099279
600181_2020,600181,2020,C,制造业,178,16,11,2.833213344056216,89.8876404494382,17.795489553757744,-0.39996767309758796,-0.23144257889734748,-1.3562542013922134,-0.015516343083736416,2.4849066497880004,3,4,1,8,-0.8071023564928664,0.05153072797957602,-0.9523190570793655,0.22444695970739778
600181_2021,600181,2021,C,制造业,165,6,5,1.9459101490553132,36.36363636363636,11.205606704614812,-1.9493860283962956,-1.4736546443830434,-1.4875744799172796,-1.8722290086815594,1.791759469228055,2,2,0,2,-1.0543679301669495,-0.6136790669311384,-2.115219183001869,-1.137361724138693
600181_2022,600181,2022,C,制造业,178,17,12,2.8903717578961645,95.50561797752809,21.11698031350037,-0.49109999212736,-0.3033605836075177,-1.2482906854814046,-0.013959158140076876,2.5649493574615367,3,2,3,9,-0.7548222260884853,-1.1304719679125745,0.19718456204709292,0.11559064375581043
600181_2023,600181,2023,C,制造业,150,16,9,2.833213344056216,106.66666666666667,13.425158910661178,-0.5527989502462932,-0.7774411637733861,-2.0566020101709652,0.5656430909839409,2.302585092994046,2,1,2,11,-1.4509014478973894,-1.8944003678509151,-0.33063513756638996,0.5096801041661994
600182_2013,600182,2013,C,制造业,128,2,1,1.0986122886681098,15.625,4.295015257684252,-2.8523413704098,-3.0479208410934535,-1.3362242175739698,-1.9812484075025953,0.6931471805599453,1,0,0,1,-0.9532569854059796,-2.273757213685551,-1.6679694365922024,-1.089212965098823
600182_2014,600182,2014,C,制造业,176,7,6,2.0794415416798357,39.77272727272727,13.03202420561545,-0.5998769214574106,-0.016469363717456487,-0.3504947045605096,-0.91098661882927,1.9459101490553132,5,2,0,0,1.2833942879626579,0.04034391721770217,-1.5923776124195355,-2.1710402629006893
600182_2015,600182,2015,C,制造业,177,13,7,2.6390573296152584,73.44632768361582,20.95151689283995,-0.37954974355355564,-0.7144585889080751,-0.3883744911903949,-0.329148710025052,2.0794415416798357,5,1,3,4,0.4749346119439873,-1.3328240202800417,0.5799953013680912,-0.4310987830556212
600182_2016,600182,2016,C,制造业,202,14,8,2.70805020110221,69.30693069306932,22.856639382129373,0.1179120842375885,-0.12062699696679047,0.1575114369734282,-0.17863741875933126,2.1972245773362196,3,2,3,6,-0.018960638489110466,-0.3152511466793173,0.7890208521739589,0.2797733945406035
600182_2017,600182,2017,C,制造业,203,19,14,2.995732273553991,93.59605911330048,23.299202464405724,0.0954492200628622,0.4444618988496999,-0.5085088659313649,0.23254788861849207,2.70805020110221,3,7,2,7,-0.5697460368007496,1.144427042646519,-0.12031345029453121,0.021780573440836337
600182_2018,600182,2018,C,制造业,157,17,9,2.8903717578961645,108.28025477707007,17.358555079011463,-0.2582517449368333,-0.6522691578896531,-1.3021175470707291,0.7697883688484128,2.302585092994046,4,1,3,9,-0.11896210433254525,-1.7472999173041568,0.43558943888419865,0.2521141708258446
600182_2019,600182,2019,C,制造业,219,13,11,2.6390573296152584,59.3607305936073,22.42531997350813,-0.6222046969133478,0.04998832740737331,-0.46134748216600546,-1.1744003709739497,2.4849066497880004,3,5,2,3,-0.3963758030678559,0.48876371935893054,0.09576167111733325,-1.0009310298855372
600182_2020,600182,2020,C,制造业,265,32,20,3.4965075614664802,120.75471698113208,40.57392461747952,1.0853582761895102,1.0840510553260203,1.1327447074062136,1.2728759428922778,3.044522437723423,6,7,5,14,0.3368952466762934,1.005602830730512,1.195618877997373,0.9945473489152158
600182_2021,600182,2021,C,制造业,202,12,9,2.5649493574615367,59.4059405940594,22.85496651989668,-0.5631610685860557,-0.2728524676941206,-0.21464928609585332,-0.9104428482362451,2.302585092994046,3,6,1,2,-0.46627229660067243,1.1062720164536568,-0.7600212309371174,-1.137361724138693
600182_2022,600182,2022,C,制造业,258,23,16,3.1780538303479458,89.14728682170544,38.899127464050935,0.15311133391986373,0.32724987139524,0.6947639945261778,-0.2793560059572456,2.833213344056216,6,7,2,8,0.3891753770806745,0.8605378235698347,-0.36527340700567185,-0.04324667829755215
600182_2023,600182,2023,C,制造业,228,16,10,2.833213344056216,70.17543859649122,24.4150419342875,-0.5527989502462932,-0.5533947063425922,-0.855737825379206,-0.9575013734142694,2.3978952727983707,2,4,4,6,-1.4509014478973894,-0.03439893191880881,0.6680991263898353,-0.30288957848942893
600183_2013,600183,2013,C,制造业,219,15,11,2.772588722239781,68.4931506849315,23.163895010582326,0.8962223438750372,1.1639835165815666,0.7255777009437141,0.2254690782412794,2.4849066497880004,8,1,2,4,2.1214613731324046,-0.8667204443440296,0.47996849848453627,0.292150491263451
600183_2014,600183,2014,C,制造业,168,7,5,2.0794415416798357,41.666666666666664,13.491509534245294,-0.5998769214574106,-0.37883268940576464,-0.3002867566321629,-0.8319335571390221,1.791759469228055,2,3,1,1,-0.13357558726098795,0.6243169393585903,-0.2371796603547836,-1.1260791476140248
600183_2015,600183,2015,C,制造业,187,14,8,2.70805020110221,74.8663101604278,16.637572764379854,-0.22505284060224484,-0.4375849964079353,-0.8597590353136897,-0.26987861791033,2.1972245773362196,4,1,3,6,0.1022227827301504,-1.3328240202800417,0.5799953013680912,0.07615337565426167
600183_2016,600183,2016,C,制造业,227,18,11,2.9444389791664403,79.29515418502203,24.497417402274866,0.6472614694168307,0.5556297190681299,0.336799201488332,0.23827119532411864,2.4849066497880004,8,2,2,6,1.6387878448256274,-0.3152511466793173,0.2265628831211941,0.2797733945406035
600183_2017,600183,2017,C,制造业,259,17,9,2.8903717578961645,65.63706563706563,35.31139407288296,-0.140486363014961,-0.5086684096853592,0.8040629469319007,-0.9344609624285984,2.302585092994046,4,6,5,2,-0.11358362435721782,0.873368334548905,1.2348845017702204,-1.4568785899780368
600183_2018,600183,2018,C,制造业,211,18,13,2.9444389791664403,85.30805687203792,28.93254495527684,-0.1371781027269906,0.13867901567971214,-0.037428024200510106,-0.1890715524132517,2.6390573296152584,9,4,0,5,1.2980077708911015,0.11270151862794953,-2.274806465245305,-0.5179862183819741
600183_2019,600183,2019,C,制造业,222,18,15,2.9444389791664403,81.08108108108108,26.263562012225243,0.06164159121720535,0.7262450434422936,-0.04194289096621776,-0.26779258166735115,2.772588722239781,9,3,1,5,1.4767564845993226,-0.33430002784170243,-0.6969783118946538,-0.38966796273108145
600183_2020,600183,2020,C,制造业,262,23,14,3.1780538303479458,87.78625954198472,32.7702501565148,0.37223945491522714,0.293102881756654,0.2800374356545184,-0.10322801698587644,2.70805020110221,7,3,3,10,0.6098675187307795,-0.40143393861100896,0.40287889498538626,0.5269701172943386
600183_2021,600183,2021,C,制造业,191,14,9,2.70805020110221,73.29842931937172,21.93260520971811,-0.2427129313261776,-0.2728524676941206,-0.3154356784941927,-0.33057013860912104,2.302585092994046,2,4,3,5,-1.0543679301669495,0.42325862180033474,0.5951767211276344,-0.09240060885202861
600183_2022,600183,2022,C,制造业,202,23,14,3.1780538303479458,113.86138613861387,28.30622547273156,0.15311133391986373,0.03302779734899367,-0.46272208490138356,0.7522109091037108,2.70805020110221,3,2,6,12,-0.7548222260884853,-1.1304719679125745,1.2913102990089553,0.5111205717399934
600183_2023,600183,2023,C,制造业,290,34,19,3.5553480614894135,117.24137931034483,39.79354632702068,1.0642895250195796,0.8519458607965933,0.8246708833571961,1.0070317719799735,2.995732273553991,5,3,8,18,-0.033931572673743644,-0.4873635985093938,1.8173027975103488,1.2024527632566666
600184_2013,600184,2013,K,房地产业,189,11,6,2.4849066497880004,58.201058201058196,23.117039085813637,-0.06396560010657204,-0.15530237878101968,0.5847797916124936,-0.6748241214354657,1.9459101490553132,5,2,1,3,0.6711306391640559,-0.17272749822657674,1.1050523368334354e-17,-0.3003228718962515
600184_2014,600184,2014,K,房地产业,104,6,3,1.9459101490553132,57.69230769230769,6.5383850522851406,-1.6541415396240202,-1.92193517097978,-1.603224877274746,-0.888854346466093,1.3862943611198906,0,2,0,4,-2.766834911159795,-0.6892221930290671,-2.0557860464227344,-0.2802124658323314
600184_2015,600184,2015,K,房地产业,183,16,7,2.833213344056216,87.43169398907104,22.243921293672148,-0.11523468855896798,-0.883840163718788,-0.37429224701278563,0.2720064309490847,2.0794415416798357,2,5,2,7,-1.163162336157574,0.3784354305411279,0.10212846450337146,0.24152224662510458
600184_2016,600184,2016,K,房地产业,126,6,3,1.9459101490553132,47.61904761904761,6.750630690082944,-0.33482886658931005,-0.6901859450912986,-0.6842744035075026,-0.20220674321093654,1.3862943611198906,0,1,1,4,-1.9318419257921702,-0.6604080975356179,0.07030724613159561,0.6761788026779513
600184_2017,600184,2017,K,房地产业,127,5,4,1.791759469228055,39.37007874015748,9.378277129645836,-1.2489984097071671,-0.9129502132359654,-0.6237362605083907,-0.8336640297157303,1.6094379124341003,3,0,2,0,0.12412514084293884,-1.5665403210654236,0.7094201944041516,-2.2305760339798684
600184_2018,600184,2018,K,房地产业,176,9,7,2.302585092994046,51.13636363636364,17.194865188764812,-1.614334280759057,-1.1369314680716829,-1.2460625602758877,-1.7229707881663807,2.0794415416798357,3,0,3,3,-0.5574368212248295,-3.0549577668588763,0.7636789314326344,-1.355317651178622
600184_2019,600184,2019,K,房地产业,163,8,6,2.1972245773362196,49.079754601226995,15.391127168366465,-0.9215110632875602,-0.7783175895913805,-0.4570081406627958,-0.8633698938110171,1.9459101490553132,4,1,2,1,0.6734655105899295,-1.0851639176386092,0.03182121837177564,-1.3804809781162686
600184_2020,600184,2020,K,房地产业,185,17,8,2.8903717578961645,91.8918918918919,17.793157487190847,-0.38986493646592485,-1.0396637381679743,-1.1137637290144011,-0.029461585193643704,2.1972245773362196,1,3,3,10,-1.6470872031866188,0.19225564061147812,0.3703449065535141,-0.06419269991330126
600184_2021,600184,2021,K,房地产业,226,13,12,2.6390573296152584,57.52212389380531,21.68218196304339,-0.3733847454552988,0.1948350173881177,-0.07555057134227876,-1.0275010166059755,2.5649493574615367,3,6,2,2,-0.18670269977857484,1.0997295202436053,0.127877749621401,-1.3861761037336715
600184_2022,600184,2022,K,房地产业,204,14,9,2.70805020110221,68.62745098039217,21.86516088840907,-0.623131554101511,-0.46734642753133593,-0.7414949476350151,-0.8685804463838277,2.302585092994046,3,6,2,3,-0.6112827723129395,0.39621113557284493,0.15666300136630423,-0.9714289060446762
600184_2023,600184,2023,K,房地产业,162,20,12,3.044522437723423,123.45679012345678,21.241850625665766,-0.35401161208216725,-0.197957307156919,-1.4669405943879295,0.8217420045770818,2.5649493574615367,6,3,1,10,0.11827771002753615,-0.7397669256710622,-1.4930522775355197,0.08067168956220222
600185_2013,600185,2013,C,制造业,164,8,6,2.1972245773362196,48.78048780487805,15.604441418885427,-0.3922003082194082,-0.1030401823001056,-0.10044356382756582,-0.5973377970592905,1.9459101490553132,4,3,1,0,0.9198753022611983,0.5403163249974917,-0.31277148452745074,-2.1341740803854874
600185_2014,600185,2014,C,制造业,119,3,3,1.3862943611198906,25.210084033613445,5.1784762115219065,-2.1520531155762175,-1.3319629979408243,-1.208651655765086,-1.5188315889685717,1.3862943611198906,1,1,1,0,-0.9624498289183568,-0.782719829982931,-0.2371796603547836,-2.1710402629006893
600185_2015,600185,2015,C,制造业,180,14,7,2.70805020110221,77.77777777777779,17.32857544671241,-0.22505284060224484,-0.7144585889080751,-0.7842531931655723,-0.14835391131198739,2.0794415416798357,2,4,1,7,-0.9420352632796586,0.5271774156520646,-0.7752026506966606,0.2774599911554339
600185_2016,600185,2016,C,制造业,176,7,3,2.0794415416798357,39.77272727272727,14.832309329499113,-1.2897419089361806,-2.02688761403691,-0.7193068645895511,-1.4113955589785456,1.3862943611198906,4,1,1,1,0.4372017739544214,-1.1383148938799506,-0.5661770998907929,-1.6088422205315533
600185_2017,600185,2017,C,制造业,204,14,9,2.70805020110221,68.62745098039217,22.04648149057709,-0.5487621059843605,-0.5086684096853592,-0.6453936487606432,-0.8096422286401344,2.302585092994046,6,3,2,3,0.5742515663684101,-0.2626097266950021,-0.12031345029453121,-1.0231805418458282
600185_2018,600185,2018,C,制造业,238,20,15,3.044522437723423,84.03361344537815,26.56970597112044,0.08694047721404116,0.4525724060263248,-0.295615368360875,-0.24226684216268174,2.772588722239781,1,8,2,9,-1.9920943919997232,1.305864346438631,-0.1268685301685661,0.2521141708258446
600185_2019,600185,2019,C,制造业,156,13,8,2.6390573296152584,83.33333333333333,20.378576074707663,-0.6222046969133478,-0.6262683886275471,-0.6849951259331465,-0.17378353533300236,2.1972245773362196,3,3,4,3,-0.3963758030678559,-0.33430002784170243,1.0944959350735586,-1.0009310298855372
600185_2020,600185,2020,C,制造业,150,7,3,2.0794415416798357,46.66666666666667,15.108663477132527,-2.0879016072751653,-2.8139599120023875,-1.6498436053237515,-1.8195605050540875,1.3862943611198906,2,2,0,3,-1.3951979900591436,-0.9854069607518972,-2.3075170091441173,-0.998079174601514
600185_2021,600185,2021,C,制造业,158,9,7,2.302585092994046,56.962025316455694,11.410971346039474,-1.1506777993977615,-0.7973979283481232,-1.465134291775213,-1.01245191242509,2.0794415416798357,1,1,4,3,-1.8832421718243186,-1.4367428141317715,1.0314530160310948,-0.7036636760064844
600185_2022,600185,2022,C,制造业,153,12,9,2.5649493574615367,78.43137254901961,15.556365923458038,-1.2198238723566377,-0.9201025111860655,-1.855898851290264,-0.7266384452881154,2.302585092994046,3,2,3,4,-0.7548222260884853,-1.1304719679125745,0.19718456204709292,-0.9293704715308546
600185_2023,600185,2023,C,制造业,160,14,7,2.70805020110221,87.5,17.68581725822463,-0.8330788912501014,-1.3019866244273886,-1.5910400017106867,-0.23437389332136893,2.0794415416798357,7,1,0,6,0.5541640608925336,-1.8944003678509151,-2.4785730726431288,-0.30288957848942893
600186_2013,600186,2013,E,建筑业,175,19,11,2.995732273553991,108.57142857142857,15.062967218544966,0.7541497832856282,0.9191837371315624,-0.6173911397743022,1.2363131257018567,2.4849066497880004,7,0,0,12,1.2007504970472695,-2.3692980449171004,-1.3729119531385379,1.177094194820769
600186_2014,600186,2014,E,建筑业,178,6,4,1.9459101490553132,33.70786516853933,11.813213596301125,-0.42058883029163885,-0.3169568895561855,-0.3146623410422434,-1.061574698531412,1.6094379124341003,3,2,0,1,0.08210352924340075,0.5982825234935191,-0.8516819715751721,-0.8852792838609399
600186_2015,600186,2015,E,建筑业,110,3,2,1.3862943611198906,27.27272727272727,5.8912524609968955,-1.5609533443656038,-1.2633556828234414,-0.8183560829057726,-1.2809308172488085,1.0986122886681098,0,0,1,2,-1.781005786135425,-1.8951459426142383,-0.06898771714014673,-0.5288199370820413
600186_2016,600186,2016,E,建筑业,160,11,8,2.4849066497880004,68.75,13.980335718708767,-1.011055565849189,-0.7276340623435483,-1.4555969313528065,-0.6560881877066437,2.1972245773362196,3,2,0,6,-0.7911668774879703,-0.9537710319603877,-1.7979036568361477,-0.05025808536571907
600186_2017,600186,2017,E,建筑业,160,9,6,2.302585092994046,56.25,11.807960381346655,-0.262001504863761,-0.13644787591086593,-0.5046314298371877,-0.6212240799965003,1.9459101490553132,4,0,1,4,0.5286042745571634,-2.0831439778506224,0.025551996545657,-0.06710375122132994
600186_2018,600186,2018,E,建筑业,170,6,4,1.9459101490553132,35.294117647058826,12.10477333448787,-1.8318208643461256,-1.6575812574524305,-1.3639749202835196,-2.041092841466193,1.6094379124341003,1,2,0,3,-1.4502833043228098,-0.5556800772853495,-1.9076191716096402,-0.83201918505142
600186_2019,600186,2019,E,建筑业,134,10,6,2.3978952727983707,74.62686567164178,14.169257524593178,-1.591716237464801,-1.6550516644274065,-1.962804278627178,-0.8139388382313284,1.9459101490553132,0,1,4,5,-3.550675372319504,-1.9945818838610057,0.518367423030382,-0.5966359634767077
600186_2020,600186,2020,E,建筑业,152,13,10,2.6390573296152584,85.52631578947368,18.92872460930145,-0.8074403283557527,-0.5249359681069572,-1.203605513729635,-0.09937390797475096,2.3978952727983707,4,4,0,5,0.15766204582496643,-0.3543784722524352,-2.2820070720719885,-0.42820968413299715
600186_2021,600186,2021,E,建筑业,204,13,8,2.6390573296152584,63.725490196078425,20.138142899437547,-1.068569517108034,-1.139256315345234,-1.065143451305753,-1.2808353269810333,2.1972245773362196,3,1,1,8,-0.8811201395578019,-1.557944203327478,-1.4438023374045528,-0.16555648021128594
600186_2022,600186,2022,E,建筑业,186,7,3,2.0794415416798357,37.634408602150536,15.25218397409106,-1.6372253854447656,-2.075177362752447,-0.8595776460093641,-2.038421266671171,1.3862943611198906,2,4,0,1,-0.53665163853376,0.3963337592764287,-1.8801988879089846,-2.0578672373458455
600186_2023,600186,2023,E,建筑业,165,10,5,2.3978952727983707,60.60606060606061,13.469700582281266,-1.7582033175986003,-2.1385761893076847,-2.0210079425034797,-1.7199413233279492,1.791759469228055,1,2,2,5,-2.038929424032258,-0.7854445003760419,-0.6278788348579601,-1.002209575767281
600187_2013,600187,2013,C,制造业,168,7,5,2.0794415416798357,41.666666666666664,13.545847459142955,-0.6559538502437703,-0.4654035079884138,-0.3253860633945603,-0.8942688092616855,1.791759469228055,3,4,0,0,0.4637128898176665,0.9932809915880767,-1.6679694365922024,-2.1341740803854874
600187_2014,600187,2014,C,制造业,216,14,10,2.70805020110221,64.81481481481481,27.450196491940154,0.8077770717163585,1.0460159447139519,1.2249785440247405,0.13427053018623106,2.3978952727983707,6,3,4,1,1.598517649474449,0.6243169393585903,1.5542945866134286,-1.1260791476140248
600187_2015,600187,2015,C,制造业,263,23,14,3.1780538303479458,87.45247148288973,34.293965648688314,0.8274342284143784,0.7632171802809864,1.0695544798343346,0.25546796427277213,2.70805020110221,4,4,4,11,0.1022227827301504,0.5271774156520646,1.0162715962715516,0.88872305830989
600187_2016,600187,2016,C,制造业,164,14,8,2.70805020110221,85.3658536585366,16.86206484261185,0.1179120842375885,-0.12062699696679047,-0.49751554121144104,0.4916622919549858,2.1972245773362196,3,3,0,8,-0.018960638489110466,0.26872187546157084,-1.9213750519555446,0.6586450290640231
600187_2017,600187,2017,C,制造业,190,13,8,2.6390573296152584,68.42105263157895,20.274106429786745,-0.7032590089356714,-0.756340277839222,-0.8390610179169476,-0.8182572991401248,2.1972245773362196,4,5,0,4,-0.11358362435721782,0.5604540205056309,-2.26825138537127,-0.6867782007702188
600187_2018,600187,2018,C,制造业,203,20,13,3.044522437723423,98.52216748768474,27.965022747016516,0.08694047721404116,0.13867901567971214,-0.14314914656301886,0.3624856436740463,2.6390573296152584,3,3,3,11,-0.5751245167760771,-0.34026314796263546,0.43558943888419865,0.5269748969046907
600187_2019,600187,2019,C,制造业,204,18,12,2.9444389791664403,88.23529411764706,23.52849533838012,0.06164159121720535,0.23814540710486337,-0.34080354349337866,0.030824389041757296,2.5649493574615367,3,3,2,10,-0.3963758030678559,-0.33430002784170243,0.09576167111733325,0.5241182620103154
600187_2020,600187,2020,C,制造业,171,16,7,2.833213344056216,93.56725146198829,22.430736866028052,-0.39996767309758796,-1.1845728874324077,-0.8497608681154987,0.13807068156027763,2.0794415416798357,4,3,0,9,-0.35093994404933454,-0.40143393861100896,-2.3075170091441173,0.38328428176076035
600187_2021,600187,2021,C,制造业,212,20,11,3.044522437723423,94.33962264150944,23.139572766644896,0.5107550337940964,0.155732380186937,-0.18355037014259118,0.5476896193610512,2.4849066497880004,5,2,2,11,0.3626019450566963,-0.6136790669311384,0.03271875207486963,0.9525605064346361
600187_2022,600187,2022,C,制造业,234,17,8,2.8903717578961645,72.64957264957266,28.356861306436986,-0.49109999212736,-1.1677743793399282,-0.4571891088876084,-0.9679708689096264,2.1972245773362196,1,7,2,7,-2.171792101312131,0.8605378235698347,-0.36527340700567185,-0.22081169731979955
600187_2023,600187,2023,C,制造业,254,27,17,3.332204510175204,106.2992125984252,34.68436552847203,0.5646003999173953,0.6042739926427305,0.2663908524039339,0.5503055520859274,2.8903717578961645,7,4,3,13,0.5541640608925336,-0.03439893191880881,0.2318228314863748,0.7420715367972355
600188_2013,600188,2013,F,批发和零售业,178,12,8,2.5649493574615367,67.41573033707866,17.4744480581156,0.2710754501022633,0.2741334653651394,-0.037052020975737066,0.017083254395782912,2.1972245773362196,0,4,3,5,-2.647129700089515,0.7237889818199642,1.3342990549541804,0.4195786063926169
600188_2014,600188,2014,F,批发和零售业,229,20,11,3.044522437723423,87.33624454148472,29.535030039262114,0.806236577932842,0.4577100599036059,0.7568098999019865,0.6280138832894187,2.4849066497880004,2,7,2,9,-0.7468865039170055,1.221220924895574,0.3210744574497145,0.924884195524595
600188_2015,600188,2015,F,批发和零售业,235,23,16,3.1780538303479458,97.87234042553192,33.03292992673073,1.86851340625789,1.965516787644927,1.634164546513517,1.4277924198051577,2.833213344056216,5,4,2,12,1.019283571246524,1.2709849149507393,0.3627343517536321,1.7005085073040371
600188_2016,600188,2016,F,批发和零售业,225,17,11,2.8903717578961645,75.55555555555556,27.82589817499268,-0.1427162864194533,-0.06672561389603543,-0.10739430563774904,-0.4032287567077068,2.4849066497880004,3,4,3,7,-0.3622367589478647,-0.18248641655284437,0.9236743374929605,0.034448913641796836
600188_2017,600188,2017,F,批发和零售业,227,20,11,3.044522437723423,88.1057268722467,33.75356375357447,-0.15606858978965402,-0.3289974225887238,0.1629181945564577,-0.24574788182607796,2.4849066497880004,9,4,2,5,0.977840965897446,0.010952325302683936,-0.5161135203849447,-0.6701355845410153
600188_2018,600188,2018,F,批发和零售业,155,17,9,2.8903717578961645,109.67741935483872,17.318163541115975,0.3084273952154088,-0.0009766283530596143,-0.47782608688419936,0.9879824865101758,2.302585092994046,3,2,1,11,0.03499540927839847,-0.5294626346213674,-0.04317787761735419,0.6228048236486
600188_2019,600188,2019,F,批发和零售业,197,13,10,2.6390573296152584,65.98984771573605,25.042153632058838,-0.31137881410923934,0.1050978187505843,0.2451041140068073,-0.5535928582183508,2.3978952727983707,2,6,0,5,-0.9664413600553151,1.192848417451234,-1.6574637336189302,-0.1781555984365158
600188_2020,600188,2020,F,批发和零售业,159,7,5,2.0794415416798357,44.0251572327044,13.51943616889987,-1.539803125723761,-1.3646641260891008,-1.0825005398019463,-1.4600395749256179,1.791759469228055,2,2,1,2,-1.0352645234974296,-0.2874015390017773,-0.8248576394509118,-1.2503516949676103
600188_2021,600188,2021,F,批发和零售业,199,15,8,2.772588722239781,75.37688442211055,19.330597884381156,-0.02395702022463944,-0.5148686063661386,-0.6525334671469406,-0.0977964287244233,2.1972245773362196,5,1,0,9,0.6126433302304697,-1.6592372683037417,-2.06808845108015,0.7567549169285219
600188_2022,600188,2022,F,批发和零售业,189,11,8,2.4849066497880004,58.201058201058196,19.845412398457878,-0.9408934811456041,-0.7020165050363972,-0.7768107570953354,-1.0668768526178822,2.1972245773362196,2,5,2,2,-1.0127272543147343,0.8213155211442702,-0.2316827355881333,-1.3535657299509811
600188_2023,600188,2023,F,批发和零售业,145,14,7,2.70805020110221,96.55172413793103,17.436209087967644,-0.26946494725124415,-0.8715405730359941,-1.0462906689879459,0.7464476031325831,2.0794415416798357,3,2,3,6,-0.4363178275067114,-1.131930106546403,0.47442569235469595,0.4257047052979033
600189_2013,600189,2013,F,批发和零售业,179,13,9,2.6390573296152584,72.62569832402235,19.79815853120127,0.4370266844108306,0.5218053335190022,0.21685975196625853,0.23454740451275163,2.302585092994046,5,3,2,3,1.015684292015146,0.2708243152293793,0.7718410859014158,-0.1916844607618388
600189_2014,600189,2014,F,批发和零售业,182,15,11,2.772588722239781,82.41758241758242,23.275318231000846,0.19729081375760654,0.4577100599036059,0.07281138040012756,0.42270884472345016,2.4849066497880004,4,6,1,4,0.29737154209280353,0.9501622167979601,-0.4716655255622725,-0.12007691976207009
600189_2015,600189,2015,F,批发和零售业,161,19,12,2.995732273553991,118.01242236024845,20.284784175157203,1.4602376632884897,1.3349063326421693,0.24117504674735446,2.2684397735307456,2.5649493574615367,3,4,1,11,0.1904093295891553,1.2709849149507393,-0.4300056312583549,1.5798393053987
600189_2016,600189,2016,F,批发和零售业,241,20,15,3.044522437723423,82.98755186721992,30.998249234646643,0.20247593573142111,0.6095311021388848,0.23924839846881304,-0.09301710749244196,2.772588722239781,4,8,2,6,0.09392565349566712,1.010676411257837,0.3612163684401957,-0.16685770185937546
600189_2017,600189,2017,F,批发和零售业,209,20,9,3.044522437723423,95.69377990430623,24.79662877021925,-0.15606858978965402,-0.7575822704697814,-0.8158058195113903,0.070977577484723,2.302585092994046,2,3,4,11,-1.4833869553360097,-0.44201234128790107,0.48262074357128054,0.3748255307456494
600189_2018,600189,2018,F,批发和零售业,270,29,16,3.4011973816621555,107.4074074074074,42.17230069608836,1.4523278463648168,1.2463757542282456,2.237984726492418,0.8932321502047311,2.833213344056216,8,7,2,12,1.6927438925931364,1.4615471568610419,0.7495621053946327,0.7434740255539369
600189_2019,600189,2019,F,批发和零售业,220,15,13,2.772588722239781,68.18181818181817,27.617487780968506,-0.01235971021289007,0.6719995348891556,0.5265107983771672,-0.46209997463775987,2.6390573296152584,10,3,1,1,1.6896249120688973,0.056870356207326965,-0.30226578155417844,-1.8343797808776359
600189_2020,600189,2020,F,批发和零售业,180,12,8,2.5649493574615367,66.66666666666667,17.739736504172534,-0.45259726980987003,-0.4115338175540407,-0.6213484501210765,-0.5149825959267285,2.1972245773362196,2,2,4,4,-1.0352645234974296,-0.2874015390017773,0.9666166075173004,-0.4802513057597924
600189_2021,600189,2021,F,批发和零售业,167,12,7,2.5649493574615367,71.8562874251497,15.36542704623632,-0.488927358429556,-0.7917421988662785,-1.0858075644118688,-0.2447462057224901,2.0794415416798357,5,1,1,5,0.6126433302304697,-1.6592372683037417,-0.7128904990153985,-0.01334547227929669
600189_2022,600189,2022,F,批发和零售业,239,28,18,3.367295829986474,117.15481171548117,38.12598955267139,1.035055520545001,1.0544668004723208,1.220707354300706,1.3938537960823207,2.9444389791664403,7,7,3,11,0.9923382544751888,1.4052885432851583,0.3307752334646315,0.736356500622348
600189_2023,600189,2023,F,批发和零售业,240,19,13,2.995732273553991,79.16666666666666,25.344524824758206,0.37474637879597866,0.44395306118737377,-0.18214924819935743,0.020795016168996074,2.6390573296152584,2,3,2,12,-1.0244134610729885,-0.5479570844055147,-0.08803227669806883,1.3589435898588684
600190_2013,600190,2013,E,建筑业,203,17,8,2.8903717578961645,83.74384236453201,24.261818176159103,0.5182142002078051,0.24292702109664216,0.38776702546621983,0.20000926597204016,2.1972245773362196,5,4,0,8,0.6126548634809925,0.8977401603565273,-1.3729119531385379,0.6227269447832233
600190_2014,600190,2014,E,建筑业,203,12,7,2.5649493574615367,59.11330049261083,16.80629865834098,0.9656361295186009,0.7878846743597929,0.2309319123025845,-0.001151407074336937,2.0794415416798357,3,3,0,6,0.08210352924340075,1.1822555456344073,-0.8516819715751721,1.0033363312112167
600190_2015,600190,2015,E,建筑业,121,3,2,1.3862943611198906,24.793388429752067,5.862601623124547,-1.5609533443656038,-1.2633556828234414,-0.8214867590914255,-1.3844184616433148,1.0986122886681098,0,2,0,1,-1.781005786135425,0.3349545739279163,-1.4241856692048986,-1.1400830042364973
600190_2016,600190,2016,E,建筑业,198,22,12,3.1354942159291497,111.1111111111111,21.84095648638655,0.44581616453600637,0.13677973338886207,-0.5966671383931181,1.1120652920985694,2.5649493574615367,6,3,1,12,0.3528307256811895,-0.36979800981949956,-0.4427057047713959,0.8829807991952461
600190_2017,600190,2017,E,建筑业,182,15,11,2.772588722239781,82.41758241758242,21.680862355450323,0.7904855641528613,1.1305758229708063,0.5741802695387381,0.4710112437743659,2.4849066497880004,4,3,2,6,0.5286042745571634,0.7309295608324202,0.818291979557644,0.4401484074885529
600190_2018,600190,2018,E,建筑业,181,9,7,2.302585092994046,49.72375690607735,17.004053390293723,-1.0331126353475915,-0.5527396935364519,-0.8286307371258277,-1.4387994596602713,2.0794415416798357,3,2,3,1,-0.033313429099163766,-0.5556800772853495,0.8027767325198633,-1.8769803003380843
600190_2019,600190,2019,E,建筑业,217,13,12,2.6390573296152584,59.907834101382484,23.409793485123338,-1.0516779685166269,-0.19987088584824406,-0.9530911943818609,-1.42831145990438,2.5649493574615367,4,3,4,2,-0.26057320942868006,-0.5875451145194842,0.518367423030382,-1.641597078763372
600190_2020,600190,2020,E,建筑业,258,21,16,3.091042453358316,81.39534883720931,34.07161294779074,0.20469759681488067,0.49836995704355436,0.4510574359031297,-0.27180053702251306,2.833213344056216,5,7,3,6,0.5303738750388033,0.599693630498501,0.4283888320575152,-0.19581825150196075
600190_2021,600190,2021,E,建筑业,292,30,18,3.4339872044851463,102.73972602739725,41.63430660284612,0.7115303842868237,0.617226990163484,1.2837417048281583,0.3476195231797238,2.9444389791664403,7,7,4,12,0.535849735665844,1.2561293353555645,0.34767190956365956,0.3888107698262596
600190_2022,600190,2022,E,建筑业,224,25,14,3.258096538021482,111.60714285714286,33.31821084494058,1.0021566645879327,1.0318854310065946,1.1144965624283973,1.0492018870417181,2.70805020110221,4,4,3,14,0.507606407476049,0.3963337592764287,0.830197016220519,0.9797204014575485
600190_2023,600190,2023,E,建筑业,275,25,20,3.258096538021482,90.9090909090909,35.220712374775516,0.1680599111598141,0.8063044694856638,0.3557244565981397,-0.4550923362839816,3.044522437723423,9,6,1,9,1.2511727388585667,0.9345065830087533,-1.420618817869947,-0.2321091865594625
600191_2013,600191,2013,C,制造业,158,15,8,2.772588722239781,94.9367088607595,19.209361917410046,0.8962223438750372,0.48772680054664636,0.2934659897494135,1.3292236347349102,2.1972245773362196,4,4,1,6,0.9198753022611983,0.9932809915880767,-0.31277148452745074,0.7994026499733339
600191_2014,600191,2014,C,制造业,203,15,8,2.772588722239781,73.89162561576356,22.112920232749,0.9522992726613969,0.5742976191292954,0.6417745290026489,0.5131367634428335,2.1972245773362196,1,4,0,10,-0.9624498289183568,1.0772816059491752,-1.5923776124195355,1.4439312595684923
600191_2015,600191,2015,C,制造业,128,12,5,2.5649493574615367,93.75,13.688005238549257,-0.5455009778621229,-1.3907153049429954,-1.1820581894338984,0.5183269089424369,1.791759469228055,2,0,2,8,-0.9420352632796586,-2.739860789621563,0.017537332315326445,0.45502501017768127
600191_2016,600191,2016,C,制造业,218,16,8,2.833213344056216,73.39449541284404,27.71353122745146,0.3981920252413967,-0.12062699696679047,0.688223861656718,-0.008022399614968735,2.1972245773362196,3,3,1,9,-0.018960638489110466,0.26872187546157084,-0.5661770998907929,0.8174823511173858
600191_2017,600191,2017,C,制造业,128,5,4,1.791759469228055,39.0625,9.31019972662553,-2.6006274252053525,-2.13805543425534,-2.0370867709590548,-2.0436837725254033,1.6094379124341003,1,0,2,2,-1.9867159120243958,-3.076683265378045,-0.12031345029453121,-1.4568785899780368
600191_2018,600191,2018,C,制造业,199,10,8,2.3978952727983707,50.25125628140704,18.7438699144045,-1.3610626598057178,-0.8999410260435159,-1.1507442370083933,-1.6523429900432929,2.1972245773362196,6,3,1,0,0.5688730863930826,-0.34026314796263546,-0.9196085131805531,-3.2191715161097587
600191_2019,600191,2019,C,制造业,165,11,8,2.4849066497880004,66.66666666666667,13.697445856941105,-0.9673969190642212,-0.6262683886275471,-1.4150420222647546,-0.8694504782071844,2.1972245773362196,2,3,2,4,-0.9844714366341331,-0.33430002784170243,0.09576167111733325,-0.6645286888099279
600191_2020,600191,2020,C,制造业,254,16,11,2.833213344056216,62.99212598425197,31.205088377805318,-0.39996767309758796,-0.23144257889734748,0.10901225554873525,-1.1381355625852034,2.4849066497880004,4,11,1,0,-0.35093994404933454,1.8286665779311455,-0.9523190570793655,-3.0880014051748432
600191_2021,600191,2021,C,制造业,238,27,17,3.332204510175204,113.4453781512605,35.99241092540285,1.1549663598413191,1.1088626887219961,1.2208788657824672,1.3451641709672564,2.8903717578961645,4,7,4,12,-0.010109884157140599,1.377330724551271,1.0314530160310948,1.0732297083399729
600191_2022,600191,2022,C,制造业,201,25,14,3.258096538021482,124.37810945273633,27.537447222035173,0.33235232176216994,0.03302779734899367,-0.546726461046556,1.1911791145230632,2.70805020110221,4,4,4,13,-0.2986598136449534,-0.09353427918110145,0.6334608569505534,0.6228428024656926
600191_2023,600191,2023,C,制造业,237,16,13,2.833213344056216,67.51054852320675,30.565348131614833,-0.5527989502462932,0.013507009795979182,-0.1836940536670533,-1.0687339292369231,2.6390573296152584,5,5,4,2,-0.033931572673743644,0.33570014869123915,0.6680991263898353,-1.5802421264071298
600192_2013,600192,2013,C,制造业,172,11,7,2.4849066497880004,63.95348837209303,15.873152190726742,0.2520110178278145,0.2108532080465065,-0.07108154593544919,0.03598349807007028,2.0794415416798357,1,2,3,5,-0.9532569854059796,-0.04365669714339641,1.042426467537301,0.5670112173422974
600192_2014,600192,2014,C,制造业,243,21,13,3.091042453358316,86.41975308641975,28.826940928023102,1.665418093935681,1.6129176608525233,1.375415366814307,1.0360610116898006,2.6390573296152584,7,2,1,11,1.8714899215289351,0.04034391721770217,-0.2371796603547836,1.5751061501137602
600192_2015,600192,2015,C,制造业,179,15,9,2.772588722239781,83.79888268156424,24.356375422262428,-0.08053063965720639,-0.18991312825407258,-0.016325702911571042,0.10296710715652471,2.302585092994046,5,5,1,4,0.4749346119439873,0.8972764962621126,-0.7752026506966606,-0.4310987830556212
600192_2016,600192,2016,C,制造业,260,19,10,2.995732273553991,73.07692307692308,33.42491699636624,0.7621234102848112,0.3510913286178661,1.3123068114637653,-0.021277874179261434,2.3978952727983707,2,5,3,9,-0.6070562720553876,1.0917856226622038,0.7890208521739589,0.8174823511173858
600192_2017,600192,2017,C,制造业,204,15,11,2.772588722239781,73.52941176470588,23.155240718245988,-0.40423990503932206,-0.08008356180430164,-0.5242395615694941,-0.6050343042653753,2.4849066497880004,5,2,2,6,0.259128204856619,-0.8465827488358902,-0.12031345029453121,-0.17952604206033596
600192_2018,600192,2018,C,制造业,289,23,12,3.1780538303479458,79.58477508650519,41.780024511922676,0.3859595811103905,-0.03552723031110547,1.3664156774342235,-0.4279614289901947,2.5649493574615367,11,3,4,5,1.670719600104938,-0.34026314796263546,0.8718657337876591,-0.5179862183819741
600192_2019,600192,2019,C,制造业,300,27,19,3.332204510175204,90.0,37.668657018592675,0.9299714972054598,1.250790504096295,1.2042914945909402,0.10448324181667076,2.995732273553991,6,8,3,10,0.7476218001013039,1.311827466559564,0.658219640170098,0.5241182620103154
600192_2020,600192,2020,C,制造业,246,28,16,3.367295829986474,113.8211382113821,39.32620971005377,0.7960122624870246,0.5873249558029003,0.9964069373010003,0.98346825013652,2.833213344056216,7,5,4,12,0.6098675187307795,0.421629808589624,0.8391551898888467,0.7788142097449433
600192_2021,600192,2021,C,制造业,284,30,17,3.4339872044851463,105.63380281690141,43.69512585131486,1.3828900671173692,1.1088626887219961,2.0625542921999234,1.019108887054159,2.8903717578961645,12,4,2,12,1.9431995586390431,0.42325862180033474,0.03271875207486963,1.0732297083399729
600192_2022,600192,2022,C,制造业,207,14,9,2.70805020110221,67.6328502415459,28.208609278198647,-0.8993757350967596,-0.9201025111860655,-0.47338860351839046,-1.1773689453600495,2.302585092994046,6,1,2,5,0.3891753770806745,-1.9535357151132078,-0.36527340700567185,-0.6545097454520082
600192_2023,600192,2023,C,制造业,245,28,19,3.367295829986474,114.28571428571428,37.02349471852314,0.6431809853383195,0.8519458607965933,0.5219874280812663,0.8836622648692809,2.995732273553991,9,5,4,10,1.0103264733360664,0.33570014869123915,0.6680991263898353,0.3785052136209315
600193_2013,600193,2013,G,交通运输、仓储和邮政业,166,8,4,2.1972245773362196,48.19277108433735,10.864233467853387,-0.5776130755799098,-0.9828256661903533,-0.6967270150211207,-0.813463974057518,1.6094379124341003,2,1,1,4,-0.3771575257770355,-0.6904519151659114,-0.3216651500071934,-0.07285632629037596
600193_2014,600193,2014,G,交通运输、仓储和邮政业,152,8,5,2.1972245773362196,52.63157894736842,10.061290918509496,-0.6772938649356418,-0.6305000942212948,-0.8981829025478901,-0.6820968938233053,1.791759469228055,1,2,2,3,-0.9901254453907443,-0.2957667955923122,0.45475406349141706,-0.49527748286774087
600193_2015,600193,2015,G,交通运输、仓储和邮政业,113,2,1,1.0986122886681098,17.699115044247787,4.1632429871657255,-2.9419323442528267,-3.2567466310978324,-1.3972187692956237,-1.8907670569761303,0.6931471805599453,1,1,0,0,-1.08394115909163,-0.7514468650230048,-1.7320081899460236,-2.1842917679361444
600193_2016,600193,2016,G,交通运输、仓储和邮政业,127,3,3,1.3862943611198906,23.62204724409449,5.092425209536464,-2.449790574437548,-1.62122281179803,-1.327513293374183,-1.9401857122666855,1.3862943611198906,1,1,1,0,-1.1690174216991216,-0.9169769622188119,-0.21409475025630806,-2.2745281167417026
600193_2017,600193,2017,G,交通运输、仓储和邮政业,155,8,5,2.1972245773362196,51.61290322580645,10.076954923961154,-0.18196908186287883,-0.4562734976054677,-0.5418938394237539,-0.36438117994017283,1.791759469228055,2,2,1,3,-0.021493815655154794,0.10187640981678,-0.40803382578634734,0.16425394335900423
600193_2018,600193,2018,G,交通运输、仓储和邮政业,191,13,10,2.6390573296152584,68.06282722513089,18.79599020341343,-1.3191432866529367,-0.8516542551357896,-1.9934912166770973,-1.4222542848203161,2.3978952727983707,3,5,0,5,-0.9127258441658981,0.10912691271463582,-2.6188040387273275,-0.9235361152250681
600193_2019,600193,2019,G,交通运输、仓储和邮政业,123,4,3,1.6094379124341003,32.520325203252035,7.5671359419130795,-1.6658767847262175,-1.4201290644655573,-0.9822546079236908,-1.3070764033524551,1.3862943611198906,0,1,1,2,-2.3355489307448325,-0.846807847463128,-0.25033894200378526,-0.6171800939977342
600193_2020,600193,2020,G,交通运输、仓储和邮政业,187,14,9,2.70805020110221,74.8663101604278,21.986851419275876,-0.6002941645384848,-0.6837600170792261,-0.7374211833632418,-0.5558261654155235,2.302585092994046,4,5,1,4,-0.27367126049345947,0.37205150480782395,-0.9207156895456878,-0.607443770244571
600193_2021,600193,2021,G,交通运输、仓储和邮政业,193,15,9,2.772588722239781,77.720207253886,24.510660719823395,-0.22439362155517312,-0.36961348165693175,-0.09720110991461856,-0.3537772133489523,2.302585092994046,5,2,2,6,0.5691521238918384,-0.42889124834987735,0.16524856796226234,-0.20391367929529577
600193_2022,600193,2022,G,交通运输、仓储和邮政业,120,4,3,1.6094379124341003,33.333333333333336,7.715304414812173,-2.6785880584585655,-2.4799989143606016,-1.8749360263440777,-2.076973284995312,1.3862943611198906,1,1,1,1,-1.7574007149945263,-1.537990498894505,-0.8613934612940491,-1.689714810444093
600193_2023,600193,2023,G,交通运输、仓储和邮政业,224,13,12,2.6390573296152584,58.035714285714285,21.791119872962117,-1.1584127452603183,-0.38524894314691677,-1.1915871569724834,-1.6977537214183196,2.5649493574615367,4,4,3,2,-0.34355882060905013,-0.08496372770298007,0.1512563288184821,-1.8604172081939598
600194_2013,600194,2013,G,交通运输、仓储和邮政业,112,5,1,1.791759469228055,44.642857142857146,5.652088395352485,-1.4855779436514946,-3.136758151414335,-1.2662579490673938,-0.9616374408056765,0.6931471805599453,1,0,1,3,-1.2060317674344043,-2.0974886845074328,-0.3216651500071934,-0.40925866736598526
600194_2014,600194,2014,G,交通运输、仓储和邮政业,123,4,2,1.6094379124341003,32.520325203252035,8.4222716791011,-1.9935344759766267,-2.2598871187912746,-1.0772784851449755,-1.521540958395489,1.0986122886681098,2,2,0,0,-0.16125120373337543,-0.2957667955923122,-1.6931838715853218,-2.58519971344107
600194_2015,600194,2015,G,交通运输、仓储和邮政业,156,7,5,2.0794415416798357,44.87179487179487,7.648085620402437,-0.7455448240867968,-0.6742292979927927,-1.0164301204180393,-0.7565789506564118,1.791759469228055,2,1,1,3,-0.2550669174342611,-0.7514468650230048,-0.37681023788127177,-0.09436953736281513
600194_2016,600194,2016,G,交通运输、仓储和邮政业,165,12,9,2.5649493574615367,72.72727272727272,17.163171867359964,0.18959147559515013,0.5327096734259525,-0.008543172044169206,0.10946721319511424,2.302585092994046,2,5,1,4,-0.3401431800417527,1.3131235543233424,-0.21409475025630806,0.15179645490723578
600194_2017,600194,2017,G,交通运输、仓储和邮政业,162,6,6,1.9459101490553132,37.03703703703704,10.50173325724186,-0.7447417277835897,-0.09391017191715952,-0.4954783238249337,-0.9727780762172353,1.9459101490553132,3,2,1,0,0.5666018179111224,0.10187640981678,-0.40803382578634734,-1.925668287214325
600194_2018,600194,2018,G,交通运输、仓储和邮政业,340,39,24,3.6888794541139363,114.70588235294117,59.01440834315123,1.0317411364644042,1.0782317726573973,2.4011741140785214,0.524627609204228,3.2188758248682006,9,9,7,14,0.9604064435012806,1.1460646014461098,1.4467898174669278,0.4578273411372059
600194_2019,600194,2019,G,交通运输、仓储和邮政业,137,3,1,1.3862943611198906,21.897810218978105,6.660087423756067,-2.165565909828402,-3.0495160890355373,-1.0813677720020993,-1.7504603548371576,0.6931471805599453,1,2,0,0,-0.9185790555211861,-0.02374410026249475,-1.605536894068537,-2.2734042764388547
600194_2020,600194,2020,G,交通运输、仓储和邮政业,226,26,14,3.295836866004329,115.04424778761062,29.929473799252136,0.7159464465024995,0.269370291455833,0.13046892328611212,1.1212016169899874,2.70805020110221,2,7,2,15,-1.3179293065032684,0.9560245269487121,-0.1279757065337008,1.1460761192531488
600194_2021,600194,2021,G,交通运输、仓储和邮政业,167,12,7,2.5649493574615367,71.8562874251497,18.550354632309798,-0.6893639597600897,-0.8941589423109343,-0.7484835753879967,-0.5985373241799291,2.0794415416798357,3,0,4,5,-0.2597221177655303,-2.658991764892032,1.1639828319184875,-0.4363051119263322
600194_2022,600194,2022,G,交通运输、仓储和邮政业,162,9,8,2.302585092994046,55.55555555555555,16.509663633684223,-1.1264118643397574,-0.5737382972904818,-0.913976661132206,-1.1494173611630691,2.1972245773362196,1,3,3,2,-1.7574007149945263,-0.1309537295529837,0.49380449077070265,-1.0784517432896374
600194_2023,600194,2023,G,交通运输、仓储和邮政业,197,15,11,2.772588722239781,76.14213197969544,22.90367750432694,-0.8593936413639691,-0.5734060228444069,-1.0700180183246437,-0.9419915468038275,2.4849066497880004,2,2,3,8,-1.3878168666188593,-1.1219014164344532,0.1512563288184821,-0.20419302575283946
600195_2013,600195,2013,C,制造业,150,8,5,2.1972245773362196,53.333333333333336,10.132865080527896,-0.3922003082194082,-0.4654035079884138,-0.6983225444283523,-0.4073019492497576,1.791759469228055,0,1,2,5,-2.3702268606296255,-0.8667204443440296,0.47996849848453627,0.5670112173422974
600195_2014,600195,2014,C,制造业,152,3,1,1.3862943611198906,19.736842105263158,6.57163756478657,-2.1520531155762175,-2.9613500225108043,-1.0564209569328145,-1.7472847977629462,0.6931471805599453,2,0,0,1,-0.13357558726098795,-2.1897565993244523,-1.5923776124195355,-1.1260791476140248
600195_2015,600195,2015,C,制造业,222,22,12,3.1354942159291497,99.0990990990991,27.184660810883287,0.7321297646807663,0.4268287993244751,0.2927209557528566,0.7415983939865161,2.5649493574615367,3,2,6,11,-0.35393962971338144,-0.5097602730794085,1.6741210383299536,0.88872305830989
600195_2016,600195,2016,C,制造业,178,10,6,2.3978952727983707,56.17977528089887,14.287620424492129,-0.5766230876618965,-0.7113939798135425,-0.778825004725359,-0.7265651032124647,1.9459101490553132,2,0,3,5,-0.6070562720553876,-2.5453516632214717,0.7890208521739589,0.04738196190956711
600195_2017,600195,2017,C,制造业,242,24,14,3.2188758248682006,99.17355371900827,31.00072067129603,0.5951383451650464,0.4444618988496999,0.33303579503487213,0.46535260589349065,2.70805020110221,6,5,2,11,0.5742515663684101,0.5604540205056309,-0.12031345029453121,0.6330436405952924
600195_2018,600195,2018,C,制造业,237,17,13,2.8903717578961645,71.72995780590718,26.786485461317614,-0.2582517449368333,0.13867901567971214,-0.27192788003952045,-0.7558216324559297,2.6390573296152584,8,3,1,5,1.0826239665386608,-0.34026314796263546,-0.9196085131805531,-0.5179862183819741
600195_2019,600195,2019,C,制造业,204,14,8,2.70805020110221,68.62745098039217,20.986342665210863,-0.4677077939620368,-0.6262683886275471,-0.6185844890156058,-0.7876073084572802,2.1972245773362196,3,2,2,7,-0.3963758030678559,-0.9182730499825906,0.09576167111733325,0.04403008540112724
600195_2020,600195,2020,C,制造业,256,22,15,3.1354942159291497,85.9375,37.3183021166436,0.276934991181615,0.44481413713757284,0.7770029354463879,-0.18039527090679544,2.772588722239781,7,6,4,5,0.6098675187307795,0.734544122632898,0.8391551898888467,-0.38681610744705824
600195_2021,600195,2021,C,制造业,178,21,13,3.091042453358316,117.97752808988764,24.34106322780945,0.6149280908931449,0.5180957058752447,-0.05226354387887013,1.534336184514386,2.6390573296152584,5,1,2,13,0.3626019450566963,-1.4367428141317715,0.03271875207486963,1.1849519390656722
600195_2022,600195,2022,C,制造业,168,14,10,2.70805020110221,83.33333333333333,21.54992864441395,-0.8993757350967596,-0.6960560537552716,-1.2009824344889448,-0.5220305209133563,2.3978952727983707,5,4,2,3,0.07405201556888343,-0.09353427918110145,-0.36527340700567185,-1.265772812606464
600195_2023,600195,2023,C,制造业,202,16,12,2.833213344056216,79.20792079207921,24.83595277655186,-0.5527989502462932,-0.16069923619483845,-0.8097449104064843,-0.5804854168800587,2.5649493574615367,3,4,2,7,-0.8628058143311124,-0.03439893191880881,-0.33063513756638996,-0.10158296298825664
600196_2013,600196,2013,C,制造业,157,10,5,2.3978952727983707,63.69426751592356,21.037065543660244,0.057164971030513774,-0.4654035079884138,0.49317910957602135,0.025163615237631956,1.791759469228055,4,4,2,0,0.9198753022611983,0.9932809915880767,0.47996849848453627,-2.1341740803854874
600196_2014,600196,2014,C,制造业,242,21,16,3.091042453358316,86.77685950413223,26.955589858042412,1.665418093935681,2.0693218698644635,1.1709328921346058,1.0509666394832484,2.833213344056216,6,0,7,8,1.598517649474449,-2.1897565993244523,2.47321624377472,1.1414081019815516
600196_2015,600196,2015,C,制造业,229,22,17,3.1354942159291497,96.06986899563319,30.393092857912098,0.7321297646807663,1.191802028162044,0.6433062282559368,0.6151582792660812,2.8903717578961645,4,6,3,9,0.1022227827301504,1.2101908103053867,0.5799953013680912,0.6138623322310439
600196_2016,600196,2016,C,制造业,221,24,13,3.2188758248682006,108.5972850678733,25.650759718350784,1.2618125353869956,0.9179930447564375,0.46282488139801103,1.4613426239824572,2.6390573296152584,3,5,2,14,-0.018960638489110466,1.0917856226622038,0.2265628831211941,1.428745418271841
600196_2017,600196,2017,C,制造业,204,18,12,2.9444389791664403,88.23529411764706,23.758138153855537,-0.019412720805118324,0.10807351789318845,-0.45836097705955586,0.008789468858903164,2.5649493574615367,6,4,1,7,0.5742515663684101,0.19035493989558291,-0.9130534333065182,0.021780573440836337
600196_2018,600196,2018,C,制造业,214,15,11,2.772588722239781,70.09345794392523,23.19841875346851,-0.5220052869611943,-0.22368431000859557,-0.6639958204203729,-0.8241291638158699,2.4849066497880004,6,3,1,5,0.5688730863930826,-0.34026314796263546,-0.9196085131805531,-0.5179862183819741
600196_2019,600196,2019,C,制造业,289,34,20,3.5553480614894135,117.6470588235294,45.212918985433156,1.429660622307644,1.365481961630741,2.028652770974751,1.2584719352903142,3.044522437723423,10,6,2,16,1.6715948354900794,0.8016780334022046,0.09576167111733325,1.1803864688268875
600196_2020,600196,2020,C,制造业,221,19,15,2.995732273553991,85.97285067873302,29.84152446399626,-0.03603628805417339,0.44481413713757284,-0.03998433197158059,-0.1789197329906316,2.772588722239781,5,7,1,6,0.021771885164502274,1.005602830730512,-0.9523190570793655,-0.15442467481602185
600196_2021,600196,2021,C,制造业,272,29,21,3.4011973816621555,106.61764705882352,38.874730985202326,1.30946326279263,1.5805810143066537,1.5358298913283168,1.0601745620166985,3.091042453358316,8,5,3,13,1.1914761867140655,0.7933577024103827,0.5951767211276344,1.1849519390656722
600196_2022,600196,2022,C,制造业,315,33,18,3.5263605246161616,104.76190476190476,50.097860761633065,0.9330804000258561,0.5887089261687898,1.9184492424210018,0.37239840563916393,2.9444389791664403,7,7,2,17,0.6621476491351606,0.8605378235698347,-0.36527340700567185,1.0017144369891118
600196_2023,600196,2023,C,制造业,234,17,14,2.8903717578961645,72.64957264957266,30.34021753291864,-0.4248031482807018,0.175689144761673,-0.20829406736090034,-0.8542309770361848,2.70805020110221,5,6,3,3,-0.033931572673743644,0.6486144627345133,0.2318228314863748,-1.146544078274921
600197_2013,600197,2013,D,电力、热力、燃气及水生产和供应业,153,11,6,2.4849066497880004,71.89542483660131,15.187297217746806,-0.7131063767686456,-0.9103027177172887,-0.9630610164483976,-0.5318609094627899,1.9459101490553132,4,1,1,5,0.09833237090532576,-1.5211253197886823,-0.4346979863244792,-0.19723051473808534
600197_2014,600197,2014,D,电力、热力、燃气及水生产和供应业,199,14,8,2.70805020110221,70.35175879396985,22.984845936479815,-0.004418719945657375,-0.30589271150854513,-0.10638386680151894,-0.19038479793945917,2.1972245773362196,6,2,1,5,0.8349395532283859,-0.3183622121483755,-1.0920351150131393,0.1755610855027144
600197_2015,600197,2015,D,电力、热力、燃气及水生产和供应业,161,18,9,2.9444389791664403,111.80124223602485,19.977867782302017,0.4302847296988744,-0.2182883500678362,-0.34228763172685595,1.3303903466901827,2.302585092994046,6,1,2,9,0.7288272802134403,-1.0621808447934311,-0.2992951320011524,1.0810641740094327
600197_2016,600197,2016,D,电力、热力、燃气及水生产和供应业,170,19,9,2.995732273553991,111.76470588235294,22.396975289169337,0.634107250357032,-0.04168166873660202,0.02314556839850737,1.498745259054029,2.302585092994046,3,3,0,13,-0.2303109274370719,0.25307416856265297,-1.8137493707549353,1.1954555128331943
600197_2017,600197,2017,D,电力、热力、燃气及水生产和供应业,194,15,11,2.772588722239781,77.31958762886599,23.14510633762947,-0.5080622291956655,-0.21079274315746968,-0.6440899789767939,-0.5312693740892337,2.4849066497880004,4,2,2,7,-0.3880923235298138,-0.9677637979983088,0.13183600298837478,-0.06594093215776371
600197_2018,600197,2018,D,电力、热力、燃气及水生产和供应业,209,20,13,3.044522437723423,95.69377990430623,27.899748214123527,0.4336247030092267,0.3858166187842191,0.42571844082091537,0.49103432037294137,2.6390573296152584,2,7,2,9,-0.7916898667360275,1.1390980813190206,0.2616339958467054,0.39638569212544267
600197_2019,600197,2019,D,电力、热力、燃气及水生产和供应业,234,23,15,3.1780538303479458,98.29059829059828,32.10384032492599,0.6746909982441811,0.7263240102797194,0.6115145228272418,0.6184106466498583,2.772588722239781,2,8,5,8,-1.0161045077881032,1.5686459172334475,1.1504425337494024,0.48500019634665575
600197_2020,600197,2020,D,电力、热力、燃气及水生产和供应业,199,17,8,2.8903717578961645,85.42713567839195,24.129905229527736,-0.2029434884614744,-0.7551358624417626,-0.35450222394484765,-0.17346256323849296,2.1972245773362196,7,2,0,8,0.6416705342390179,-0.9753822881915729,-1.789895938389231,0.13255165247170797
600197_2021,600197,2021,D,电力、热力、燃气及水生产和供应业,203,11,8,2.4849066497880004,54.187192118226605,19.632655355926268,-0.44341946255538,-0.3456851238688299,-0.2701062982308743,-0.7555304534022943,2.1972245773362196,5,2,1,3,0.6833207383519778,-0.4904277287676926,-0.5292377000102829,-0.48634645538113525
600197_2022,600197,2022,D,电力、热力、燃气及水生产和供应业,225,18,8,2.9444389791664403,80.0,26.471473153183098,-0.30533336554696133,-0.9208375881185537,-0.6462667694450037,-0.5116756647855207,2.1972245773362196,5,3,0,10,0.2517958367055515,-0.8920907758213272,-2.456939349704761,0.3917897951283907
600197_2023,600197,2023,D,电力、热力、燃气及水生产和供应业,272,32,17,3.4965075614664802,117.6470588235294,42.52012534825253,0.6408474755788314,0.3225931938011718,0.7628709805707833,0.6080389735649753,2.8903717578961645,6,10,3,13,0.2915476043201146,1.0639067476772885,-0.10564847358248858,0.6454812065837124
600198_2013,600198,2013,C,制造业,150,8,6,2.1972245773362196,53.333333333333336,15.504254935141498,-0.3922003082194082,-0.1030401823001056,-0.11139093786873261,-0.4073019492497576,1.9459101490553132,2,1,3,2,-0.12438274374861069,-0.8667204443440296,1.042426467537301,-0.477949897944367
600198_2014,600198,2014,C,制造业,190,11,7,2.4849066497880004,57.89473684210526,16.07998260770306,0.30808794661417427,0.2974240266291557,-0.017444382374788826,-0.15457363907731825,2.0794415416798357,2,3,3,3,-0.13357558726098795,0.6243169393585903,1.1180182917099681,-0.08111803232736023
600198_2015,600198,2015,C,制造业,259,20,17,3.044522437723423,77.22007722007721,29.476700809837723,0.5284151245180292,1.191802028162044,0.5431720969467424,-0.17163234183287435,2.8903717578961645,6,4,2,8,0.7900579734557783,0.5271774156520646,0.017537332315326445,0.45502501017768127
600198_2016,600198,2016,C,制造业,219,16,10,2.833213344056216,73.0593607305936,26.179201122751774,0.3981920252413967,0.3510913286178661,0.5205676576352064,-0.02201092680610522,2.3978952727983707,5,2,3,6,0.8099136031682582,-0.3152511466793173,0.7890208521739589,0.2797733945406035
600198_2017,600198,2017,C,制造业,227,18,12,2.9444389791664403,79.29515418502203,23.917187936149865,-0.019412720805118324,0.10807351789318845,-0.44098161217045057,-0.364372120088896,2.5649493574615367,5,6,0,7,0.259128204856619,0.873368334548905,-2.26825138537127,0.021780573440836337
600198_2018,600198,2018,C,制造业,175,10,7,2.3978952727983707,57.14285714285714,13.54050444455721,-1.3610626598057178,-1.1768146185436557,-1.7193158241388933,-1.3646874558756483,2.0794415416798357,0,3,1,6,-3.409064267223369,-0.34026314796263546,-0.9196085131805531,-0.28559478575093766
600198_2019,600198,2019,C,制造业,252,19,13,2.995732273553991,75.39682539682539,29.796657978924735,0.17650353208518588,0.412351653095681,0.3441183981958624,-0.5050535081302321,2.6390573296152584,6,5,3,5,0.7476218001013039,0.48876371935893054,0.658219640170098,-0.38966796273108145
600198_2020,600198,2020,C,制造业,187,12,10,2.5649493574615367,64.1711229946524,16.574550846693455,-1.0006957513612742,-0.4359809693476112,-1.4896661368957513,-1.088924207832219,2.3978952727983707,1,3,2,6,-2.2240722317165127,-0.40143393861100896,-0.15957907406737853,-0.15442467481602185
600198_2021,600198,2021,C,制造业,169,9,4,2.302585092994046,53.25443786982249,13.40780630673971,-1.1506777993977615,-1.9022394922641015,-1.246940196161106,-1.167206673891371,1.6094379124341003,3,2,0,4,-0.46627229660067243,-0.6136790669311384,-2.115219183001869,-0.36726133493087504
600198_2022,600198,2022,C,制造业,200,14,10,2.70805020110221,70.0,21.331093814242994,-0.8993757350967596,-0.6960560537552716,-1.2248945097469193,-1.078564075212702,2.3978952727983707,5,1,4,4,0.07405201556888343,-1.9535357151132078,0.6334608569505534,-0.9293704715308546
600198_2023,600198,2023,C,制造业,240,24,15,3.2188758248682006,100.0,30.625451548888655,0.31082155989930565,0.32740040014259186,-0.17712655508380523,0.2873763138342678,2.772588722239781,7,3,2,12,0.5541640608925336,-0.4873635985093938,-0.33063513756638996,0.6303493060715363
600199_2013,600199,2013,C,制造业,199,14,11,2.70805020110221,70.35175879396985,26.512118430481124,0.7517001429299988,1.1639835165815666,1.0914379725219931,0.30304741151423154,2.4849066497880004,4,4,3,3,0.9198753022611983,0.9932809915880767,1.042426467537301,-0.044251849812158274
600199_2014,600199,2014,C,制造业,204,22,12,3.1354942159291497,107.84313725490196,27.746563524148264,1.7649596769993696,1.4387114148617057,1.2573625606486325,1.9302734219202313,2.5649493574615367,9,3,0,10,2.327652333972468,0.6243169393585903,-1.5923776124195355,1.4439312595684923
600199_2015,600199,2015,C,制造业,236,22,10,3.1354942159291497,93.22033898305085,34.78377698777705,0.7321297646807663,0.03413332917672125,1.1230761500060769,0.4962188493171983,2.3978952727983707,7,7,1,7,1.0630302455102645,1.4812495184030008,-0.7752026506966606,0.2774599911554339
600199_2016,600199,2016,C,制造业,187,16,10,2.833213344056216,85.56149732620321,20.113485652117312,0.3981920252413967,0.3510913286178661,-0.1422328879359044,0.49982846188568536,2.3978952727983707,5,0,3,8,0.8099136031682582,-2.5453516632214717,0.7890208521739589,0.6586450290640231
600199_2017,600199,2017,C,制造业,154,12,8,2.5649493574615367,77.92207792207792,17.843193931627127,-0.8692102432442387,-0.756340277839222,-1.1046867528885382,-0.42168434605942223,2.1972245773362196,3,4,0,5,-0.5697460368007496,0.19035493989558291,-2.26825138537127,-0.41191747469137235
600199_2018,600199,2018,C,制造业,291,33,23,3.5263605246161616,113.4020618556701,39.06973725323858,1.1659286472163828,1.4057027145613847,1.0702626708504261,0.9835726811900746,3.1780538303479458,5,6,3,19,0.2537497248812916,0.7957149132812715,0.43558943888419865,1.2970752861125086
600199_2019,600199,2019,C,制造业,170,6,3,1.9459101490553132,35.294117647058826,12.55142737148331,-2.174380891032155,-2.5325290056976666,-1.5402674274248411,-2.1789411942056454,1.3862943611198906,2,2,2,0,-0.9844714366341331,-0.9182730499825906,0.09576167111733325,-3.090853260458866
600199_2020,600199,2020,C,制造业,221,30,18,3.4339872044851463,135.74660633484163,37.04881202670158,0.9453553843421507,0.8487840105764501,0.7475557614890355,1.8986376529684652,2.9444389791664403,5,7,5,13,0.021771885164502274,1.005602830730512,1.195618877997373,0.8905364404706425
600199_2021,600199,2021,C,制造业,315,36,24,3.6109179126442243,114.28571428571428,53.193786113490134,1.7790939916449864,1.8810800175298603,3.1004726110599865,1.3802398151457866,3.2188758248682006,14,8,2,12,2.2357342327238743,1.616421449611016,0.03271875207486963,1.0732297083399729
600199_2022,600199,2022,C,制造业,226,13,10,2.6390573296152584,57.52212389380531,24.83574997944965,-1.0538726380480705,-0.6960560537552716,-0.8419408368317012,-1.5993908306742581,2.3978952727983707,7,2,3,1,0.6621476491351606,-1.1304719679125745,0.19718456204709292,-2.3107339278931285
600199_2023,600199,2023,C,制造业,208,20,11,3.044522437723423,96.15384615384616,29.41116174402451,-0.07961092612982741,-0.34885631589232846,-0.30981196524552,0.12683778855561065,2.4849066497880004,4,3,4,9,-0.40664340188758047,-0.4873635985093938,0.6680991263898353,0.2348193780873533
