stock_code,year,digi_patent,rd_ratio,intangible_digi,digital_ma
600000,2013,6,0.06851994734275166,0.034857299168025775,1
600000,2014,5,0.04246099293297278,0.06636147265947795,0
600000,2015,1,0.06496610119485499,0.113350581180338,0
600000,2016,8,0.03910122927999465,0.11288662302272842,0
600000,2017,2,0.028377853625541054,0.08132641403519131,1
600000,2018,6,0.04606698766301114,0.10808370775855568,1
600000,2019,5,0.06408118672866694,0.07522049160425821,1
600000,2020,8,0.05160054735496193,0.07284886761338044,1
600000,2021,13,0.0425500456006167,0.0743810280548204,0
600000,2022,12,0.03431822106989189,0.1174511354092174,0
600000,2023,6,0.03134897035114852,0.09658970926999984,0
600001,2013,2,0.0214628503444766,0.08411458656648932,0
600001,2014,1,0.03694460361872384,0.08750313370795652,0
600001,2015,3,0.021904621033297406,0.07682196584682888,1
600001,2016,2,0.04610095670189343,0.05950828171742705,1
600001,2017,5,0.033198632487527295,0.07719818012166464,0
600001,2018,5,0.039748505170102394,0.08335260342052057,0
600001,2019,2,0.03744211448562515,0.08954365778882459,0
600001,2020,5,0.03316490921338393,0.052762808123553814,0
600001,2021,5,0.034699391505913675,0.08018381566137002,0
600001,2022,3,0.03998780942645167,0.07682471001388026,0
600001,2023,7,0.035605789986667954,0.07357974393668842,1
600002,2013,3,0.020885211744640395,0.04512059203712727,0
600002,2014,7,0.032432359873323824,0.052066370146510346,0
600002,2015,4,0.027129620767867853,0.10663548521651141,0
600002,2016,2,0.026262969233626022,0.06734947547053914,0
600002,2017,4,0.04309625859274279,0.11261073078474285,0
600002,2018,0,0.048816197047254706,0.0710999189274268,0
600002,2019,5,0.047345840350340666,0.09006315710105012,1
600002,2020,6,0.03444290151640084,0.06401335818986276,0
600002,2021,3,0.046627470639587665,0.09567426476065763,0
600002,2022,5,0.04613333950201301,0.0745894045991946,0
600002,2023,5,0.03951492885768477,0.06943006830916393,0
600003,2013,3,0.023586184504982212,0.05516645016608148,0
600003,2014,2,0.05098833649668438,0.11004105053360043,1
600003,2015,2,0.022011241329395415,0.09895738785987043,0
600003,2016,7,0.03434612584702261,0.061607403342504724,0
600003,2017,5,0.021092007631946443,0.09174668080317469,0
600003,2018,2,0.032931640490026046,0.05304736498580295,0
600003,2019,2,0.05509924042718752,0.08262097685083815,0
600003,2020,1,0.05327444635374636,0.09665289972509529,0
600003,2021,4,0.030164450644230657,0.03393877089521166,0
600003,2022,9,0.053083482352086986,0.08925502769921852,1
600003,2023,5,0.024999625315137386,0.12152039826458017,0
600004,2013,6,0.05401645806920821,0.08814096583861569,0
600004,2014,4,0.01709689207870188,0.09492930312259987,0
600004,2015,3,0.024066864691060313,0.07791528947673222,0
600004,2016,7,0.0367069768320981,0.04239455898771405,0
600004,2017,5,0.04262704430591449,0.08843962208989667,0
600004,2018,8,0.03555014645661892,0.08607610941874963,0
600004,2019,5,0.0327257656166141,0.03875355498428783,1
600004,2020,6,0.046899940315365096,0.08721134625348806,0
600004,2021,6,0.04810155667447566,0.09394393340977973,1
600004,2022,8,0.050719420319648705,0.0839447569378155,0
600004,2023,4,0.033288332118190295,0.08711162288973355,1
600005,2013,3,0.048495341644075075,0.10243670613661165,0
600005,2014,1,0.0504398500001179,0.0914275768223155,0
600005,2015,9,0.06620548277729676,0.09918869395532902,0
600005,2016,3,0.059008464993978875,0.09380327339129485,0
600005,2017,6,0.05799259304399005,0.1079362613619182,0
600005,2018,3,0.0349197222048256,0.0848572529787577,0
600005,2019,4,0.06165892925378642,0.10392980813842777,1
600005,2020,9,0.08054390671617359,0.11336327720676938,0
600005,2021,10,0.06110100583618923,0.07071885839921623,0
600005,2022,3,0.05334816074486118,0.07241464244351255,0
600005,2023,12,0.04950318518145796,0.09650715202238525,1
600006,2013,3,0.04653301326019275,0.0829015213042449,0
600006,2014,6,0.04369026889468903,0.07999736704886626,0
600006,2015,6,0.04613992019524601,0.07180847092696827,1
600006,2016,4,0.06481845195273472,0.08363599227282152,0
600006,2017,7,0.03653582012587525,0.08709683344016397,0
600006,2018,3,0.05852299889899095,0.081713542844497,1
600006,2019,8,0.03287617484399758,0.07865992396504322,0
600006,2020,4,0.04021177260140787,0.08781034989871297,0
600006,2021,7,0.06202288722458651,0.1114092912684776,1
600006,2022,14,0.02930341178796748,0.11949094002956033,0
600006,2023,3,0.04676076306548982,0.10938905339931684,1
600007,2013,4,0.036848079592506085,0.04850961141274521,1
600007,2014,2,0.03945379631034451,0.07806446358095806,0
600007,2015,7,0.050004980637037955,0.08777708017831917,1
600007,2016,4,0.030986765346314477,0.053957605029190656,0
600007,2017,0,0.03496386236025141,0.0979495829569164,1
600007,2018,3,0.060744181258622784,0.06754422712267605,1
600007,2019,2,0.05859414037905061,0.0716225838386162,1
600007,2020,5,0.06468801435410135,0.07740671087620261,0
600007,2021,1,0.026697648474737764,0.06704258976804944,0
600007,2022,2,0.05720237435120762,0.07741247016567375,1
600007,2023,5,0.037548886510735846,0.06913669044007838,0
600008,2013,3,0.036270512744360404,0.08413786271927139,1
600008,2014,3,0.05115945586310741,0.07262275466138965,0
600008,2015,8,0.061800639316171385,0.0690801293302701,1
600008,2016,6,0.03814329409009896,0.04457477240922381,1
600008,2017,6,0.05437466433991223,0.12338455910875173,0
600008,2018,4,0.04097080927725953,0.07612671243777144,0
600008,2019,3,0.06506683555122822,0.08918260940034538,0
600008,2020,3,0.051400883365885115,0.07414932589760903,1
600008,2021,6,0.04044770479990648,0.0570300265773612,0
600008,2022,4,0.042166392198419105,0.06786538428437489,0
600008,2023,5,0.03448415190932427,0.11324849173008432,0
600009,2013,2,0.050996764209928644,0.07875079135262267,0
600009,2014,5,0.02747533735891814,0.08771170266620282,0
600009,2015,4,0.05490276883241019,0.05275945850161298,1
600009,2016,2,0.04148642596762721,0.07749377539940892,0
600009,2017,5,0.03846641976242667,0.05069397581675214,0
600009,2018,2,0.04554403028790624,0.07589888932614858,0
600009,2019,4,0.03890881449889331,0.061845696646262785,0
600009,2020,2,0.035147632631252146,0.0573451539744389,1
600009,2021,6,0.02236217242575739,0.05204421290456475,0
600009,2022,1,0.04798219247772303,0.08062873644814163,0
600009,2023,8,0.023737467488767972,0.11227767067316047,0
600010,2013,1,0.024499665807702502,0.055752067721684326,0
600010,2014,3,0.02044398626241807,0.07199939158511118,0
600010,2015,0,0.003627346935986313,0.04358910355621691,0
600010,2016,1,0.03993536551826744,0.06565385803121324,0
600010,2017,6,0.020740295092608427,0.07195120785275808,1
600010,2018,1,0.008591800524898177,0.04366991192135872,0
600010,2019,1,0.03068781998947113,0.0876696418409252,0
600010,2020,3,0.06930720363954132,0.0518863133248416,0
600010,2021,5,0.0484980375452464,0.08085443882380586,0
600010,2022,1,0.015956624824636348,0.061654008128206164,0
600010,2023,3,0.02322343913390363,0.05068522350967919,0
600011,2013,3,0.036606175068472,0.06150493414788181,0
600011,2014,3,0.02843484727244456,0.09358956342971025,0
600011,2015,5,0.03232193313510533,0.05617878567682385,0
600011,2016,5,0.04614169943007535,0.08767951826507052,1
600011,2017,3,0.038428861906263406,0.04214960998801939,1
600011,2018,4,0.041809267892696185,0.0847753489585945,0
600011,2019,8,0.05455742471180694,0.06777504165386755,0
600011,2020,2,0.05785884721355734,0.06164858627019387,0
600011,2021,4,0.05863262875084514,0.09132137634098929,0
600011,2022,2,0.04294403544520802,0.07014808535874066,0
600011,2023,8,0.04253043152769899,0.07790718647282863,0
600012,2013,3,0.05637298273630801,0.04902197036822199,0
600012,2014,3,0.042732800830060744,0.07966270947469237,0
600012,2015,3,0.04531472058343004,0.060787073400697715,1
600012,2016,2,0.06350755872182899,0.05885663255746815,1
600012,2017,6,0.04785398841015625,0.08880802714624329,1
600012,2018,6,0.03655292226362026,0.05340606746978456,0
600012,2019,3,0.041801017938370336,0.12777286491985346,0
600012,2020,3,0.03222441958053169,0.06077229563468094,1
600012,2021,2,0.0367404897278715,0.06642207734322726,0
600012,2022,7,0.04266473352394681,0.08748612123861695,0
600012,2023,4,0.04438482298227227,0.11041927338245244,0
600013,2013,3,0.0525057817047329,0.040624419208048705,0
600013,2014,0,0.03082247987552974,0.08086289650676227,0
600013,2015,1,0.02638174971884341,0.03702779302087869,0
600013,2016,2,0.02865730265120602,0.06981198786685441,0
600013,2017,2,0.038433161749064255,0.048829515075603055,0
600013,2018,1,0.025827132696694684,0.10210405158210627,1
600013,2019,2,0.05337696038082082,0.0654305405493771,0
600013,2020,2,0.04325331392725764,0.040251801381983095,0
600013,2021,4,0.04348438734030858,0.06720173595692543,1
600013,2022,4,0.03483396957563734,0.07317856076111319,0
600013,2023,5,0.02255604907119725,0.08928736995579992,0
600014,2013,2,0.04289788492176856,0.06523652027393956,0
600014,2014,3,0.05260535515353248,0.07293572551421765,0
600014,2015,4,0.03156705054021768,0.0773662481896635,0
600014,2016,3,0.026708665471315434,0.04673028061079138,1
600014,2017,2,0.048315792468480896,0.0808148418984732,0
600014,2018,5,0.06312421812123944,0.07696207045633832,0
600014,2019,3,0.04736031803397984,0.08336476976709485,0
600014,2020,4,0.0433584998276909,0.08926189237164801,0
600014,2021,1,0.04166608046176894,0.08519813984786061,0
600014,2022,3,0.05209409497790366,0.059014884329594224,0
600014,2023,10,0.052985158461940726,0.11158125838808412,1
600015,2013,5,0.04232549944344978,0.07062157832949037,0
600015,2014,6,0.03756478954257256,0.07311273354510602,1
600015,2015,5,0.05427484067139818,0.08430202984365164,0
600015,2016,3,0.03492280539814999,0.05803938176549342,0
600015,2017,8,0.03857219532287239,0.044874882028348335,0
600015,2018,8,0.035436680032789464,0.07943287629470733,0
600015,2019,4,0.04436267170352135,0.08131236898862448,0
600015,2020,2,0.017051801493684886,0.08739062194277114,0
600015,2021,5,0.04541380790863772,0.06250970516827323,0
600015,2022,9,0.048735285756654534,0.10636174650735511,0
600015,2023,2,0.04764480727612003,0.07049616311494927,0
600016,2013,2,0.04602764635060423,0.09479823837483128,0
600016,2014,2,0.028986915754677205,0.09429684044971189,0
600016,2015,4,0.06638221286169543,0.09851726786339049,0
600016,2016,0,0.02678597860900184,0.0792419925997863,0
600016,2017,4,0.04636514452308445,0.09483446147224561,1
600016,2018,6,0.029674802090886167,0.06101325404337475,0
600016,2019,6,0.031543144800762306,0.025253412793288382,1
600016,2020,8,0.02595804688483948,0.07544639469291219,0
600016,2021,3,0.0457392176523803,0.06248170005481909,0
600016,2022,3,0.03441611206072379,0.039139102737708355,0
600016,2023,1,0.03372038194982018,0.0781118992085789,1
600017,2013,1,0.02449601501024354,0.029215874159267914,0
600017,2014,1,0.03422016426253752,0.053161292110780176,0
600017,2015,4,0.03169323723517908,0.06554793671286638,0
600017,2016,3,0.04954194415333904,0.04875226103363894,0
600017,2017,2,0.03755098321006736,0.05102601728646172,0
600017,2018,3,0.020618189358259077,0.03669678633614183,0
600017,2019,1,0.026767422297122142,0.07215852175947603,0
600017,2020,4,0.015595003784256368,0.04131023020358104,0
600017,2021,6,0.03683039128913364,0.06351634409076168,0
600017,2022,4,0.03040911826628441,0.020549655402335998,0
600017,2023,6,0.020306328199896993,0.06627171575262195,0
600018,2013,0,0.033818605947141485,0.07950418537928758,0
600018,2014,1,0.04174918385660781,0.05643065469267638,1
600018,2015,1,0.038867714365268605,0.07907598901162056,0
600018,2016,5,0.04437014566825119,0.0630546528018663,0
600018,2017,10,0.03659514549811529,0.09194495625178174,0
600018,2018,2,0.03785767335567398,0.04494173427966093,0
600018,2019,3,0.025813117965435155,0.06283829517406178,0
600018,2020,3,0.03891149372525308,0.09667986674298457,0
600018,2021,3,0.018176461439055266,0.06498222964049186,1
600018,2022,1,0.02792841701427419,0.06204497362896577,0
600018,2023,2,0.060609018683323274,0.029911255126287124,0
600019,2013,5,0.0493068634774602,0.07972003598886081,0
600019,2014,3,0.061582074656774725,0.07950786967427631,1
600019,2015,6,0.052574116471565104,0.10463993726074741,0
600019,2016,7,0.0398218388321013,0.07675555225012688,0
600019,2017,5,0.06347324603761308,0.11734697764577551,1
600019,2018,8,0.03377374927267155,0.11619964868964018,1
600019,2019,9,0.06940670803102485,0.08805889689354421,1
600019,2020,10,0.057585904750498546,0.1531872678275023,0
600019,2021,10,0.04490810981674871,0.06950862252489093,0
600019,2022,11,0.050984345772209526,0.08862693586331587,0
600019,2023,7,0.03377865248337141,0.05071490139832284,0
600020,2013,7,0.05845786232473406,0.08012480223066087,0
600020,2014,5,0.0359542733515495,0.08506377649545893,0
600020,2015,5,0.0525501224782436,0.09040426761250223,1
600020,2016,2,0.032236097322288,0.08216416441758742,0
600020,2017,4,0.047578613931785,0.09805138962036516,0
600020,2018,4,0.02834813932833365,0.046057359222815904,0
600020,2019,5,0.026781878893812866,0.11309367729586539,1
600020,2020,5,0.0455223020051906,0.07061697769933135,0
600020,2021,3,0.035318009584713386,0.0600514985997691,1
600020,2022,10,0.05553788297701865,0.08636280213704338,1
600020,2023,8,0.0629641716276682,0.13542132395904716,1
600021,2013,3,0.06311234232643065,0.07974505508688674,0
600021,2014,3,0.04142668288794647,0.06490872876420771,0
600021,2015,5,0.04930990708692387,0.08949005030865517,1
600021,2016,7,0.0580738182540395,0.04969202949187412,1
600021,2017,2,0.0429259721914993,0.071762937934108,0
600021,2018,2,0.05652869283734739,0.062266739420609486,1
600021,2019,3,0.05188843987664955,0.07993030008947828,0
600021,2020,3,0.04669688274217068,0.07349446091240518,0
600021,2021,1,0.058017104038324,0.10658850027757596,0
600021,2022,6,0.04355616109913296,0.08451814029934984,0
600021,2023,3,0.035422551590567876,0.08277006052519063,0
600022,2013,2,0.04773102725279159,0.09909207623991637,0
600022,2014,6,0.051617213000182155,0.06742881946052709,0
600022,2015,6,0.0619577792723539,0.08069079735725654,0
600022,2016,12,0.04152259420179595,0.0814125961520722,0
600022,2017,6,0.05381890546491071,0.11482328170514126,1
600022,2018,4,0.06643787632041336,0.06111736135756394,0
600022,2019,6,0.0560490077957862,0.11125922270984784,0
600022,2020,4,0.05505188196696065,0.10428889831091323,1
600022,2021,14,0.06221539341673271,0.11123337275905856,0
600022,2022,9,0.041610589066153704,0.12658717771285966,0
600022,2023,9,0.04199753983041631,0.09807771342120963,0
600023,2013,6,0.038864446791236074,0.10392282271624986,0
600023,2014,5,0.027975202692544165,0.07815022570333065,0
600023,2015,2,0.03922287169090018,0.08216216616886633,1
600023,2016,8,0.02810831316382588,0.08841819183937086,0
600023,2017,3,0.0490274203137743,0.07285946154920968,1
600023,2018,8,0.036807703428994205,0.08482092805970826,0
600023,2019,7,0.0,0.11320204595585892,0
600023,2020,5,0.05083202818158533,0.06253985198424497,1
600023,2021,2,0.03854032452814366,0.07411531583970839,0
600023,2022,4,0.038768782799964104,0.08013766787455318,0
600023,2023,4,0.05016939860777267,0.07471674854243478,1
600024,2013,4,0.040198248539564545,0.049334850147858496,0
600024,2014,6,0.03093916912872144,0.04556208907359982,1
600024,2015,3,0.03759271197279827,0.0852942033688946,0
600024,2016,5,0.0420618039300379,0.056941705182776345,0
600024,2017,5,0.04882032110983281,0.0983802405553136,1
600024,2018,6,0.06426338011883813,0.07597518207978787,0
600024,2019,6,0.054847871022060235,0.11667787079924496,0
600024,2020,10,0.07255169958641215,0.10423935770908484,0
600024,2021,7,0.06755521526267275,0.0845918234964487,1
600024,2022,7,0.042990293091685526,0.13620294125094146,0
600024,2023,5,0.05861692019748843,0.0836113651846218,0
600025,2013,3,0.027331564334344954,0.06346695725205985,0
600025,2014,6,0.0525782529598195,0.09644410706512838,1
600025,2015,1,0.04028471380016212,0.12036173409046926,0
600025,2016,5,0.05735078369322463,0.08564636596690842,1
600025,2017,4,0.04047851264901705,0.09313300424697851,0
600025,2018,8,0.07325680577505898,0.08465460732880828,0
600025,2019,5,0.05528068728759199,0.10564388845088153,0
600025,2020,10,0.07439814677562961,0.09174327587657861,0
600025,2021,4,0.04413143143312571,0.09145032540117365,0
600025,2022,6,0.06714856207181813,0.08544830035345488,0
600025,2023,6,0.08014636897609456,0.09612703049543005,0
600026,2013,5,0.03938008238663181,0.07245217170851474,0
600026,2014,2,0.055103303393196475,0.10184471940861047,1
600026,2015,8,0.05869235571985421,0.14114267970312389,0
600026,2016,1,0.041537905552734046,0.0547283521528678,0
600026,2017,6,0.05562331048263182,0.07308136774699545,0
600026,2018,6,0.0529891534375338,0.1173309398029524,0
600026,2019,3,0.0289167023069249,0.0911767447895367,1
600026,2020,8,0.048240560419863264,0.05735119678013773,0
600026,2021,5,0.049361265786610806,0.09381688857609316,1
600026,2022,7,0.032808034478322465,0.07074580202249514,1
600026,2023,2,0.036408100729987715,0.13019827768045666,1
600027,2013,1,0.0210341596486412,0.08606470023590554,0
600027,2014,6,0.03257185588689449,0.06179788593625128,0
600027,2015,3,0.05742954578780356,0.044821959835775,0
600027,2016,3,0.017123298763929047,0.07926775950934828,0
600027,2017,5,0.04281787174100485,0.07516816128329307,0
600027,2018,3,0.022865175510194007,0.08883190501347694,0
600027,2019,5,0.050579200715588996,0.0833507916218399,0
600027,2020,4,0.03383048167839931,0.08247923088668566,1
600027,2021,7,0.033335558603744944,0.09831383294820498,0
600027,2022,1,0.049256523583670025,0.03717206249331053,0
600027,2023,4,0.06982944006473829,0.11905852955198981,1
600028,2013,3,0.019191954298842122,0.08834915460945411,0
600028,2014,5,0.05051497710602883,0.06123076993412477,1
600028,2015,2,0.04685925725704137,0.07208905955452304,0
600028,2016,3,0.04122066602885306,0.06391057230668115,0
600028,2017,2,0.021908458952398013,0.04812960958574437,0
600028,2018,11,0.03190834951694807,0.0638887156158264,1
600028,2019,6,0.03330939696852763,0.06865352668645097,0
600028,2020,1,0.0681369230964396,0.11865561572536198,0
600028,2021,8,0.04810821387601452,0.07699039173155092,1
600028,2022,3,0.04253829555284336,0.0893517709293885,0
600028,2023,7,0.0694547384563357,0.09110261066966242,0
600029,2013,5,0.06259759219877646,0.05347082123143877,1
600029,2014,10,0.05344572477899727,0.09572179199453675,0
600029,2015,6,0.05716589442643369,0.09072911396731677,0
600029,2016,3,0.059058468013142615,0.11430282525368832,0
600029,2017,10,0.04830575051445596,0.09095406852343645,0
600029,2018,7,0.048518069874059246,0.09094852809861581,0
600029,2019,12,0.025750524413764173,0.12035968922805972,0
600029,2020,6,0.035043808047596416,0.08188784639292607,0
600029,2021,2,0.054127524864353474,0.10371528483645054,1
600029,2022,0,0.05705917995484777,0.08005270260552659,1
600029,2023,11,0.05181945348367744,0.11324923604091597,0
600030,2013,5,0.05534638849688634,0.06769192494537148,0
600030,2014,6,0.04742722741245508,0.06230203345644134,0
600030,2015,6,0.04231362278978371,0.040569899405750384,0
600030,2016,4,0.052802754071566545,0.07943049219720451,1
600030,2017,6,0.045223927225591834,0.04224963562943671,0
600030,2018,7,0.03217220414224327,0.055748467363670465,0
600030,2019,5,0.029887490422938836,0.08682392543866767,1
600030,2020,7,0.054472362529417,0.10903143978723989,0
600030,2021,5,0.04417983668988032,0.05093919991867216,1
600030,2022,4,0.04827080312979219,0.06905263925050913,1
600030,2023,5,0.06821126383299447,0.08698025551653421,1
600031,2013,3,0.035928376368020785,0.06409623617415365,0
600031,2014,4,0.050773256350091625,0.08525725366391351,0
600031,2015,3,0.04726951064826606,0.0689392883198399,0
600031,2016,3,0.018774136950438787,0.10779373453758918,0
600031,2017,9,0.033602729125257205,0.04687161398197662,1
600031,2018,5,0.08203928844823302,0.08549707671320833,1
600031,2019,6,0.04323643499431457,0.09041053300948151,1
600031,2020,2,0.05755768740337282,0.07549712112814008,0
600031,2021,4,0.054702512027406905,0.07625860059995332,1
600031,2022,5,0.04713190864049484,0.1071897802720114,0
600031,2023,2,0.025282267389124154,0.0806285453364002,1
600032,2013,6,0.03517551542405467,0.10270896596038447,0
600032,2014,3,0.04518792423286175,0.07484246445875672,0
600032,2015,9,0.03469459150921937,0.11646171402735248,0
600032,2016,6,0.03985554751180133,0.031346261732517554,0
600032,2017,6,0.05524067727058351,0.11850291194066985,0
600032,2018,4,0.0411384798476678,0.12656172681686712,0
600032,2019,7,0.05920353215813417,0.11249411932649275,1
600032,2020,6,0.05798858406985492,0.13158623994614935,1
600032,2021,6,0.037639724785812276,0.11704571092803073,0
600032,2022,6,0.048731692550641165,0.06472889765774933,0
600032,2023,3,0.06430372130506332,0.08072619383293013,1
600033,2013,4,0.046453897529884755,0.06776200208395654,0
600033,2014,6,0.029903410028041075,0.07277323507645299,0
600033,2015,5,0.05911856972148124,0.07322731931515185,0
600033,2016,5,0.0565782987818265,0.08307390407227788,0
600033,2017,9,0.029373224031388343,0.13242370979637258,0
600033,2018,4,0.07231489786851748,0.11104639739866451,0
600033,2019,10,0.039850202634415494,0.11175883051332566,1
600033,2020,7,0.0541156345020973,0.09934804544203416,0
600033,2021,13,0.04539335355848495,0.07868973458996614,1
600033,2022,8,0.03607403225495354,0.11817436794455317,0
600033,2023,7,0.04971283903432871,0.07157240464201987,1
600034,2013,5,0.04317454827751731,0.03219332988727025,0
600034,2014,4,0.04820541660602758,0.07968510506291705,0
600034,2015,3,0.04203024545699599,0.06367252120824475,0
600034,2016,11,0.05178405470804494,0.10910123549341985,0
600034,2017,6,0.04926990576205063,0.08143574582383983,1
600034,2018,5,0.06330286601242512,0.08571119177146745,0
600034,2019,8,0.047335468482576325,0.09879825509931917,0
600034,2020,6,0.027642002341080885,0.12936086732759802,1
600034,2021,13,0.026832060875795455,0.08301870266317735,1
600034,2022,10,0.06520591560781615,0.09928679900507377,1
600034,2023,7,0.044046865155974634,0.1170424826125842,1
600035,2013,4,0.035073130591158755,0.09118242979923608,1
600035,2014,2,0.04205958221816839,0.10624138030947873,0
600035,2015,4,0.05002661556384153,0.044884229790904784,1
600035,2016,4,0.08328049845323932,0.09195913420548713,1
600035,2017,4,0.025667885237022646,0.012427806629395577,0
600035,2018,8,0.04251563685757498,0.10230068212729113,1
600035,2019,6,0.02871510271961523,0.10901781061403763,0
600035,2020,6,0.06880350510214854,0.09653686882389341,1
600035,2021,8,0.0453158048639444,0.08068007647940247,1
600035,2022,4,0.04245453651243754,0.061272616701230714,0
600035,2023,7,0.04358015868190304,0.06708260400945573,1
600036,2013,3,0.0396379638837412,0.08555823177737878,0
600036,2014,6,0.046915545663671857,0.09264564350806599,0
600036,2015,5,0.05021388996463543,0.10475452439893888,0
600036,2016,4,0.06860223397013407,0.08184632600503705,0
600036,2017,5,0.05373770298736528,0.12563513813252739,0
600036,2018,3,0.07722159404714343,0.057240511167046315,0
600036,2019,5,0.032992127257103036,0.08941608416110254,1
600036,2020,1,0.06322907568180652,0.10229903112452084,0
600036,2021,7,0.0624948358263118,0.08478674658754978,0
600036,2022,3,0.050366070330344646,0.07428973454555694,1
600036,2023,7,0.050884766912148924,0.0966219625832073,0
600037,2013,6,0.04476371258779044,0.09947615303357636,0
600037,2014,2,0.05060097060043449,0.06927206153884413,1
600037,2015,4,0.012796830018426155,0.07114488742115613,1
600037,2016,4,0.06021816027694958,0.060947676375131404,0
600037,2017,11,0.021292166529730473,0.07245442004103023,1
600037,2018,6,0.06888858705908683,0.10628521915407001,1
600037,2019,5,0.05526557467074301,0.07097645074797919,1
600037,2020,8,0.05004527399091485,0.08539190501504043,1
600037,2021,1,0.038070124539585,0.10095004679595374,0
600037,2022,7,0.04908466620336598,0.08746781769489144,0
600037,2023,7,0.04408741655154055,0.1268550815161201,0
600038,2013,3,0.0296433305836501,0.062072000768926654,1
600038,2014,3,0.03210433823845188,0.0828755441565674,0
600038,2015,4,0.046245781500847793,0.0921267974859219,1
600038,2016,12,0.03919520586563265,0.08979710153924629,0
600038,2017,5,0.04390025325721886,0.06844399321958794,1
600038,2018,7,0.04404992238242115,0.06075482029048283,1
600038,2019,5,0.04286871538246366,0.11152459389321426,1
600038,2020,3,0.05901213334066971,0.12576644119498925,0
600038,2021,7,0.0600999650292867,0.09740974072324206,1
600038,2022,4,0.03486862565893635,0.09944529126019135,0
600038,2023,8,0.04625098141931732,0.0942039027566562,0
600039,2013,5,0.03569560320528106,0.07226628335449832,0
600039,2014,3,0.04559679253590631,0.09624800560462701,1
600039,2015,3,0.06262892318473941,0.04783257465624384,0
600039,2016,6,0.059019571486373996,0.0784145169688164,0
600039,2017,4,0.05857803368533756,0.09303897455159049,0
600039,2018,11,0.04742986326368609,0.11976113238455457,0
600039,2019,5,0.0439306724537082,0.08983296718707058,0
600039,2020,11,0.05412747578930274,0.07372581606752907,0
600039,2021,10,0.04139619806516098,0.11491467377418488,0
600039,2022,6,0.04661984210958277,0.06729911502975693,1
600039,2023,7,0.050304544649800165,0.09561901955051881,0
600040,2013,4,0.05330576784525731,0.061509138307683925,1
600040,2014,8,0.04700970439483186,0.10799985461086216,0
600040,2015,9,0.05402073194966894,0.05937415899306655,0
600040,2016,4,0.05758097439171357,0.12228008746836488,0
600040,2017,6,0.05089599028134479,0.0777239225390379,1
600040,2018,12,0.040267763511956475,0.07403437777810457,1
600040,2019,5,0.05915075176015542,0.08255782015916736,0
600040,2020,5,0.056640064540030566,0.08964532787714963,0
600040,2021,3,0.044207448912122374,0.09416788984059435,1
600040,2022,9,0.06551281330302684,0.12143632243826356,0
600040,2023,7,0.06482287610821216,0.10171975654285752,1
600041,2013,5,0.0505268083848638,0.04610341421069826,1
600041,2014,4,0.03674274652030836,0.028348450633699465,1
600041,2015,1,0.051139081219053695,0.04431895571488546,1
600041,2016,3,0.03774690584751917,0.0763536188132796,1
600041,2017,1,0.061733843095658034,0.0721504662351638,0
600041,2018,8,0.055075519719260446,0.07628808609842275,0
600041,2019,5,0.04597452800867949,0.11419948612232654,0
600041,2020,3,0.02400965345930838,0.09167623423976481,0
600041,2021,6,0.050909636312746406,0.08635162854426798,1
600041,2022,5,0.06732691128531694,0.0834881955332476,0
600041,2023,7,0.04392377920716706,0.06973964844415008,1
600042,2013,1,0.029861530998003025,0.05022732147329979,1
600042,2014,5,0.023342568210050214,0.0379307996663554,0
600042,2015,1,0.028553303088239168,0.10602574556277514,0
600042,2016,2,0.011709316594522248,0.05725479873446841,1
600042,2017,1,0.03890029075585897,0.0538454164540417,0
600042,2018,3,0.029234387381292068,0.07466550268138258,0
600042,2019,1,0.04674179580893662,0.08479378544698335,0
600042,2020,8,0.010773510301229541,0.06543743787208971,0
600042,2021,4,0.030883953295210174,0.033565658950183104,0
600042,2022,5,0.0457851422075945,0.11898086876562183,1
600042,2023,1,0.04720311925322767,0.10585461770870323,1
600043,2013,5,0.02864646993316465,0.04880312724535554,0
600043,2014,3,0.04260507157923603,0.06906316946537816,0
600043,2015,6,0.04758557803566281,0.07699707437621278,0
600043,2016,6,0.05641462091259289,0.07455885432773267,0
600043,2017,7,0.0528182705399031,0.05565069833545229,0
600043,2018,2,0.03443802673674166,0.11655022348002389,1
600043,2019,9,0.053922677026779435,0.1060762456749265,1
600043,2020,4,0.049885418495701224,0.1134249883012858,1
600043,2021,11,0.06456988123564038,0.10176660851624666,0
600043,2022,14,0.0712270098254201,0.0871242831621502,0
600043,2023,9,0.05281104793158564,0.1254499933217104,1
600044,2013,2,0.0356629035555579,0.05368649263637054,0
600044,2014,5,0.04944800524559119,0.07215130049071579,1
600044,2015,4,0.04690809546739115,0.0746072438819093,0
600044,2016,6,0.03194339265540051,0.06401820227434293,0
600044,2017,1,0.04103191492586108,0.09005714845909583,0
600044,2018,3,0.06009040990723922,0.09312045884120344,0
600044,2019,4,0.02811556820542803,0.09946435082173208,0
600044,2020,8,0.03379050709122865,0.08248348127162346,0
600044,2021,4,0.01329615127440583,0.09330962747824312,0
600044,2022,3,0.024329118960794795,0.03666121945229548,0
600044,2023,6,0.06566228729643747,0.08920104291807317,0
600045,2013,0,0.03178965042409509,0.06822876551971253,1
600045,2014,3,0.03949469973863801,0.0924125886953615,0
600045,2015,4,0.0,0.10084317285951108,0
600045,2016,7,0.03492102874107422,0.06876900300488802,0
600045,2017,6,0.030372664650179668,0.07581879144070909,0
600045,2018,2,0.03455571286649829,0.08636761053747313,0
600045,2019,2,0.0626703968991656,0.053221711801795024,0
600045,2020,4,0.04870755238884782,0.10967821079108639,0
600045,2021,4,0.051474129113582456,0.05469481201255161,0
600045,2022,1,0.04234215566337698,0.1071440415941616,0
600045,2023,0,0.049480899800848924,0.079503033910331,0
600046,2013,6,0.02601886135481594,0.08036068498275221,1
600046,2014,3,0.04872693472687977,0.05408370369925818,1
600046,2015,1,0.039880621889886086,0.05865021162381254,0
600046,2016,4,0.033388634398908684,0.05661683399922709,1
600046,2017,3,0.03744923189898554,0.07853100397539535,0
600046,2018,2,0.014928378918615193,0.06844805714622713,1
600046,2019,3,0.035029170208528936,0.061411131160757554,1
600046,2020,5,0.04537266751409241,0.09709308431994383,0
600046,2021,4,0.013920584558164095,0.10341931793922655,0
600046,2022,2,0.04097046406093295,0.06265145197755916,0
600046,2023,4,0.041248066761472545,0.12071990525858495,0
600047,2013,7,0.05950193276418107,0.11632370016021609,1
600047,2014,5,0.05942466524847863,0.1113225882560944,0
600047,2015,3,0.02987673799129685,0.06329971266429678,1
600047,2016,4,0.03975239437305844,0.09382261331613745,1
600047,2017,3,0.0456642478630094,0.07611317423783938,1
600047,2018,5,0.05029221374024176,0.0733320250633322,0
600047,2019,2,0.022743990957845798,0.051081515388908635,1
600047,2020,7,0.05634577155122286,0.10974332319471528,0
600047,2021,4,0.01036427599155463,0.08796422428420403,0
600047,2022,3,0.04594115610445127,0.10026303400401385,1
600047,2023,2,0.0736801949430766,0.0981329419143478,0
600048,2013,2,0.0290549915425018,0.007986896999568484,0
600048,2014,3,0.028456865732334004,0.07244926950026707,0
600048,2015,2,0.006591299568054321,0.07502783587821825,0
600048,2016,2,0.007731368732652937,0.05146043150383288,0
600048,2017,2,0.044709509646748344,0.04649422146329375,0
600048,2018,2,0.0264997485314368,0.0899448981957614,0
600048,2019,3,0.03617304075704142,0.06336827787601987,0
600048,2020,3,0.02531941513305443,0.06302388176911841,0
600048,2021,2,0.04552823632359215,0.04332967762964325,0
600048,2022,0,0.028456207880162284,0.04993749925635282,0
600048,2023,0,0.0174553298007356,0.04840365416988125,0
600049,2013,9,0.009276373685852577,0.10158218640666851,0
600049,2014,3,0.03458288328933924,0.06551041192188484,0
600049,2015,5,0.03987846511633396,0.05127469461213202,1
600049,2016,2,0.04017348863564866,0.07581540276928402,0
600049,2017,4,0.02965322414640071,0.10580988795086053,0
600049,2018,2,0.027750187967829784,0.06207584620641205,0
600049,2019,0,0.026632734511504975,0.06190306402592443,0
600049,2020,3,0.022333874846009055,0.060113745407726314,1
600049,2021,2,0.03669590774499413,0.09691055539668983,0
600049,2022,3,0.031062817875415843,0.07116427005986425,0
600049,2023,4,0.033327498094587626,0.025256713903491157,1
600050,2013,6,0.06478266724909934,0.051227154032152736,0
600050,2014,4,0.05486108411403706,0.05907905296752865,0
600050,2015,5,0.043088544193902754,0.06998996346785671,1
600050,2016,4,0.027448967509443617,0.10645829802058861,1
600050,2017,3,0.045456892892433785,0.08165482700323563,0
600050,2018,4,0.057274962233282725,0.0761951413403799,1
600050,2019,4,0.026120157690245626,0.04779272485438008,1
600050,2020,5,0.058021567152786,0.07622012042822578,0
600050,2021,7,0.06789361272172144,0.06544413056719106,0
600050,2022,8,0.05224643537919751,0.09607255311114854,0
600050,2023,9,0.06854975048410628,0.10327671919440498,1
600051,2013,5,0.02976200922004336,0.09046601811729003,0
600051,2014,7,0.05261307137864756,0.0577523679989117,0
600051,2015,3,0.06083676051628141,0.0751191789957173,0
600051,2016,6,0.03647346932364443,0.09628882616044966,0
600051,2017,8,0.06037225298184275,0.10505874342588982,0
600051,2018,3,0.022753045171848688,0.07157170888414272,0
600051,2019,4,0.047699293243810656,0.07734566730620472,1
600051,2020,4,0.058486763168973915,0.0812856172876375,0
600051,2021,7,0.03524726240833398,0.09376812294610191,0
600051,2022,2,0.04676911029084095,0.09685446612587623,0
600051,2023,3,0.0369097802478041,0.0940577676466846,0
600052,2013,3,0.009601003986167478,0.09241719866653478,0
600052,2014,6,0.04595059514343252,0.1115448685887341,0
600052,2015,4,0.05286468910082195,0.05913518745088217,0
600052,2016,6,0.04330380259350209,0.06582001182342731,0
600052,2017,6,0.032803867662122906,0.036723208339545975,1
600052,2018,10,0.037544905336508706,0.08566237648842262,0
600052,2019,7,0.04766958654618672,0.12142943335753986,0
600052,2020,3,0.06532924782140037,0.11196294990953864,0
600052,2021,6,0.03993321879654857,0.12473712804302867,1
600052,2022,8,0.03835069418980256,0.09929272683304166,0
600052,2023,6,0.04550438004795151,0.10631882603210456,0
600053,2013,8,0.04066904102354721,0.09819367504976409,0
600053,2014,5,0.03749610448434543,0.026790939281744107,0
600053,2015,4,0.03901231999581769,0.09831107149851034,0
600053,2016,6,0.04585418908131437,0.08292155247282411,0
600053,2017,1,0.06388785099830904,0.07182476028837737,0
600053,2018,0,0.01272624762535604,0.06272677427746139,0
600053,2019,9,0.057087098916123,0.051387391964388685,0
600053,2020,1,0.039119356918227405,0.04640383245693347,0
600053,2021,3,0.05024962563252329,0.0881701208835644,0
600053,2022,6,0.05030095137784007,0.059856003262597046,0
600053,2023,6,0.058297022028489257,0.08086242457452902,1
600054,2013,4,0.04494337410300665,0.013734216983436513,0
600054,2014,2,0.00896035605000579,0.04203321759887904,0
600054,2015,1,0.025968835931292594,0.05178152267682705,0
600054,2016,3,0.024497340578659106,0.016572167268344908,0
600054,2017,3,0.051520201341393373,0.029930620084522904,0
600054,2018,5,0.02095659106795357,0.08490541194844055,0
600054,2019,2,0.02449596500096199,0.037041793029864656,0
600054,2020,3,0.02721414093202636,0.07847265315575731,0
600054,2021,6,0.04339797951480664,0.031079240590935885,0
600054,2022,2,0.009244633851111135,0.08659615775415129,1
600054,2023,1,0.027865249672734932,0.0780831505361533,0
600055,2013,2,0.017101815682800968,0.0457658967329217,0
600055,2014,3,0.03721843588002977,0.07098296307912472,0
600055,2015,2,0.05804848494263115,0.08350483688209528,0
600055,2016,3,0.017418240369331907,0.02716570568764786,1
600055,2017,4,0.026856622370831418,0.08959557329926345,0
600055,2018,5,0.03852126116112656,0.028364083708278864,0
600055,2019,1,0.02963843378503227,0.03545123195138862,0
600055,2020,2,0.03978654614873524,0.0366679609828153,0
600055,2021,0,0.027052674160681668,0.04302820785893879,0
600055,2022,3,0.02903071093982095,0.04803198917817214,1
600055,2023,2,0.01977369281404119,0.04952014241833057,0
600056,2013,3,0.057593068533595825,0.07142491382606467,1
600056,2014,3,0.0393482338822921,0.10325197668058685,0
600056,2015,4,0.047218418202316315,0.11445971096573138,0
600056,2016,6,0.042943109660669686,0.06516390016217916,1
600056,2017,5,0.03704767015479378,0.09324801745360485,1
600056,2018,5,0.04052259177508182,0.09654402129726902,0
600056,2019,8,0.05486270100699245,0.0819648318971487,0
600056,2020,7,0.031813312601059414,0.08539730684596117,0
600056,2021,10,0.05962038625582007,0.0965123768927819,1
600056,2022,4,0.06481199763858991,0.10342965343178315,0
600056,2023,4,0.060288997053670454,0.07677745402791171,1
600057,2013,1,0.038964621444440385,0.0643260676658957,0
600057,2014,4,0.015194088581636036,0.0957971818130323,0
600057,2015,1,0.05222962341076548,0.05795561217862135,0
600057,2016,6,0.02561435913280439,0.04418529226535246,0
600057,2017,5,0.037548588566480634,0.05838238312370436,0
600057,2018,1,0.01940071783104965,0.07465204217959222,0
600057,2019,3,0.026421276103013307,0.06276423979544689,0
600057,2020,4,0.05032884734025113,0.07947218640878681,0
600057,2021,2,0.05027028868364715,0.09503907349033906,0
600057,2022,4,0.04388099123814346,0.051367688346696756,0
600057,2023,2,0.040802434006480856,0.04204859207540898,0
600058,2013,5,0.029912043724530928,0.08960459777200178,0
600058,2014,1,0.051154995896456265,0.09676490077233764,0
600058,2015,6,0.047115985412248505,0.1065563825293865,1
600058,2016,5,0.0641614342168315,0.09158573136898626,0
600058,2017,2,0.05342155696055491,0.08424434871906566,0
600058,2018,4,0.04026332119186513,0.04456682578115261,0
600058,2019,8,0.036541200399856366,0.0689051714782265,0
600058,2020,8,0.05905110631800742,0.07513728973887306,1
600058,2021,3,0.06687320495451277,0.14492092234910037,0
600058,2022,7,0.035721056994207856,0.10508137086279662,0
600058,2023,6,0.05469550875461947,0.09230145104798229,0
600059,2013,5,0.05484779666780189,0.10152185913455505,0
600059,2014,9,0.02684066987131353,0.09807132122666218,1
600059,2015,7,0.0399045659292595,0.06812214751456624,0
600059,2016,6,0.04233096116587236,0.0586142818294393,0
600059,2017,4,0.05937096488276564,0.07525546924807613,0
600059,2018,7,0.04737714431445771,0.10466191969823582,0
600059,2019,6,0.0480747037426435,0.14228075325255027,0
600059,2020,5,0.06597451801013804,0.08997736304006593,0
600059,2021,1,0.026030080589183404,0.0711739082896631,1
600059,2022,6,0.0362783756212799,0.08273633905249737,0
600059,2023,1,0.02735353825569857,0.09193428608796778,0
600060,2013,1,0.062224748261009544,0.08358867053213276,0
600060,2014,4,0.038697828690997554,0.03166135377887191,0
600060,2015,4,0.01217563894479871,0.031043816486202358,0
600060,2016,5,0.025321217138652482,0.04412324039350223,0
600060,2017,6,0.04589115229349777,0.08293453745086238,0
600060,2018,5,0.06339515042868224,0.06341309091066871,1
600060,2019,2,0.02037170346342189,0.059158715745088235,0
600060,2020,2,0.047841963487260365,0.10061463892115868,1
600060,2021,5,0.06168561900614432,0.08932310110600122,0
600060,2022,1,0.04405598179401103,0.07423230275284508,0
600060,2023,5,0.044387673663558606,0.08911148743920637,0
600061,2013,3,0.0222973468123652,0.06211498166526891,1
600061,2014,5,0.050757666492954996,0.03625329277663595,0
600061,2015,6,0.03998339190323798,0.10007462673606171,0
600061,2016,3,0.050124942321338545,0.05260116289704768,0
600061,2017,4,0.06308446627904508,0.07294025167212208,0
600061,2018,4,0.01193348444666937,0.10055242438611199,0
600061,2019,9,0.029208190653761814,0.08687525814098788,0
600061,2020,9,0.044285994337221204,0.08708600009608478,1
600061,2021,3,0.026068168308920434,0.0937063653938622,0
600061,2022,5,0.04311206920814349,0.06735415457778576,0
600061,2023,1,0.03762697504676117,0.09560356326427172,0
600062,2013,4,0.035234531038364804,0.09720409571083495,0
600062,2014,3,0.038704438906735576,0.08997728146863343,0
600062,2015,1,0.06848262849042136,0.045493270110138935,0
600062,2016,2,0.05734327441848486,0.02810593692703163,0
600062,2017,4,0.05069245554599107,0.060068094260161194,0
600062,2018,5,0.0521611496508774,0.09450535508343116,0
600062,2019,6,0.04264037459470652,0.08680980853842316,0
600062,2020,3,0.03736699321174966,0.1012476994779436,0
600062,2021,6,0.04271564772654733,0.06460729171639266,0
600062,2022,5,0.04767189492826205,0.054913451760378915,0
600062,2023,6,0.04551222389699264,0.07886004498086963,0
600063,2013,3,0.04055461776857081,0.07602469675305457,0
600063,2014,2,0.03189618278684381,0.09554173140160703,0
600063,2015,4,0.045194589874928394,0.06378632882263541,0
600063,2016,4,0.042092026659866645,0.04644869467506604,0
600063,2017,5,0.06130817348982369,0.05723414733953093,0
600063,2018,4,0.034367680870002,0.07077480856101924,0
600063,2019,3,0.05275715003414695,0.059825020182841984,0
600063,2020,3,0.04278631599689252,0.07850011690441357,0
600063,2021,4,0.0323613289623484,0.08932703233585777,1
600063,2022,4,0.043366851283610036,0.03272202413290603,1
600063,2023,7,0.06813637221937333,0.09913890715054453,0
600064,2013,6,0.042473512509230225,0.05826006554662636,0
600064,2014,3,0.034243356773180675,0.0856830211648859,0
600064,2015,3,0.049537749495924724,0.0768722357579431,0
600064,2016,0,0.032425778220953216,0.08416958643818732,0
600064,2017,1,0.03663787538794031,0.07249224986307047,0
600064,2018,2,0.040361221757473885,0.04878789216506618,0
600064,2019,5,0.05470483321857261,0.046315979849860016,0
600064,2020,5,0.036013433949776186,0.07314835408190257,1
600064,2021,1,0.03013907666635337,0.08182874951614008,0
600064,2022,3,0.025437103259036635,0.04054493886477685,1
600064,2023,4,0.04952751912165003,0.06511392917181028,0
600065,2013,6,0.03543906061608288,0.09422596372629766,0
600065,2014,3,0.03698197258871021,0.06967953805923469,0
600065,2015,2,0.032512610023878126,0.10318311563039904,0
600065,2016,3,0.05167630098234432,0.0509002199373271,0
600065,2017,4,0.03074405929920901,0.07389400372928098,1
600065,2018,4,0.0393478674440147,0.09581245746717434,0
600065,2019,5,0.0339313502182609,0.04486075392030878,0
600065,2020,4,0.04789748965207511,0.0890145000119202,1
600065,2021,2,0.015908327256706965,0.09176449015968241,1
600065,2022,4,0.05369306412783463,0.10648359940262385,0
600065,2023,3,0.0482263916181509,0.054916702464011646,0
600066,2013,6,0.02406454235589561,0.07615169831992816,0
600066,2014,1,0.03770452416817068,0.07545275705805547,0
600066,2015,5,0.04670129302344107,0.05871652746806218,0
600066,2016,3,0.04243623782632074,0.079219603963254,0
600066,2017,4,0.04141454051206462,0.12356218454726245,0
600066,2018,4,0.02884192632165954,0.08637397957748869,0
600066,2019,7,0.03734782928469408,0.09367594622761398,0
600066,2020,4,0.05077103325400752,0.10144498483837795,0
600066,2021,4,0.026124410674117776,0.057934716047772755,0
600066,2022,5,0.04730636624790643,0.051631272860792124,0
600066,2023,3,0.04502095891932883,0.11558862097859263,0
600067,2013,6,0.03252006015791937,0.031466256326112815,0
600067,2014,6,0.031914790108159424,0.05515767559565174,0
600067,2015,5,0.030127310946152928,0.0765395324865535,1
600067,2016,8,0.05351176470214973,0.06088859021978099,0
600067,2017,7,0.06322194310781604,0.08428936141710044,0
600067,2018,7,0.05211990889836952,0.08416839535636023,0
600067,2019,1,0.06976838098463845,0.1317524134683445,0
600067,2020,7,0.0774404931812514,0.09169902574499622,0
600067,2021,8,0.0528280505103318,0.11648004712603038,0
600067,2022,2,0.05451506748279449,0.07851446762130096,1
600067,2023,6,0.05080848270582444,0.10023423414138519,0
600068,2013,5,0.013543651519516534,0.09175505757442967,0
600068,2014,3,0.03994519420300335,0.051103156377439105,0
600068,2015,8,0.03326491623917977,0.08391762234859464,0
600068,2016,2,0.033633358120103006,0.057476695112459314,1
600068,2017,5,0.0615788987919233,0.07657667546216332,0
600068,2018,4,0.061822710002187406,0.09091074538079096,0
600068,2019,4,0.01734529588732318,0.08579594419484622,0
600068,2020,3,0.06544356224074759,0.1046140587522395,0
600068,2021,3,0.030159570671021423,0.11317967429099648,0
600068,2022,6,0.0520410862092449,0.11709202558992102,0
600068,2023,5,0.040465752204910846,0.07654033611210492,0
600069,2013,3,0.039741107836882,0.08090330437282514,0
600069,2014,3,0.02049432239216079,0.043661169577807635,0
600069,2015,1,0.021891676165935247,0.040290788254381246,0
600069,2016,2,0.057672422699753215,0.058652414207700815,0
600069,2017,4,0.04059028693308701,0.05165209014463874,1
600069,2018,0,0.03532097310545176,0.047643462959054264,0
600069,2019,2,0.02879032679121566,0.07941196868446358,0
600069,2020,3,0.017393928279981423,0.0695905777092537,0
600069,2021,6,0.02853963122077872,0.10743990709880949,0
600069,2022,3,0.05203249698252841,0.08339792841114885,0
600069,2023,5,0.05028339841362116,0.08352251231722398,0
600070,2013,2,0.04439268395725267,0.08793965967451763,0
600070,2014,7,0.05197767039462406,0.0892997131983083,1
600070,2015,1,0.04542811891064585,0.11079154712833747,0
600070,2016,10,0.04781385520971783,0.11118387954510782,0
600070,2017,6,0.04520627352346497,0.07348507563128612,0
600070,2018,8,0.05298933475045684,0.10577222472631916,0
600070,2019,7,0.02268231429149551,0.0804437838534803,1
600070,2020,2,0.03630132066573151,0.1062075457592076,0
600070,2021,7,0.046352717959954055,0.10909885897094297,1
600070,2022,9,0.03920315767799322,0.09143758340307621,1
600070,2023,6,0.03820207556935003,0.10323659690511736,1
600071,2013,2,0.04271570475312262,0.07094894066986206,0
600071,2014,4,0.0652576699450904,0.07234493107189773,1
600071,2015,3,0.03666028535796289,0.04805307094409722,0
600071,2016,4,0.024435556754202857,0.044450178000939894,0
600071,2017,1,0.05151726756627143,0.07072039486412869,0
600071,2018,2,0.0406139877544083,0.10137948156271755,0
600071,2019,4,0.04511668695287577,0.08155365597306574,0
600071,2020,5,0.03820173060451594,0.08995076198037612,1
600071,2021,2,0.07960229653129353,0.05611344537538478,0
600071,2022,3,0.06508297364353854,0.12150793168793098,1
600071,2023,8,0.06386759214170423,0.12233651253548598,0
600072,2013,0,0.028363236151572,0.05524687903113243,0
600072,2014,4,0.035052332597950285,0.07831609816378098,0
600072,2015,1,0.03935146663325836,0.04652935345277068,0
600072,2016,4,0.06767647454717762,0.06037182380058069,1
600072,2017,7,0.04473970736714412,0.06249493633438749,0
600072,2018,3,0.045962688952176825,0.05392551701433253,1
600072,2019,5,0.04497348698656309,0.11503345811378268,1
600072,2020,7,0.031019238488979473,0.1044110726093308,0
600072,2021,3,0.0503258358308218,0.11226294057593181,0
600072,2022,5,0.038314934776101865,0.07094166345329682,0
600072,2023,5,0.05265893489021607,0.11891301968214181,0
600073,2013,2,0.04443017997266042,0.05872987436132728,0
600073,2014,7,0.0240481199746271,0.10602197359371635,0
600073,2015,6,0.0526720924150843,0.0706416697469774,0
600073,2016,4,0.05423098331483631,0.0651509808465293,0
600073,2017,6,0.06972676884404164,0.08785927102292275,1
600073,2018,6,0.059060396016739,0.09444390283557241,0
600073,2019,7,0.05714290576066972,0.10781843305272652,1
600073,2020,3,0.04135496928846013,0.0972149062816486,0
600073,2021,4,0.061878126091731295,0.0681348501502298,0
600073,2022,6,0.0616752203365105,0.04007868208485149,1
600073,2023,5,0.0449213030506741,0.07603884265864586,1
600074,2013,4,0.017764013313759177,0.10150899303649273,1
600074,2014,3,0.03736639541888972,0.08278084917255904,0
600074,2015,5,0.03301700891690218,0.05966852087175768,0
600074,2016,5,0.02397735736782591,0.10816404139009113,0
600074,2017,8,0.021192234634017416,0.0720003334083193,0
600074,2018,5,0.03538845232916836,0.07164666992612621,0
600074,2019,3,0.06481637349531937,0.07588061898893647,0
600074,2020,9,0.03459087399760981,0.11032707788718032,0
600074,2021,3,0.04080896608778204,0.1066270095783114,1
600074,2022,8,0.041726227567354154,0.1024250170094206,0
600074,2023,6,0.03287318975726227,0.1054806556184088,1
600075,2013,3,0.029403425055324634,0.06753358542899403,0
600075,2014,2,0.025892164444338665,0.02336278759722433,0
600075,2015,2,0.035783101990585625,0.0680399018179628,0
600075,2016,3,0.04589906656849271,0.0484313667255807,0
600075,2017,5,0.03516078157229607,0.046439099909600046,0
600075,2018,5,0.01618122189980629,0.07277837384042432,1
600075,2019,5,0.04282044326449535,0.059556939806959294,0
600075,2020,2,0.041215636077023284,0.1059338875690708,0
600075,2021,5,0.020637673064551727,0.08980376189710934,1
600075,2022,3,0.05092522424115435,0.0377140854968121,0
600075,2023,6,0.03548496882609699,0.08378397601254713,1
600076,2013,3,0.04590643676856994,0.05501017063577207,1
600076,2014,5,0.034041516370996804,0.03966034323186976,0
600076,2015,7,0.050778121101063944,0.07702225583756775,0
600076,2016,3,0.049488208281032946,0.08595119265984388,1
600076,2017,6,0.04483398337576576,0.0685007478175504,0
600076,2018,3,0.03372180138568482,0.09992637247834978,0
600076,2019,5,0.030659244413044757,0.059416080852975194,0
600076,2020,5,0.034755689897571565,0.07593001731740619,0
600076,2021,8,0.04309740810060847,0.09979719080846695,0
600076,2022,7,0.04245113527708814,0.08582828922320151,0
600076,2023,8,0.055088308114299864,0.08882491017826082,0
600077,2013,2,0.040356994683367974,0.08026179954976881,0
600077,2014,1,0.024235678421983764,0.07843426048662712,0
600077,2015,4,0.04066164893977477,0.06623581378045702,0
600077,2016,3,0.03977779290505826,0.07528012288912636,0
600077,2017,0,0.04382667254999443,0.0686772402917109,0
600077,2018,2,0.0545758033705482,0.0557888896182733,0
600077,2019,2,0.04489095829791067,0.05994838655469484,0
600077,2020,7,0.03164679999282989,0.09668963363795455,0
600077,2021,2,0.034389843262032496,0.05916897398334284,0
600077,2022,2,0.03659706127491262,0.07508126789047248,0
600077,2023,2,0.052235058836970216,0.0765770771893145,0
600078,2013,5,0.05304803149125667,0.08515240012562363,1
600078,2014,9,0.0424603338744174,0.07275941571139527,0
600078,2015,5,0.028013719058824507,0.05173499193575264,1
600078,2016,2,0.05251311188753351,0.11275708024798381,0
600078,2017,5,0.04330459709653642,0.08459586291823147,0
600078,2018,6,0.055421317695833555,0.08408174159718233,0
600078,2019,8,0.0396883040378396,0.06696280458095247,0
600078,2020,6,0.05325032361498732,0.043384564481640395,1
600078,2021,2,0.040918402555402335,0.12387341356420656,0
600078,2022,4,0.03976282030367836,0.08576084139381822,1
600078,2023,9,0.05547394892064217,0.059919016576458865,1
600079,2013,5,0.044111711674772174,0.0590840115213026,0
600079,2014,3,0.05258122081582158,0.08785895827345935,0
600079,2015,8,0.037786360614680006,0.09332331488688882,0
600079,2016,5,0.03928860325037861,0.04935938936998703,1
600079,2017,4,0.02578333777992316,0.04477841407212875,0
600079,2018,7,0.061032470135290756,0.07054923552423141,0
600079,2019,2,0.03198083599292213,0.0963262984514005,0
600079,2020,5,0.05536151826071869,0.08661500468984737,0
600079,2021,5,0.03585328077743498,0.0998443971299486,1
600079,2022,6,0.054386544562168085,0.07635715340103445,1
600079,2023,5,0.019168603439062987,0.05020689276088528,1
600080,2013,7,0.04826353221705953,0.06581548489417709,0
600080,2014,2,0.03458876667740613,0.06740184771466468,0
600080,2015,8,0.04177513196474911,0.0756416464962944,0
600080,2016,11,0.04262083793469561,0.12288910660206734,0
600080,2017,9,0.05770314362059711,0.09515668962920024,0
600080,2018,6,0.03497306286148873,0.09628410147163,1
600080,2019,4,0.05505853095724258,0.08540398559102153,0
600080,2020,10,0.03259390658461324,0.07900267847137751,0
600080,2021,6,0.06039590579639583,0.08447148348177111,1
600080,2022,7,0.05616824606885836,0.08634966254099641,0
600080,2023,7,0.0696174685978613,0.1135849071527334,1
600081,2013,0,0.025708444858828283,0.026746333259757893,0
600081,2014,1,0.009063514195144742,0.04001672333006823,0
600081,2015,0,0.03397057507049382,0.050051750442460186,0
600081,2016,2,0.015581969639409995,0.041459538443328184,0
600081,2017,4,0.04687674818355641,0.055156220533423325,1
600081,2018,1,0.03706451115671297,0.038496333980269845,0
600081,2019,1,0.05111822029067424,0.05916321017213284,0
600081,2020,2,0.017061974711236626,0.033318340138803214,0
600081,2021,3,0.04468223490191071,0.03851214680098772,0
600081,2022,6,0.052122431439891787,0.07847586399427128,1
600081,2023,1,0.031498836624466474,0.079252399850712,0
600082,2013,9,0.035764157844294285,0.07130394817573348,0
600082,2014,3,0.02660684656371462,0.02082853545091007,1
600082,2015,5,0.04378754088411878,0.10027625127244805,0
600082,2016,8,0.03135423152350988,0.12374261516230159,0
600082,2017,3,0.059366045166758474,0.09452508301916455,0
600082,2018,3,0.028369243661536894,0.07728722615715526,1
600082,2019,2,0.029690367541904395,0.075192412382976,0
600082,2020,1,0.059098250430479726,0.08078705642553854,0
600082,2021,4,0.039604737137258844,0.05483410674452928,0
600082,2022,10,0.04071013981974671,0.05076165423051037,0
600082,2023,2,0.052799457652324036,0.0909393686658077,0
600083,2013,4,0.0423415856606246,0.06536115809647591,1
600083,2014,5,0.04285857981716062,0.06239945477715446,0
600083,2015,1,0.03064659359012817,0.011556496679460453,0
600083,2016,0,0.03215254532792289,0.0612275702890274,1
600083,2017,1,0.0246287442023908,0.033934515504770765,0
600083,2018,3,0.04677125244670405,0.0368872234233734,1
600083,2019,2,0.01841504820086263,0.04759946037804791,0
600083,2020,3,0.04655153964574612,0.09209608100160442,0
600083,2021,1,0.04126099822539697,0.12745690845121171,1
600083,2022,5,0.022200239713730467,0.05311498115766446,1
600083,2023,5,0.05123472238312063,0.07573693553107043,1
600084,2013,4,0.05598656822253768,0.0885067326343629,1
600084,2014,6,0.033922769167722466,0.10331034104892774,0
600084,2015,5,0.047929349782008704,0.10362746773378342,1
600084,2016,5,0.03234814134093625,0.08501379566637313,1
600084,2017,7,0.07601889410658794,0.10972742078888988,0
600084,2018,4,0.052527315916645306,0.12284735740842806,0
600084,2019,10,0.06297104212582443,0.08684709336975265,1
600084,2020,6,0.04709706502186703,0.09839347018839677,0
600084,2021,5,0.07902743506020726,0.08866079780082015,0
600084,2022,10,0.053859455229801324,0.08368119283274879,0
600084,2023,8,0.05552755955166185,0.1280164299899353,0
600085,2013,7,0.06337983953886331,0.11264179434370979,1
600085,2014,13,0.0493638908023989,0.08271165514292268,0
600085,2015,9,0.07285577195245385,0.08189733037851485,1
600085,2016,7,0.043887614156345116,0.14499778737629182,1
600085,2017,5,0.054146528327579886,0.12023234463172583,0
600085,2018,11,0.03671849311440715,0.08005656634953046,0
600085,2019,6,0.056629497816143265,0.13923284962081822,0
600085,2020,10,0.05510298595624762,0.07526406292881899,0
600085,2021,9,0.04797238390385517,0.12238923373266755,0
600085,2022,9,0.03406712375942808,0.09791732029713918,1
600085,2023,10,0.0437565415463515,0.0755546688507652,1
600086,2013,5,0.030029532275146376,0.09632626367408513,1
600086,2014,3,0.03874090558588336,0.11098308608929562,1
600086,2015,5,0.061249463381651284,0.04316390322339713,0
600086,2016,4,0.023226788470560394,0.08452130524053926,1
600086,2017,3,0.054044987087275884,0.06291779239727152,0
600086,2018,7,0.06334367250396127,0.11115323558560189,0
600086,2019,3,0.02433783091872954,0.059701172323313526,0
600086,2020,11,0.06701095329914275,0.06891915380046505,1
600086,2021,4,0.032749435662310186,0.1437222328521977,0
600086,2022,5,0.07784801715242186,0.08656184958862966,1
600086,2023,5,0.05076684207268872,0.07728626537232292,0
600087,2013,1,0.02740164190729983,0.020317305751606715,0
600087,2014,4,0.02648944512087796,0.11957399671705891,0
600087,2015,2,0.04501403126734562,0.07851492008348789,0
600087,2016,8,0.050620138463646915,0.07666193537415827,0
600087,2017,11,0.0454600300504691,0.11172466803895634,1
600087,2018,7,0.05048666298087798,0.11981874433083745,0
600087,2019,6,0.05263788676055712,0.09203279194637773,1
600087,2020,5,0.04633390466258353,0.13380962766840096,0
600087,2021,8,0.06230159041755848,0.09131117610909853,1
600087,2022,6,0.05330146312522502,0.10084882237764164,0
600087,2023,9,0.04071454733780287,0.0768114095952588,0
600088,2013,5,0.038681429187554184,0.07362424011544835,0
600088,2014,3,0.025176601568136548,0.0558756981931636,0
600088,2015,2,0.0321579269618891,0.06908895028004788,0
600088,2016,7,0.04934038348076198,0.09235982918316196,0
600088,2017,7,0.059419588533233356,0.10445897846152094,0
600088,2018,4,0.05115952579618946,0.06939414171954937,1
600088,2019,7,0.0392713749628274,0.10757459753926177,0
600088,2020,5,0.062271742961294396,0.1086167368588738,0
600088,2021,7,0.057857491713941396,0.1106219998555312,1
600088,2022,3,0.025336743653652787,0.06849094855636498,0
600088,2023,6,0.04291798933862534,0.09955615113547334,1
600089,2013,7,0.0277207966816403,0.07221747855199276,0
600089,2014,4,0.06633851834096907,0.09280045797100281,0
600089,2015,7,0.03131939967063242,0.10195759823482209,1
600089,2016,5,0.052082495884364914,0.11922994523375273,0
600089,2017,5,0.06433516063495852,0.08533698151758196,0
600089,2018,7,0.06294948801549517,0.06298528748485248,0
600089,2019,5,0.04416615171253731,0.09820941303528255,0
600089,2020,6,0.07437670314224834,0.10234449819017824,0
600089,2021,8,0.06389795376572464,0.08607456532017983,0
600089,2022,10,0.020922695464365794,0.105586728797246,1
600089,2023,10,0.0573242406561786,0.07467436722759632,1
600090,2013,3,0.04632082960920639,0.05828922700955694,0
600090,2014,5,0.06568488105895585,0.04541049385851613,0
600090,2015,4,0.014680589994483871,0.06818900071194012,0
600090,2016,9,0.053811281811520735,0.0726486302728224,0
600090,2017,2,0.04164009529016109,0.035254562753762486,0
600090,2018,4,0.04295943038086804,0.08976759483582401,0
600090,2019,3,0.040461697170051894,0.047101832094888885,1
600090,2020,2,0.050829772869703624,0.08915717463135936,0
600090,2021,2,0.04735977883383515,0.04782608380379054,0
600090,2022,2,0.041038661861237016,0.05527468534212075,0
600090,2023,2,0.07373030169029302,0.061988119805565296,0
600091,2013,3,0.031178399649458673,0.034955637684530555,0
600091,2014,2,0.04428528851999883,0.06502024343786804,0
600091,2015,2,0.03726491293966101,0.07588039741711378,0
600091,2016,4,0.04581181706994186,0.06842449507340108,0
600091,2017,3,0.06495497302737206,0.07452737608725926,0
600091,2018,2,0.03587221056095197,0.05553889950624559,1
600091,2019,1,0.03743558088048747,0.07039204646928002,0
600091,2020,3,0.032592500457066735,0.08005626835857378,1
600091,2021,5,0.040741630097561675,0.050557418736647486,0
600091,2022,2,0.0320652668616141,0.08250760006202346,1
600091,2023,3,0.05415139248801072,0.10119104968023396,0
600092,2013,1,0.019115668413212463,0.0701701556717805,0
600092,2014,5,0.03433958300378191,0.06827664915979786,0
600092,2015,2,0.036626374831927856,0.0754213188365121,0
600092,2016,3,0.046974696649065055,0.07585967299245286,1
600092,2017,2,0.05381267807023957,0.08973245651194861,0
600092,2018,7,0.05301146223338331,0.0934724690967752,0
600092,2019,7,0.0503627166934738,0.07933979672686974,0
600092,2020,9,0.05647753322025038,0.04049961117542336,0
600092,2021,3,0.027348721667966293,0.09880183024601154,0
600092,2022,5,0.0431519686036822,0.10858345539150405,1
600092,2023,6,0.055094349578980455,0.08113048612019465,0
600093,2013,6,0.03788436402448511,0.026266051132665363,0
600093,2014,5,0.03704371568053609,0.0030010467076552957,0
600093,2015,2,0.03587684718061177,0.032882725074756675,0
600093,2016,7,0.030899106852688617,0.059725985082103285,0
600093,2017,3,0.04633214258875825,0.09424007059751023,0
600093,2018,4,0.03692268759126548,0.0774034044261182,0
600093,2019,3,0.045878714818911495,0.05393778156584052,0
600093,2020,4,0.03738067301879534,0.0952667519621394,0
600093,2021,6,0.022790582990638634,0.056293843419583024,0
600093,2022,5,0.06790191057696214,0.07717240805254842,0
600093,2023,6,0.031883122342558606,0.12048061331218485,0
600094,2013,1,0.07012699707815104,0.06874930424770757,0
600094,2014,6,0.0378851153531736,0.07884530840555158,0
600094,2015,2,0.04208690466879978,0.07122004526567073,1
600094,2016,4,0.04755316447684456,0.07803022661565387,0
600094,2017,5,0.04216349241082281,0.053669883659362566,0
600094,2018,5,0.05659316152545307,0.10738829634808258,0
600094,2019,6,0.04954524443393317,0.08271978308117806,0
600094,2020,4,0.026638449470044998,0.07122833121589145,0
600094,2021,4,0.07038039000853966,0.0861805775230974,0
600094,2022,4,0.04903039095308215,0.07960051167362522,0
600094,2023,6,0.03753528172219425,0.07359950654070214,0
600095,2013,4,0.05243141069440821,0.09712559852287478,0
600095,2014,8,0.031815503703536446,0.08092302618232555,0
600095,2015,6,0.04565540170299586,0.10683759465512788,0
600095,2016,2,0.05034976618038647,0.05772411370072207,1
600095,2017,4,0.04828039512740391,0.07902130696772174,0
600095,2018,2,0.03834441707216453,0.069618269646867,0
600095,2019,4,0.036084603553874633,0.09312219261579904,0
600095,2020,3,0.036955410544891036,0.019401881003465002,0
600095,2021,9,0.028284992382262,0.08948365014705463,0
600095,2022,2,0.04287271065066189,0.06874612231779555,0
600095,2023,3,0.044635773173620434,0.085610544773729,1
600096,2013,3,0.03628262837946565,0.07230577562133697,1
600096,2014,6,0.03555052298294111,0.07854409944348821,1
600096,2015,7,0.04319661390950112,0.06153624952932249,1
600096,2016,8,0.04836989011381259,0.0668325509169895,0
600096,2017,6,0.05828598301422338,0.07856461412601987,0
600096,2018,5,0.06957027867486329,0.0675892596018722,1
600096,2019,12,0.05766122647384475,0.09643346578673236,0
600096,2020,7,0.048981865182490605,0.11475543490216075,1
600096,2021,2,0.04530782224912605,0.11307168834554221,1
600096,2022,7,0.0651290216447832,0.07613448392503572,1
600096,2023,6,0.051655063268351,0.11920447067488926,0
600097,2013,4,0.034493683264147666,0.07576093055331178,0
600097,2014,3,0.0818625929155338,0.09359775086348356,0
600097,2015,4,0.06952582880168698,0.057207679525019345,1
600097,2016,7,0.06240657233225177,0.10201728194497846,1
600097,2017,5,0.05016615528276449,0.06592107037732525,0
600097,2018,5,0.06462200420703673,0.10051515063173881,0
600097,2019,5,0.04929164344383295,0.11187856783090912,0
600097,2020,6,0.04624378453653337,0.08701752036934983,0
600097,2021,7,0.07577282074441147,0.08176984797202552,0
600097,2022,5,0.04997641022650773,0.09640758120224775,1
600097,2023,11,0.058037292211203004,0.10342981125948147,1
600098,2013,5,0.044474165905176694,0.0899899252746192,0
600098,2014,5,0.046575582817432085,0.04935256664818146,1
600098,2015,4,0.036262460682635625,0.08202177596373078,0
600098,2016,2,0.014468376774767863,0.0357793886848399,0
600098,2017,4,0.04255744396281275,0.04851205452543336,1
600098,2018,1,0.03887517695574124,0.09738901319087206,1
600098,2019,1,0.04283582354143701,0.08761543149567905,1
600098,2020,2,0.04156980069659767,0.05164954575774276,0
600098,2021,4,0.036858318800304844,0.08559474076828533,0
600098,2022,7,0.018913269062697215,0.07073024101480885,0
600098,2023,5,0.04641549687343735,0.07255286778443977,0
600099,2013,5,0.05628012583466695,0.09142821090595699,0
600099,2014,6,0.04078069687866011,0.05009281549249871,0
600099,2015,3,0.0370300435302843,0.0831248104123114,0
600099,2016,5,0.04541233516789193,0.08240223335606273,0
600099,2017,2,0.04792210378971139,0.08383614269679664,0
600099,2018,3,0.03745402064837631,0.056870604193254765,1
600099,2019,6,0.031788411213328836,0.06833747762118837,0
600099,2020,2,0.03931251418026438,0.05104009492805479,0
600099,2021,1,0.0507678511689066,0.04013892418128132,0
600099,2022,4,0.04731666705037494,0.06833123790855916,0
600099,2023,3,0.034298444369460994,0.06807758237547629,0
600100,2013,4,0.054776800292100615,0.10356202438952943,0
600100,2014,5,0.03638756046588515,0.09878322507693553,0
600100,2015,3,0.04625327860082054,0.09630724426347553,0
600100,2016,8,0.03848680584375125,0.0631076278168941,0
600100,2017,5,0.044144947022775986,0.0927955746480562,0
600100,2018,4,0.030696212916478317,0.09587863450834139,0
600100,2019,8,0.055746463688724296,0.09570597071287468,0
600100,2020,7,0.06997224209121573,0.10455186588863237,0
600100,2021,8,0.06429028260532137,0.07361541169088355,1
600100,2022,3,0.04682929686704213,0.08600340114947422,0
600100,2023,7,0.0616658895869264,0.1114316792020903,0
600101,2013,8,0.03969628601718879,0.10224124730815229,0
600101,2014,2,0.05034686617626592,0.08174393983587702,0
600101,2015,3,0.018120885017840753,0.07399795953436665,0
600101,2016,5,0.05201424446875235,0.07411144505980595,0
600101,2017,2,0.05612380896287092,0.08384626122263565,0
600101,2018,3,0.0531649304816787,0.0744527154223773,1
600101,2019,5,0.035994170446655274,0.07902310680480108,0
600101,2020,6,0.049284311335532155,0.07813204668226326,0
600101,2021,8,0.03500397393748435,0.05393632263778632,1
600101,2022,5,0.03925987915233485,0.08168684741492858,0
600101,2023,0,0.061209376552103095,0.11639771874116273,0
600102,2013,4,0.04364838351268017,0.08223799378285512,0
600102,2014,6,0.0398510540003603,0.08681820403151269,0
600102,2015,0,0.047653243946197715,0.09308197573689486,0
600102,2016,4,0.022369481755271536,0.07161035190124747,0
600102,2017,2,0.04641683531173373,0.0666190971922252,0
600102,2018,4,0.060939114227158156,0.10979366368828138,0
600102,2019,7,0.040475196713828425,0.08887416148109648,0
600102,2020,6,0.03716485711154965,0.08704858719859959,1
600102,2021,9,0.04080954801757937,0.08944580442385122,0
600102,2022,2,0.034933258624722595,0.06360845239656097,1
600102,2023,6,0.04434532163837675,0.07973868688749744,0
600103,2013,9,0.05035109158053378,0.06970831109018698,0
600103,2014,1,0.03311214736111165,0.09431772979562468,0
600103,2015,4,0.04730169713948543,0.08754210614063322,0
600103,2016,3,0.039989888772624146,0.06397156468176558,0
600103,2017,5,0.042227628222761104,0.08592925007824795,0
600103,2018,8,0.03847699537571944,0.05415914256482372,0
600103,2019,9,0.04422734139802951,0.09152796247986374,1
600103,2020,3,0.043505573595715184,0.0864749164631052,0
600103,2021,8,0.04909343348009643,0.09991067326476509,1
600103,2022,8,0.07109810955609165,0.09806784352082282,1
600103,2023,7,0.054928976190295895,0.08411921237872871,0
600104,2013,1,0.04112246912341196,0.07890272188581715,0
600104,2014,5,0.06453263986703664,0.07551623808510544,0
600104,2015,5,0.042649144568248205,0.0710620019870053,1
600104,2016,7,0.05562328431307113,0.08245493855089073,1
600104,2017,3,0.049028877221556466,0.10236067893182238,0
600104,2018,5,0.04612742101050733,0.06844252570362934,1
600104,2019,5,0.010994294059331736,0.04830414104257656,0
600104,2020,6,0.022992022333576192,0.08218159151151952,0
600104,2021,4,0.04711284547217683,0.09071081520393112,0
600104,2022,6,0.05510659282236818,0.08305546479491424,1
600104,2023,5,0.0793683850632896,0.08070764220141372,0
600105,2013,7,0.02088995191257198,0.12404979931579171,0
600105,2014,2,0.01978489927977665,0.09770811544698016,1
600105,2015,0,0.03395302609794848,0.07348977112881991,0
600105,2016,3,0.06485920319729586,0.0817212633812436,0
600105,2017,4,0.041269957036742445,0.07713454505447317,0
600105,2018,6,0.02852774900507636,0.11518384291622813,1
600105,2019,4,0.033835698645632746,0.03167104979162608,1
600105,2020,3,0.0505671880173571,0.0824227051563917,0
600105,2021,11,0.043788214493984894,0.11808384551146466,0
600105,2022,4,0.04690344156411318,0.10075653772213737,0
600105,2023,4,0.056167025993457124,0.12839553824427358,1
600106,2013,4,0.03973536119221707,0.04114284809506481,0
600106,2014,0,0.046505866007848784,0.027531850193353566,0
600106,2015,1,0.0388021703852984,0.05763893836552321,0
600106,2016,4,0.027234054100476253,0.0790440228000251,0
600106,2017,4,0.05753270504827075,0.04053244053341651,0
600106,2018,2,0.046491549611405864,0.08020657611437614,0
600106,2019,1,0.03506633873425734,0.0801458505236658,0
600106,2020,4,0.054781053353383236,0.059838359573486655,0
600106,2021,4,0.02898192902603445,0.07405609144603714,0
600106,2022,5,0.027941925323080728,0.04709224136857511,0
600106,2023,5,0.04110083734767945,0.010399154676664801,0
600107,2013,3,0.025156954479731628,0.07114204499592343,0
600107,2014,3,0.03694928350184915,0.02237095351715255,1
600107,2015,5,0.056708092436149535,0.06622894571367023,0
600107,2016,3,0.06442412826232907,0.06834519936173798,1
600107,2017,4,0.02848042399041152,0.06733546416155926,0
600107,2018,4,0.058535046892282755,0.07153973397327575,0
600107,2019,7,0.06505086311353712,0.09355724952953512,0
600107,2020,3,0.0299878826190336,0.03712722654405958,0
600107,2021,2,0.06524263805914542,0.08907134417180584,0
600107,2022,2,0.038629977116942625,0.07839748631213456,0
600107,2023,5,0.06715134814355066,0.07583758361146226,0
600108,2013,4,0.05531310131745884,0.06453099962288071,0
600108,2014,4,0.046051831506425445,0.059159166091258056,1
600108,2015,2,0.05467858201267231,0.0826390464992341,0
600108,2016,5,0.027897715066270548,0.06484633022465663,0
600108,2017,12,0.05262540023689715,0.11827234095936964,1
600108,2018,4,0.04969449092897708,0.10689331023949894,1
600108,2019,7,0.04773333632472039,0.10743882122938503,1
600108,2020,6,0.055242457899985255,0.051922109791005436,0
600108,2021,1,0.05239506619974972,0.08000517161300198,1
600108,2022,10,0.024955668384275157,0.09523361308131814,0
600108,2023,6,0.05836296075188413,0.10842082063810414,0
600109,2013,0,0.04486027650499449,0.08454298024064683,1
600109,2014,2,0.041904609040953146,0.08824009378892476,0
600109,2015,3,0.04391545717117745,0.05739260687821492,0
600109,2016,2,0.02208465380100149,0.06955963009880972,0
600109,2017,3,0.03395887414377926,0.03919789991982775,0
600109,2018,0,0.030067442570203076,0.07200938021373955,0
600109,2019,3,0.03944858253540458,0.09609636575259453,0
600109,2020,4,0.039291309279380786,0.08788058599505025,0
600109,2021,5,0.04289014650196969,0.04988188963974588,0
600109,2022,4,0.06470377342009731,0.09782554887196976,0
600109,2023,7,0.039492627203687763,0.05482279228160683,1
600110,2013,1,0.03704618198663985,0.07717071263269305,1
600110,2014,6,0.009984260922664346,0.08213588244493986,1
600110,2015,2,0.061874255209325865,0.09876710605669714,1
600110,2016,6,0.04902343420432308,0.07517522593243603,1
600110,2017,5,0.04893454828790336,0.0965310136591728,0
600110,2018,3,0.05603742696566887,0.07834612505107415,1
600110,2019,5,0.019293086064030976,0.10139428414235206,1
600110,2020,6,0.036770405290595914,0.08625904048384113,1
600110,2021,10,0.045695993574453087,0.12024909270134518,0
600110,2022,9,0.05131423344461351,0.10152404880720066,0
600110,2023,7,0.07226789398649817,0.10259189403251062,0
600111,2013,3,0.03127301200162019,0.07424551001752625,0
600111,2014,0,0.027938405255056788,0.08830307385787121,0
600111,2015,3,0.03775810046986371,0.047657684203770416,1
600111,2016,2,0.015580535486144735,0.0474832602680998,0
600111,2017,4,0.043139889884495033,0.046759911557613235,0
600111,2018,3,0.03850634817835347,0.0766908900278429,0
600111,2019,3,0.03810644547477277,0.03310538476331271,0
600111,2020,5,0.03504229333014714,0.10350269007822191,0
600111,2021,5,0.04764575895892443,0.0758898223183567,0
600111,2022,5,0.05354007242271773,0.10305036806844321,1
600111,2023,3,0.03519535667687815,0.09759599145584658,0
600112,2013,1,0.03971599777559951,0.12804654962478326,0
600112,2014,2,0.0401925057902893,0.05978009296446141,0
600112,2015,1,0.03889843272382446,0.08149827428369227,0
600112,2016,3,0.015063275573912106,0.06793303199665891,0
600112,2017,2,0.015699037109902888,0.09725545249341758,0
600112,2018,1,0.05307617253359884,0.06907803256095577,0
600112,2019,2,0.04103994205488147,0.0814629720633592,0
600112,2020,6,0.03487353282830347,0.007375334777560819,0
600112,2021,2,0.0449728941526332,0.04117919533971144,0
600112,2022,4,0.028404012343376514,0.05497867915618916,0
600112,2023,0,0.043976930580430555,0.09784485715258885,0
600113,2013,4,0.038200779095101584,0.057313038419640645,0
600113,2014,1,0.01063198918765906,0.05387206632791752,0
600113,2015,2,0.011297469841166884,0.0950539485229373,0
600113,2016,2,0.023088357002525838,0.05458649996462311,0
600113,2017,2,0.04717675268399439,0.02339589707216625,0
600113,2018,2,0.0391402595123588,0.07795631998952676,1
600113,2019,2,0.02948208038405192,0.07905407284799842,0
600113,2020,2,0.05284459720943869,0.04905076019384662,0
600113,2021,6,0.028967179835415805,0.08198315703890241,0
600113,2022,3,0.05229349801704264,0.0823421742877614,0
600113,2023,5,0.03139527572665832,0.0897834042792595,1
600114,2013,1,0.04387923231894922,0.06239991570069342,0
600114,2014,2,0.04340970865768528,0.08179981797718588,0
600114,2015,3,0.052786872502716735,0.09931768343177927,1
600114,2016,8,0.05209474742920122,0.05322369380965065,0
600114,2017,5,0.03844946187682381,0.0816883870580154,0
600114,2018,5,0.051670886821242275,0.09871758260453048,0
600114,2019,13,0.0506660572826776,0.09514440637439951,0
600114,2020,3,0.04978759557743713,0.11076200838426069,0
600114,2021,2,0.06359858083844908,0.10147537277657882,0
600114,2022,11,0.04766296109944448,0.05584335660097169,0
600114,2023,5,0.06402961997691195,0.08508998194613954,1
600115,2013,4,0.05109563086715788,0.07526233259465631,1
600115,2014,1,0.04290212944433799,0.14170687668746074,0
600115,2015,9,0.047819026503307584,0.09839714424145332,0
600115,2016,5,0.04442987557159158,0.07900696715659179,0
600115,2017,3,0.04395794796524819,0.06536991608895455,0
600115,2018,6,0.08090671729339545,0.10439373640032813,0
600115,2019,4,0.04365946885823474,0.09561295508701467,0
600115,2020,7,0.061653765132387045,0.08600135632377423,1
600115,2021,8,0.0399883593955879,0.07675534739483417,1
600115,2022,14,0.05383549323862165,0.08633774912727454,1
600115,2023,5,0.06859534746166113,0.15097038287030176,0
600116,2013,0,0.034360443417866565,0.06172542584813228,0
600116,2014,5,0.03357071031200464,0.0798851989109942,1
600116,2015,2,0.0353826271413191,0.0866537438610064,0
600116,2016,2,0.04715884549111434,0.07469901220376868,1
600116,2017,4,0.031154674312661536,0.06314709779374991,1
600116,2018,2,0.04487344374934202,0.13049716613542423,0
600116,2019,2,0.0257499158017414,0.07543466988086756,0
600116,2020,1,0.046111536367324825,0.023874223983071728,1
600116,2021,6,0.033168920897334316,0.07195918283912246,0
600116,2022,5,0.07222101602977025,0.09986552651912087,1
600116,2023,5,0.022443138590377682,0.05981272036401339,1
600117,2013,6,0.045959692324456194,0.0653406878332177,0
600117,2014,7,0.04681775394800694,0.07680466212819706,0
600117,2015,4,0.03840144772990471,0.09622151724371364,1
600117,2016,3,0.041842352527688254,0.0882024075115618,1
600117,2017,4,0.05290478677693738,0.08015369738803475,1
600117,2018,8,0.037628681678809936,0.10242287865303464,1
600117,2019,7,0.06124331245167915,0.07724795303338089,1
600117,2020,3,0.06672734431940563,0.06380919683378189,0
600117,2021,7,0.048720697613664155,0.09909540298942462,0
600117,2022,6,0.04274631913737563,0.14277997103328913,0
600117,2023,10,0.049909320837027094,0.08272534430231525,0
600118,2013,3,0.04463849056347634,0.08153308058501788,1
600118,2014,6,0.04556855668363546,0.10100072393971726,0
600118,2015,4,0.03601104227947449,0.08974880835778483,1
600118,2016,11,0.03790724539308474,0.08303438611826454,1
600118,2017,5,0.060396310459111674,0.09704528514665432,0
600118,2018,4,0.0625650245592701,0.07960366703791207,0
600118,2019,6,0.05433916827640367,0.06290409683511126,1
600118,2020,5,0.028751814177967135,0.10837510196742065,0
600118,2021,9,0.05482949121091333,0.06428290895758773,0
600118,2022,10,0.047784008420266866,0.11472229148061434,0
600118,2023,6,0.05386209674737723,0.13147500750091579,1
600119,2013,4,0.04495774460671949,0.06807435871675044,0
600119,2014,10,0.04012573350215762,0.07677484662987687,1
600119,2015,4,0.041678506630210714,0.0689329462514472,0
600119,2016,4,0.048896459129331896,0.026010409453380477,1
600119,2017,6,0.046042873251286316,0.10035651089440295,0
600119,2018,7,0.04567601986505413,0.0757563525183891,1
600119,2019,6,0.06940190762886364,0.10839770485410037,0
600119,2020,6,0.05037878127874796,0.0629411403386049,0
600119,2021,6,0.05347801557444427,0.06081320187036471,0
600119,2022,8,0.03652001683026786,0.11744091434148865,1
600119,2023,2,0.056684158151875545,0.09858413252665556,1
600120,2013,7,0.04031713606046549,0.10178855298086331,0
600120,2014,4,0.04857233734093659,0.07576681955755322,0
600120,2015,5,0.038494481502233974,0.06356546876805808,1
600120,2016,5,0.04039451511363014,0.08445284126600129,0
600120,2017,5,0.050748638328029456,0.09515318918405057,1
600120,2018,4,0.04678403176098926,0.08891762190744888,0
600120,2019,3,0.04059455306772255,0.06756453623679741,0
600120,2020,6,0.029653013299698227,0.07124410115478809,1
600120,2021,2,0.05102185858168094,0.08006219299478909,0
600120,2022,4,0.03310189906034453,0.09370914201115392,1
600120,2023,2,0.027061930434347,0.11123738950821335,0
600121,2013,2,0.04091562012523647,0.09070070909126315,0
600121,2014,0,0.0495676004046204,0.056919169613152104,0
600121,2015,7,0.0416412875843853,0.02968548282113003,0
600121,2016,2,0.016521351478206867,0.06830502233328804,0
600121,2017,4,0.043819655108822686,0.06195506802296429,0
600121,2018,1,0.03122825483918122,0.04498279897343041,1
600121,2019,4,0.03081987603480877,0.0821706530509617,0
600121,2020,3,0.05438317351509051,0.09105422807738327,1
600121,2021,5,0.03436013064276755,0.0681800738962347,0
600121,2022,4,0.02507899153805979,0.08752871081402112,0
600121,2023,3,0.04465808364250386,0.09443223775962573,1
600122,2013,1,0.030297909215590942,0.04908098512782305,0
600122,2014,4,0.039756767242695584,0.0653958034602896,0
600122,2015,0,0.03965050510371554,0.05892331539303026,1
600122,2016,3,0.03592745945357202,0.04924232244628351,0
600122,2017,2,0.0454687572146626,0.053659455891405694,1
600122,2018,0,0.028932665461481634,0.07223184342994404,1
600122,2019,8,0.028913284427873595,0.09128572690878517,0
600122,2020,5,0.04994045874409825,0.08129109201168278,1
600122,2021,2,0.03500103467570283,0.082271646988203,1
600122,2022,2,0.05712530356149459,0.06414822796026227,0
600122,2023,5,0.02915241118367029,0.05212087081288848,0
600123,2013,1,0.024865955599991163,0.058134682359656145,0
600123,2014,1,0.02137489427222237,0.06156366068310738,0
600123,2015,0,0.039521506899074625,0.04712900664663967,0
600123,2016,3,0.02824546154250546,0.050814690514576676,1
600123,2017,1,0.0100256734385567,0.04890371532817947,1
600123,2018,5,0.04066081796444211,0.08309247057777358,1
600123,2019,3,0.03084903405382768,0.06213513479690688,0
600123,2020,2,0.022795326989338588,0.06434136411981893,0
600123,2021,2,0.029694698748231125,0.06820956619672841,1
600123,2022,1,0.05525639632495196,0.06962881612038874,0
600123,2023,4,0.018681589387745813,0.06203434451652602,1
600124,2013,5,0.049864341742100776,0.05240256721626301,0
600124,2014,4,0.049071145101459,0.11519657014883013,0
600124,2015,12,0.04468214116081504,0.10439419761758822,0
600124,2016,9,0.052980936172027863,0.0914274191978734,0
600124,2017,4,0.05450058960763412,0.09202420996575846,0
600124,2018,10,0.024746903863173266,0.07870696488503273,1
600124,2019,7,0.05024166589878043,0.10237688145420001,0
600124,2020,4,0.05592193149417331,0.11156144488844347,0
600124,2021,8,0.050911869551973916,0.10976266088136384,0
600124,2022,8,0.059288039816215554,0.10734595161440763,0
600124,2023,7,0.02434888181859715,0.09522151083466172,1
600125,2013,4,0.018829850848638037,0.05234541414884608,0
600125,2014,5,0.040925891872098684,0.0956624228300769,0
600125,2015,4,0.03898994069582075,0.07851443589128926,0
600125,2016,3,0.017490757441452964,0.09507172870800105,1
600125,2017,6,0.028468179867270512,0.11127165924826118,0
600125,2018,2,0.04344206386592849,0.07542126286504093,0
600125,2019,4,0.05301359298864479,0.06970062977848651,0
600125,2020,3,0.039805481849922685,0.09214561424675648,0
600125,2021,7,0.059308756325566286,0.07746268776062193,0
600125,2022,6,0.0531369591718076,0.06666915104201383,0
600125,2023,4,0.06922176109686898,0.049249017738538944,0
600126,2013,11,0.062121515509856284,0.09025144282844079,0
600126,2014,3,0.024120378382462476,0.07803388654259352,0
600126,2015,6,0.03890099030249836,0.09355702431609425,1
600126,2016,3,0.04105987204776192,0.12384995250558054,0
600126,2017,5,0.04906841506933462,0.12068484994478483,1
600126,2018,3,0.058890685331291805,0.1018348948533581,0
600126,2019,9,0.059973339913249823,0.10203417769293825,1
600126,2020,3,0.03864280799552068,0.10446149524230383,1
600126,2021,2,0.04908824027520854,0.08369644596418334,0
600126,2022,12,0.04496286769351968,0.07327033467891611,0
600126,2023,8,0.04677676581106077,0.13243203221629285,0
600127,2013,1,0.03731173490547097,0.07555408708693759,0
600127,2014,6,0.04524526163983133,0.07732448773097086,0
600127,2015,4,0.041237159523547534,0.08860137385605528,0
600127,2016,9,0.06148177610939179,0.07147010889731625,0
600127,2017,8,0.05182602386692967,0.07740170445870559,0
600127,2018,6,0.04554390242747404,0.12903605401887142,0
600127,2019,6,0.06304142200907996,0.08628090011408414,1
600127,2020,5,0.03733065142433111,0.09034350760713074,0
600127,2021,8,0.05978970585655995,0.08216823312017665,0
600127,2022,5,0.028413188695624186,0.1275641362545582,0
600127,2023,6,0.05990166615834696,0.09290335582464053,0
600128,2013,2,0.03186819646906551,0.08271709412926236,1
600128,2014,7,0.02342352130907657,0.07786457432364711,1
600128,2015,3,0.04779777397926917,0.09473542398014051,1
600128,2016,2,0.0313827716344562,0.08218320922145274,0
600128,2017,1,0.053149898466972684,0.08303776841255853,0
600128,2018,5,0.034624549301948214,0.09306569686024863,0
600128,2019,6,0.016686649065936924,0.05241070148935077,1
600128,2020,8,0.038283369806628095,0.05572917962876164,1
600128,2021,6,0.05039850690063845,0.06635547655493988,0
600128,2022,8,0.061877906910237535,0.06935655668558495,1
600128,2023,4,0.04704868170157091,0.0830518418037456,0
600129,2013,2,0.04826424948013219,0.08499897041439552,0
600129,2014,2,0.03381100430987033,0.06528745971847803,0
600129,2015,4,0.04770316242050679,0.0751119510606787,1
600129,2016,9,0.04491267302970441,0.08846627238935102,0
600129,2017,2,0.055051557017794656,0.057750585106709704,0
600129,2018,6,0.04960569320310866,0.10385037709429987,0
600129,2019,5,0.034376046035887786,0.08071769673269835,0
600129,2020,7,0.04207057145277565,0.08670666443948968,0
600129,2021,5,0.043144601024436326,0.07420090632674681,0
600129,2022,6,0.060190823316629206,0.09210397778973045,0
600129,2023,5,0.032979795654531345,0.09195657706524353,0
600130,2013,5,0.0295964585751192,0.06653868236027434,0
600130,2014,3,0.04723167015692742,0.04231448532345474,1
600130,2015,7,0.05265387417635615,0.07797225594432233,0
600130,2016,6,0.03654198791880211,0.09959050984162598,0
600130,2017,8,0.046768077055438645,0.06303026270814832,0
600130,2018,7,0.054227672374407884,0.0897072051513309,1
600130,2019,8,0.05855101252718828,0.09041642431907103,1
600130,2020,11,0.05713279486072523,0.14233572364897723,0
600130,2021,3,0.07409036016888201,0.10136257788836024,0
600130,2022,3,0.027353980737556446,0.12699000432420707,0
600130,2023,5,0.05126508410193973,0.1258441497607124,1
600131,2013,3,0.023346275922001367,0.06404829368656588,1
600131,2014,2,0.04252861988824522,0.05127694118616337,0
600131,2015,4,0.02250189535056922,0.08858633110064176,0
600131,2016,2,0.013169813880097928,0.05505274914958153,0
600131,2017,0,0.04221867474481273,0.07894954287198466,0
600131,2018,2,0.05416586032934933,0.07506860943114635,1
600131,2019,0,0.05784209587125805,0.03408313703178928,0
600131,2020,3,0.014550935785359154,0.095168225511925,0
600131,2021,5,0.07374306337397621,0.09271503534710808,0
600131,2022,3,0.05718723561674095,0.09362988842918388,0
600131,2023,2,0.044447824199502,0.07388359770979111,0
600132,2013,4,0.036578542358164226,0.09973986420963185,0
600132,2014,2,0.06116361461946859,0.0525927357540949,0
600132,2015,2,0.06213709457451409,0.04926667091315837,0
600132,2016,6,0.03340386109853627,0.08436734961654656,1
600132,2017,6,0.03660589861773182,0.07295098983266785,0
600132,2018,6,0.06734132735238232,0.07030429838692315,0
600132,2019,0,0.060051285280493825,0.05535604457612677,0
600132,2020,4,0.03644467406557168,0.08110796450552442,0
600132,2021,2,0.059659393417950055,0.07842086196761273,1
600132,2022,4,0.026503280060200474,0.08772935394251094,0
600132,2023,5,0.04399869727671298,0.1000108602138569,1
600133,2013,4,0.05386026138127113,0.08711114401290936,0
600133,2014,3,0.03734483932917819,0.07143681254486588,0
600133,2015,5,0.03073512584368024,0.07847623991035937,0
600133,2016,5,0.049101586880381534,0.07850455890738028,0
600133,2017,3,0.05021044810974355,0.09925284790564301,0
600133,2018,3,0.04210592061497021,0.06852359410204881,0
600133,2019,3,0.05458525421689481,0.060499569283861715,1
600133,2020,3,0.03702508155064731,0.09191022157956624,0
600133,2021,8,0.05510332691011542,0.06659256783590912,0
600133,2022,8,0.06276897354042489,0.0999221077754898,0
600133,2023,7,0.047157157641777775,0.08723028845918991,0
600134,2013,4,0.03542724891056141,0.07112380864594271,0
600134,2014,4,0.042450593461994576,0.04957494773447561,0
600134,2015,1,0.05406839038231811,0.08456199016090815,1
600134,2016,2,0.043224483723810804,0.08889361007710873,0
600134,2017,3,0.03717669562586941,0.11688028214172014,0
600134,2018,7,0.05588882681963171,0.05641568008730905,0
600134,2019,10,0.05230060295734018,0.12913637662629868,0
600134,2020,5,0.04460702353199971,0.09595478093361047,0
600134,2021,3,0.05171844428435272,0.09947256226585491,0
600134,2022,9,0.05297757216176713,0.1059296767350371,1
600134,2023,9,0.06922294730968795,0.12771642760729732,1
600135,2013,6,0.039624846002974744,0.05407654929203207,1
600135,2014,5,0.023430839165425845,0.042057350903923416,0
600135,2015,6,0.05280075504810729,0.071621587891887,0
600135,2016,8,0.05446066179048661,0.1024261023814623,1
600135,2017,1,0.05636462257840935,0.08178494719434938,1
600135,2018,7,0.04558895847244765,0.03768922705839542,0
600135,2019,3,0.0449043444516875,0.05774661143675032,0
600135,2020,8,0.04802835952214046,0.09949107347175594,0
600135,2021,5,0.04008719566872332,0.0967829900606341,0
600135,2022,7,0.04696185699560934,0.08431924181217251,1
600135,2023,6,0.0576630464044598,0.09139874156628613,1
600136,2013,11,0.026437936487730723,0.09654847460714729,0
600136,2014,5,0.03462587863167639,0.095461044828588,1
600136,2015,6,0.04852421749776598,0.0372773275260043,0
600136,2016,2,0.031574619757357945,0.09134920132257471,0
600136,2017,7,0.048693606633736335,0.09950839579546855,0
600136,2018,3,0.04357069806390333,0.09554459067393795,0
600136,2019,4,0.030587393597729648,0.09311424640910003,1
600136,2020,5,0.04878215941651568,0.08070920138922168,0
600136,2021,5,0.02436350487109488,0.06319714223670916,1
600136,2022,3,0.05064279164270018,0.11557872354540927,1
600136,2023,9,0.04186699468172523,0.09723891934761253,0
600137,2013,4,0.021482993633816536,0.08193078118880488,1
600137,2014,6,0.04589582746159567,0.09980680421573095,1
600137,2015,4,0.03150464477707099,0.08354824355701973,1
600137,2016,7,0.04324650360331174,0.07631344144454945,0
600137,2017,3,0.04112920297536106,0.1263546178169052,1
600137,2018,5,0.03273240641988593,0.10325366012415665,0
600137,2019,5,0.04735072257863395,0.07268895573914869,1
600137,2020,5,0.03558204853353886,0.12328504029483958,0
600137,2021,6,0.044807635838322916,0.07875148267510726,0
600137,2022,8,0.04263253058659611,0.0858412695873769,1
600137,2023,5,0.04154746686824491,0.08264671310424958,1
600138,2013,4,0.04660760165215612,0.07481455179000253,0
600138,2014,3,0.03322265227399633,0.08982014307670966,0
600138,2015,5,0.054026340072416384,0.08596602525131113,1
600138,2016,7,0.05204265201807802,0.08216787049426004,1
600138,2017,6,0.05795410866380038,0.10820440162190006,0
600138,2018,8,0.03413274358727228,0.11710054931000895,0
600138,2019,6,0.04481734697492323,0.11780667306048256,0
600138,2020,4,0.05252581898244538,0.07390913045650985,1
600138,2021,7,0.060341987814894554,0.0926141593562796,0
600138,2022,8,0.058504092051548606,0.12162599108766536,0
600138,2023,9,0.05750485926912686,0.09544225969694999,0
600139,2013,5,0.045445122781981255,0.10625985165285487,1
600139,2014,5,0.050325762911140395,0.07143860657794165,0
600139,2015,3,0.05917435050713707,0.07815899072036576,0
600139,2016,5,0.05474240419669939,0.0864849340364235,0
600139,2017,5,0.0510365315513264,0.06861816483256668,0
600139,2018,4,0.05249259223359625,0.08741354124556783,0
600139,2019,7,0.04544355250900516,0.06743855562439902,0
600139,2020,5,0.027698597083721965,0.059965593408226894,1
600139,2021,5,0.04962507088937288,0.11035167720722214,1
600139,2022,3,0.051915911000808126,0.10819542152331581,1
600139,2023,14,0.047299049052189304,0.09616337586962566,1
600140,2013,2,0.0419543438802404,0.07324256261365046,1
600140,2014,4,0.03557708360829303,0.035539857961202,1
600140,2015,3,0.0559629540227537,0.10797509067279731,1
600140,2016,3,0.06011220692953908,0.07039319918754985,1
600140,2017,4,0.04113401667949898,0.06716057013635439,1
600140,2018,7,0.04580703213386359,0.06467451834747291,0
600140,2019,5,0.050744077349074566,0.10095068865687744,0
600140,2020,9,0.0442382114123294,0.10172619344905595,0
600140,2021,5,0.053077495298028535,0.11367439557976763,0
600140,2022,3,0.051223662675960305,0.05042913007690282,0
600140,2023,2,0.06826079680946325,0.05416800599467468,0
600141,2013,1,0.03966876718415793,0.033763108257330685,1
600141,2014,2,0.02347646888767792,0.07260285669504399,0
600141,2015,1,0.03650773822113703,0.05350618974469454,1
600141,2016,6,0.03517613829890665,0.07365733703010643,1
600141,2017,4,0.04442328204261025,0.04325882605841877,0
600141,2018,6,0.02862030590367141,0.04401232663587809,1
600141,2019,4,0.028086858085149075,0.09254842172388565,0
600141,2020,4,0.04122520644905948,0.07912922456319163,0
600141,2021,4,0.03855021333704758,0.07681990965196601,1
600141,2022,2,0.049699973297996906,0.09285593261808214,0
600141,2023,5,0.038797995392523855,0.08203393283031847,0
600142,2013,9,0.04562896854312145,0.07919420240681921,0
600142,2014,9,0.03885320827972352,0.09294338597374029,0
600142,2015,9,0.04607913149159981,0.0582969365462218,0
600142,2016,5,0.031018535164364328,0.08551428225990379,0
600142,2017,2,0.049901161818353953,0.04196138488621233,0
600142,2018,4,0.03892791394812457,0.07358000602224293,0
600142,2019,4,0.0343972149748586,0.07604411522744312,0
600142,2020,4,0.0618584537563634,0.08821780516190365,0
600142,2021,4,0.044272288012175386,0.0657633049821553,1
600142,2022,2,0.047563477455412964,0.10432832078912224,0
600142,2023,8,0.02543015454981851,0.07958764233927183,0
600143,2013,5,0.04101435143788033,0.07614818740276709,0
600143,2014,6,0.035631526746233336,0.05733678593701336,0
600143,2015,6,0.03764756529586106,0.08550355040822724,0
600143,2016,6,0.05189988479527879,0.08148451898604098,0
600143,2017,6,0.04298189358538798,0.08479729927011688,1
600143,2018,4,0.04067728127943236,0.09359096118436859,0
600143,2019,5,0.034636108396306396,0.10108428062000313,1
600143,2020,5,0.039182351465286064,0.08462530696632702,0
600143,2021,2,0.06340759360836491,0.08899929306187881,1
600143,2022,6,0.028846227373496885,0.11367757447816974,0
600143,2023,9,0.05032248848595092,0.12919812967811062,0
600144,2013,2,0.036148061393819104,0.017863314582352727,0
600144,2014,5,0.023198723740128532,0.05632869954551654,0
600144,2015,2,0.03880424392580573,0.08155738531002571,0
600144,2016,5,0.05636838168969392,0.07626474381302427,0
600144,2017,6,0.03148064800361786,0.08087701279007735,0
600144,2018,2,0.032064999160575994,0.047655256968184095,0
600144,2019,5,0.053589129835845066,0.06497276585811382,0
600144,2020,3,0.03722016974294736,0.054161652628126576,1
600144,2021,3,0.04660426716671425,0.07431397141996576,0
600144,2022,5,0.06925833020918713,0.05346813877907328,1
600144,2023,6,0.04732650611377991,0.09986062433354992,0
600145,2013,1,0.04859611457655291,0.059656861555808106,0
600145,2014,2,0.049461814997140946,0.05268960643245739,0
600145,2015,1,0.01399664045073434,0.09882368852292056,0
600145,2016,2,0.0395418352673827,0.03832714960502384,1
600145,2017,3,0.023686419216289188,0.045984133483835184,0
600145,2018,5,0.017748923293824888,0.07722758793538413,0
600145,2019,1,0.021485910774597546,0.0548273342234161,1
600145,2020,5,0.044625534258886025,0.04146033181136341,1
600145,2021,6,0.03953318620532914,0.04572823124141785,1
600145,2022,3,0.036809486108442764,0.0741824757813202,0
600145,2023,3,0.0446015850144525,0.074142827999933,0
600146,2013,1,0.0382885215570708,0.05887017237103788,0
600146,2014,0,0.001137284121271353,0.05670588307397765,0
600146,2015,2,0.03077923172340089,0.023085151804452884,0
600146,2016,2,0.01912164403284629,0.03354284490220151,0
600146,2017,1,0.019651200293030358,0.05423628505824117,0
600146,2018,3,0.03174297739920923,0.07571810933635256,0
600146,2019,2,0.02325553054611378,0.07839913552944108,1
600146,2020,2,0.051525784788889153,0.09551553673991713,0
600146,2021,0,0.040532015426693664,0.08640475324591301,0
600146,2022,4,0.038022154013912735,0.08012230259323122,0
600146,2023,5,0.04220225869606297,0.07176681373760661,0
600147,2013,4,0.034702802624462625,0.08307955793482298,0
600147,2014,2,0.0057144626237801595,0.03842394630795555,0
600147,2015,2,0.038507972148581364,0.03749320029582935,0
600147,2016,1,0.04730286392689099,0.06234227890520171,0
600147,2017,2,0.05579775722949741,0.06863629821910443,0
600147,2018,6,0.05290037843890439,0.039244268268785965,0
600147,2019,0,0.028313561465445274,0.06257635403693634,0
600147,2020,2,0.043385018141780335,0.0776649111300072,0
600147,2021,2,0.03520786840345424,0.06957831236800682,0
600147,2022,2,0.018334750587856562,0.09250602651771461,0
600147,2023,2,0.023043691985349907,0.06567551088303375,0
600148,2013,3,0.038677695670206666,0.09749116218536653,0
600148,2014,5,0.02687562011037747,0.044374197404297676,1
600148,2015,4,0.021218486954071355,0.06872867516747667,1
600148,2016,6,0.03965368764574195,0.06353919843130298,0
600148,2017,4,0.0708216127410202,0.0900899475710372,0
600148,2018,4,0.04789712994135995,0.02999091554583777,1
600148,2019,5,0.055397115330349425,0.07467506153353484,0
600148,2020,5,0.04967232778326792,0.07410501039118952,0
600148,2021,8,0.05862686190022362,0.06334995822373819,1
600148,2022,7,0.040987098963824846,0.08340881601326107,1
600148,2023,0,0.03347584037970171,0.057536412376182455,0
600149,2013,2,0.0005126599703287466,0.06351257646076341,0
600149,2014,3,0.03228871563988064,0.053727947963225706,0
600149,2015,3,0.058163634585714497,0.03820468612404147,0
600149,2016,2,0.03473527810135873,0.055902736518077215,0
600149,2017,1,0.03355281858583225,0.040482240998476124,0
600149,2018,5,0.04768615759229364,0.10932454089512189,1
600149,2019,2,0.03968029404503207,0.09307404463629784,0
600149,2020,5,0.04744854406774055,0.09049850490595363,0
600149,2021,2,0.04185594291603755,0.0963297330436298,0
600149,2022,4,0.030245679371958017,0.07153605550995057,0
600149,2023,1,0.01934541132256053,0.07861628797106805,0
600150,2013,7,0.04014290802888223,0.12169552499527905,0
600150,2014,8,0.044010607451921244,0.08587817870968356,0
600150,2015,3,0.056218067106545117,0.0988820686979046,1
600150,2016,5,0.03516085295000574,0.07217329262273403,0
600150,2017,5,0.04674332444469311,0.14331631969062264,0
600150,2018,4,0.052783990700161744,0.10313810987825334,1
600150,2019,6,0.02948235970021225,0.06928621687879268,0
600150,2020,5,0.024990237922851738,0.08865220027669993,0
600150,2021,9,0.05681332495252891,0.08208262273278083,0
600150,2022,7,0.03519064963572945,0.07907644229259801,0
600150,2023,6,0.037228510912034156,0.12068003743125849,0
600151,2013,3,0.059707769088880966,0.072159927244173,0
600151,2014,6,0.030849104253015534,0.09537560917713596,1
600151,2015,6,0.05161610018356491,0.07567218118777357,0
600151,2016,6,0.04996155128623709,0.09253156576931759,0
600151,2017,3,0.04366375102380981,0.1118361064675739,0
600151,2018,2,0.0428118041297655,0.06282410749961012,0
600151,2019,4,0.04032269319221893,0.09664073458578341,0
600151,2020,6,0.04562194571896442,0.08466125030074695,1
600151,2021,4,0.05201193741561613,0.09334738414804322,1
600151,2022,3,0.04536749023341175,0.12115486296276258,1
600151,2023,6,0.044645814127641716,0.09191164331509012,0
600152,2013,6,0.046380831556573195,0.10707109374109258,0
600152,2014,6,0.03577725239670744,0.06881563698174147,1
600152,2015,2,0.04916766647404885,0.05083011381951365,0
600152,2016,4,0.045582619684870276,0.05933259536291402,0
600152,2017,8,0.032568007248245906,0.09571853716224292,1
600152,2018,6,0.041093750398140755,0.0703724736659827,0
600152,2019,6,0.010333741645891535,0.13693025752668314,0
600152,2020,7,0.0327325711140296,0.09626806895681453,0
600152,2021,2,0.06723084038327166,0.10397709869724191,0
600152,2022,6,0.04608014934733539,0.07969972902599051,1
600152,2023,3,0.05960172429387118,0.07487913485375133,0
600153,2013,5,0.046576666101250115,0.06765611652968291,1
600153,2014,14,0.052974355985003704,0.11372851409921583,0
600153,2015,7,0.03502436135928837,0.11559867062791523,0
600153,2016,4,0.05436026866707859,0.06961063486058214,0
600153,2017,5,0.027183871834041272,0.11433132001058605,0
600153,2018,5,0.03838087343393709,0.07463175122681354,0
600153,2019,7,0.035990316005491865,0.08199989853883617,0
600153,2020,4,0.047725855370336294,0.06641550397073173,1
600153,2021,9,0.04402295242596145,0.08674659423643404,0
600153,2022,6,0.048513926724041354,0.028730902080213415,0
600153,2023,4,0.01202886945982793,0.09364783655097753,1
600154,2013,4,0.04003792714244667,0.03172459113063152,0
600154,2014,3,0.03205682967920053,0.07289712901857787,0
600154,2015,7,0.04088808168989105,0.07024633197123754,0
600154,2016,4,0.03650961837191367,0.09958221489103292,0
600154,2017,1,0.07400009714482422,0.07939283855880151,0
600154,2018,7,0.0522492308605777,0.10473852361859332,1
600154,2019,5,0.03080373678627735,0.09751546733206228,0
600154,2020,2,0.0444987675704516,0.09003150892196621,0
600154,2021,3,0.06970992456739745,0.05790601244749326,0
600154,2022,7,0.04292706721487126,0.11254312256104501,0
600154,2023,4,0.06011755063010764,0.06669305964027306,0
600155,2013,2,0.04529782923049654,0.044151040947382744,0
600155,2014,4,0.047530847187911514,0.05205327407960385,0
600155,2015,1,0.04741245191127831,0.0455677636626289,0
600155,2016,1,0.03710198861165103,0.06788169597695981,0
600155,2017,3,0.03434917320806717,0.06716014215480397,1
600155,2018,1,0.024178225629301258,0.0690851492166266,0
600155,2019,6,0.02479040268509026,0.12380662614502308,0
600155,2020,4,0.043559677165569535,0.06679510821165825,0
600155,2021,5,0.039841795435764354,0.04984937663945423,0
600155,2022,6,0.041660425605882644,0.05431518909269957,1
600155,2023,5,0.04024365774308033,0.08106761182335731,0
600156,2013,6,0.05504624773065977,0.10296926832606704,0
600156,2014,4,0.03242678490198579,0.0921958153994302,0
600156,2015,3,0.062143420564695295,0.07815940169812462,0
600156,2016,6,0.024838344199964748,0.06106101172926303,1
600156,2017,5,0.043794765627082684,0.07923437682562422,0
600156,2018,9,0.0430339086697343,0.05444649192291229,0
600156,2019,5,0.042839081508359224,0.1360796850319627,0
600156,2020,2,0.033953957612094195,0.08439709818087056,0
600156,2021,9,0.05802539104034538,0.07869515255900715,1
600156,2022,2,0.03600114306187942,0.050068546323533365,1
600156,2023,2,0.048674790827484125,0.08698546831963312,0
600157,2013,3,0.016715955911756487,0.058196229038490116,0
600157,2014,1,0.04583949357623439,0.07922695507354828,0
600157,2015,3,0.03854107307188066,0.07305654887490479,0
600157,2016,6,0.05033233520026335,0.07526358900343537,1
600157,2017,8,0.047446327270246766,0.057481501224581066,0
600157,2018,3,0.042124950447083705,0.08863548589543922,0
600157,2019,6,0.04228506868829013,0.07681857678831484,0
600157,2020,4,0.02509071705080956,0.06525588798459828,1
600157,2021,6,0.05705136596946481,0.10228921883531922,0
600157,2022,9,0.05019884734059136,0.10049379561011874,1
600157,2023,7,0.03851596664845161,0.10235721456187974,1
600158,2013,3,0.053201496126342424,0.062487958096383356,0
600158,2014,4,0.02876306961466784,0.08798304189067956,0
600158,2015,2,0.037014495996072275,0.11929533189484133,0
600158,2016,8,0.051863577388720127,0.13311488269044722,1
600158,2017,4,0.045612920564067724,0.05494558077086969,1
600158,2018,5,0.05455915798206032,0.04190440503183863,1
600158,2019,4,0.05756339509368784,0.13210868152359143,0
600158,2020,4,0.06344531210641993,0.06703219851339697,1
600158,2021,11,0.04329711636061718,0.07576582318325815,0
600158,2022,10,0.03994191405289394,0.09309961569447653,1
600158,2023,8,0.05430937691129739,0.10999789852172578,0
600159,2013,5,0.03805550173287221,0.11661349028193907,0
600159,2014,2,0.030124489546796515,0.12310053949773483,0
600159,2015,11,0.027095928949382862,0.06935132669878838,1
600159,2016,8,0.05237742979199822,0.08473960695468681,1
600159,2017,4,0.01555806608320338,0.0997005461724291,0
600159,2018,4,0.0625369696404315,0.06636529318536322,1
600159,2019,2,0.04057166939472105,0.10257724803624378,0
600159,2020,8,0.025987000757009243,0.07646176218146439,1
600159,2021,3,0.041467786358071135,0.046143359588727326,0
600159,2022,2,0.030831193583660405,0.04672025193260916,0
600159,2023,4,0.03365325806709338,0.10018391575409857,0
600160,2013,3,0.034775216099763126,0.11265688709543237,0
600160,2014,3,0.04113953187610078,0.07524786463628878,0
600160,2015,3,0.04225651834444454,0.08204310425056971,0
600160,2016,7,0.03416320440190873,0.06960668181314533,0
600160,2017,4,0.053751643463871304,0.0821898589948371,0
600160,2018,6,0.032179012389280205,0.12638702827521175,0
600160,2019,2,0.05484385460981183,0.07298565657052741,0
600160,2020,11,0.03917404334318275,0.10744511372473405,1
600160,2021,5,0.04991551530322317,0.10427588114370456,1
600160,2022,5,0.05226422267933675,0.05788771877088608,0
600160,2023,9,0.06895298950327367,0.06296852696263827,0
600161,2013,4,0.045838658598832266,0.07400702604740528,0
600161,2014,7,0.04175520928121609,0.03921179781679681,0
600161,2015,5,0.0500619088288653,0.12353639116169168,0
600161,2016,3,0.03032091057709916,0.02922899650066149,0
600161,2017,4,0.030385165839275738,0.10048035085177319,0
600161,2018,6,0.05695985497805934,0.10674106595234081,0
600161,2019,7,0.012610644588003702,0.06758062247476282,1
600161,2020,6,0.03522229592729772,0.09527075257627743,0
600161,2021,6,0.04448730015860495,0.07227073619526508,0
600161,2022,2,0.057987724342459294,0.09583642799956452,0
600161,2023,2,0.046282435246591196,0.10310394764779998,0
600162,2013,2,0.062302164025322945,0.0884985139160818,0
600162,2014,5,0.027317663276722783,0.12052159853355733,1
600162,2015,6,0.03532659615246563,0.10514982903730098,1
600162,2016,2,0.036543295827121035,0.0685130848422136,0
600162,2017,5,0.025982639491599596,0.07238066942625698,1
600162,2018,4,0.039918698248940364,0.05252016396585745,0
600162,2019,8,0.04074005488587725,0.09376392403111353,0
600162,2020,3,0.06861273809022808,0.09589867774951404,0
600162,2021,4,0.038622139005725524,0.08421760506802191,0
600162,2022,4,0.06609607614515169,0.08016758843549819,0
600162,2023,5,0.04231857432127383,0.06913469418963543,0
600163,2013,3,0.041150759969256115,0.09191151625849205,0
600163,2014,2,0.06848742850140574,0.032107054880552724,0
600163,2015,4,0.025992626190925638,0.022934053524786835,0
600163,2016,3,0.04589494423654573,0.06431769170787348,0
600163,2017,6,0.026710052514765166,0.06484716345982948,0
600163,2018,8,0.03915869479045944,0.09843915931748812,1
600163,2019,10,0.037557855663603076,0.09704821228871088,0
600163,2020,6,0.02490893021869197,0.14000329259078323,1
600163,2021,5,0.055151665260229805,0.08428828271830334,0
600163,2022,5,0.045505783860657976,0.09042287618668352,0
600163,2023,9,0.03055410764551414,0.12561418003707775,0
600164,2013,2,0.03577585551431394,0.0671740948116105,0
600164,2014,4,0.017619743589790838,0.10026355825066419,0
600164,2015,2,0.03685815191295167,0.08050391135955656,1
600164,2016,5,0.06841092168484125,0.057872860834687755,0
600164,2017,2,0.07690471654674008,0.08073675769792088,1
600164,2018,3,0.010049578833352522,0.10098280081347205,0
600164,2019,4,0.02832873256797811,0.1078176813023461,0
600164,2020,5,0.04001274575083066,0.0631793759678151,1
600164,2021,7,0.047052604407070785,0.07995823354538248,1
600164,2022,10,0.05533972402007319,0.08470326826823985,1
600164,2023,4,0.03743414325442551,0.10302099182360498,0
600165,2013,8,0.031494321417662716,0.046064393848135446,0
600165,2014,7,0.03223811318911769,0.048024783597200194,0
600165,2015,6,0.03662522131608306,0.07531147046602756,0
600165,2016,2,0.042814285704132614,0.05738954832064978,1
600165,2017,4,0.03847375519254774,0.06067947983137175,0
600165,2018,3,0.03797554817714578,0.12313601972017241,0
600165,2019,4,0.04265097612811823,0.08954906791781393,0
600165,2020,6,0.05093953238504545,0.07364031690594516,1
600165,2021,3,0.0292645414577908,0.07193647775214751,0
600165,2022,6,0.035809599680479455,0.08187843980245249,0
600165,2023,4,0.035338443305158965,0.07374485955918474,0
600166,2013,3,0.055698666773316245,0.06427039937613724,0
600166,2014,5,0.0572508919303548,0.0823276698108787,1
600166,2015,7,0.05269413245973261,0.08640943701677638,0
600166,2016,4,0.028965567534509146,0.08401856294463038,0
600166,2017,6,0.03293765248232898,0.09265564541264587,0
600166,2018,7,0.06546043190662001,0.06598453614513555,0
600166,2019,8,0.0448591728802953,0.08633659955809146,0
600166,2020,11,0.058811166977147604,0.08677818775273785,1
600166,2021,6,0.04196943036092493,0.09256396590087941,1
600166,2022,6,0.03308506879534584,0.07357541233912145,0
600166,2023,4,0.05441811234333991,0.116035052197269,1
600167,2013,2,0.050378407322391044,0.1010517178002962,0
600167,2014,4,0.011499736219800126,0.10674229628450052,0
600167,2015,9,0.03518264345687081,0.0811479206613851,1
600167,2016,9,0.034688332689686296,0.08287093819246544,1
600167,2017,3,0.043964483144469296,0.12079936251072709,1
600167,2018,5,0.0310568311882346,0.1152566959264348,0
600167,2019,9,0.043103914734114644,0.1293697862660746,0
600167,2020,11,0.061048578145583336,0.1078407042665673,0
600167,2021,3,0.04050949187726181,0.08202258457099984,0
600167,2022,7,0.03286252982475958,0.09495364559169767,1
600167,2023,6,0.05547048803687915,0.07377965972356877,0
600168,2013,4,0.06567623098082738,0.07695758959619298,0
600168,2014,4,0.03374016435605924,0.09071286399751764,0
600168,2015,4,0.058341063398960225,0.1105153370581019,0
600168,2016,4,0.037989861713371695,0.08505460523536147,0
600168,2017,3,0.04625580821807089,0.05719432275790308,1
600168,2018,4,0.045192883939392074,0.08757323384966101,0
600168,2019,5,0.03523777111044585,0.0829536784097668,0
600168,2020,4,0.046391309179793026,0.10653618336402475,0
600168,2021,5,0.03980658811765039,0.09206548009456095,1
600168,2022,6,0.0280661906021591,0.06973000134196397,0
600168,2023,4,0.036068969242177826,0.07151924972117357,0
600169,2013,7,0.03931696081927372,0.1001642805084637,0
600169,2014,4,0.05862848568383612,0.09220903814183344,0
600169,2015,5,0.03598532451730709,0.10960366233073307,0
600169,2016,8,0.030385550226378958,0.09184948269097723,0
600169,2017,6,0.05585043068322204,0.1127507048349736,1
600169,2018,4,0.040942200531958864,0.11171039240244865,1
600169,2019,4,0.013922269393036913,0.0869901676396256,1
600169,2020,5,0.04769265619654427,0.08560766034993582,0
600169,2021,7,0.040626126027364984,0.08640520901811928,0
600169,2022,4,0.03817187137415731,0.07111521009644867,0
600169,2023,5,0.050228267231750424,0.12861916684927086,0
600170,2013,1,0.033730549980223054,0.06608067874239351,0
600170,2014,5,0.03566989561259321,0.0614316066102168,0
600170,2015,5,0.035004675651553296,0.07954387721470588,0
600170,2016,3,0.03576002539498189,0.07960769574622098,0
600170,2017,7,0.05745745625974444,0.05512060999626338,0
600170,2018,7,0.01909726747233544,0.08565220229175591,0
600170,2019,5,0.04673407925061559,0.10061553867953862,1
600170,2020,5,0.03347938221342829,0.06665321571365955,0
600170,2021,7,0.037298420778904565,0.06841199132788042,0
600170,2022,6,0.04873663521974224,0.05446304262862735,1
600170,2023,9,0.07614638633539789,0.11691262508760317,0
600171,2013,1,0.05009668662068819,0.06426744276637711,0
600171,2014,3,0.024412466990018283,0.05244326424412397,0
600171,2015,4,0.05109225243001531,0.07791549981300283,1
600171,2016,4,0.025045223351093004,0.10226584883510279,0
600171,2017,4,0.02997549677911719,0.062190351052355514,0
600171,2018,1,0.03788808006022777,0.047865820106073896,1
600171,2019,3,0.027826427019917443,0.0678648514411729,0
600171,2020,2,0.03937731121139248,0.06200085719633514,1
600171,2021,3,0.0088165996839123,0.09689159165183295,0
600171,2022,4,0.050797378908490044,0.05917347398702959,1
600171,2023,7,0.034185528385332,0.06645629288575483,1
600172,2013,3,0.036983826078656204,0.08276763097798677,0
600172,2014,3,0.04303496136543563,0.09302541762699666,0
600172,2015,7,0.06491200392689316,0.08566818858633984,0
600172,2016,4,0.04975785339935032,0.06170515072272059,0
600172,2017,6,0.054025401963606175,0.10498670019169153,1
600172,2018,9,0.03898670753782545,0.07677277536840478,0
600172,2019,6,0.04472728737834887,0.12725252598206602,1
600172,2020,5,0.023894228516902278,0.08178549036003604,0
600172,2021,13,0.050288591506837815,0.1068624135216006,0
600172,2022,3,0.040706594733143364,0.10377938738366385,1
600172,2023,9,0.04510050876544883,0.11049276883600996,0
600173,2013,5,0.025482983006041723,0.0926466030908288,0
600173,2014,4,0.03804062945273986,0.11017454709578986,0
600173,2015,3,0.05400619394128092,0.03800513948252715,0
600173,2016,4,0.04589958447891874,0.06967828627745667,0
600173,2017,5,0.04340006052593241,0.059402756153942284,0
600173,2018,7,0.014849339326644576,0.06486536702026893,1
600173,2019,6,0.06956321464386904,0.08064426115313938,0
600173,2020,6,0.0474068039665396,0.06029338128135961,1
600173,2021,7,0.044394629926131066,0.10080140586529387,0
600173,2022,8,0.07591154541745616,0.10151728640933358,1
600173,2023,2,0.04862759296759631,0.08924096559038001,0
600174,2013,2,0.04647748691724265,0.04827268693709015,0
600174,2014,4,0.04111283500931383,0.06637346629496431,0
600174,2015,3,0.04881122203874489,0.08696824472582061,1
600174,2016,4,0.048619474708033496,0.07999286266361277,0
600174,2017,1,0.04339011940098768,0.094819565225964,1
600174,2018,10,0.03998368399665076,0.07807393254975127,0
600174,2019,4,0.0357528756158687,0.05901662925575665,1
600174,2020,5,0.04885114408694963,0.07386817204331356,0
600174,2021,4,0.01849448352779904,0.0981905668561505,0
600174,2022,4,0.0440940213488199,0.08203242095435401,0
600174,2023,5,0.01836312861295813,0.08976053361898573,0
600175,2013,3,0.03641148787008687,0.09534759082351872,0
600175,2014,1,0.02045199513199068,0.06649093425378527,0
600175,2015,1,0.03244471808666287,0.07292727823211506,0
600175,2016,2,0.03649483190068879,0.05929089194900866,0
600175,2017,3,0.03779150438305358,0.08939229684759531,0
600175,2018,4,0.06309374139924741,0.10203659319803346,0
600175,2019,2,0.044557772241325566,0.09820255382824998,1
600175,2020,5,0.031795771458597924,0.08304820907876331,1
600175,2021,4,0.04094005199348942,0.09279282057247992,0
600175,2022,5,0.03634054675229816,0.08706025267321335,0
600175,2023,2,0.04424250972882018,0.0688119801423604,0
600176,2013,5,0.06676203392994215,0.10832377421805653,0
600176,2014,2,0.04041898421602393,0.0541173139653985,0
600176,2015,5,0.025705690299545902,0.08551856120714907,0
600176,2016,3,0.03920756327737135,0.07982559573631048,0
600176,2017,4,0.03391811545717369,0.06665382836937658,0
600176,2018,7,0.058274682858422924,0.08894780237037206,0
600176,2019,5,0.03951670628458924,0.09698487906239467,0
600176,2020,3,0.04317234632447909,0.12108026251349843,1
600176,2021,7,0.052514043644284414,0.09736367705052344,0
600176,2022,5,0.043720195800932775,0.024937097359236757,0
600176,2023,7,0.04736491956502043,0.09940962123181704,0
600177,2013,7,0.017171481316674866,0.07563154826181304,0
600177,2014,1,0.03319321123376329,0.056845751767453656,0
600177,2015,6,0.05151089928689906,0.08909464426499276,0
600177,2016,4,0.044861216638210945,0.07029998854670762,0
600177,2017,1,0.05909371027204062,0.07883996996132288,0
600177,2018,3,0.045126224712177324,0.08275319697799946,0
600177,2019,5,0.03753436435721341,0.06036890485165296,1
600177,2020,2,0.05189506809711705,0.06841001662218883,0
600177,2021,7,0.059932717941185966,0.11859869823224906,0
600177,2022,1,0.04680144756382239,0.11580241028073163,0
600177,2023,5,0.05808973833415693,0.10268654424968802,0
600178,2013,6,0.04002249641013103,0.08083026648858442,0
600178,2014,7,0.04982123856994497,0.05405452686035264,0
600178,2015,3,0.025621119028411406,0.028249779865084042,0
600178,2016,3,0.05191511750657938,0.04885130948244577,1
600178,2017,3,0.06960878449430959,0.10748233653992803,0
600178,2018,7,0.04335391591978726,0.06341887943589018,1
600178,2019,9,0.058452087237774036,0.09339496076152325,1
600178,2020,10,0.0605521034163774,0.11684032123463209,0
600178,2021,5,0.04623338818114397,0.06712921361721164,0
600178,2022,7,0.05351663003643273,0.10472429904847051,0
600178,2023,7,0.057317591050863426,0.10074578666454496,1
600179,2013,4,0.03233564106698944,0.10023239272425585,1
600179,2014,3,0.045449593248184046,0.06089426831804069,0
600179,2015,5,0.03803464214003509,0.06463891724357382,0
600179,2016,5,0.03731570128232064,0.05863178729336684,1
600179,2017,1,0.051602834665820906,0.06288250240186397,0
600179,2018,6,0.059882710117231355,0.06710779064958022,0
600179,2019,3,0.05961217658320541,0.07838211918304046,1
600179,2020,4,0.03893487248714855,0.05442023450189784,1
600179,2021,3,0.03521074678700289,0.046743885469028176,0
600179,2022,4,0.04327072137106242,0.11814325643209693,1
600179,2023,4,0.06543747644914241,0.07147631991159661,1
600180,2013,4,0.027460292159058743,0.059316650497733395,0
600180,2014,3,0.03921351729948417,0.03899162807290566,0
600180,2015,4,0.02933656381008915,0.09617152052311675,0
600180,2016,5,0.05041078927652568,0.06925815347091159,0
600180,2017,5,0.05697837314049215,0.06309761478061125,0
600180,2018,5,0.028120708929239856,0.06855551552296972,0
600180,2019,3,0.042908306691202,0.10266832195547271,0
600180,2020,4,0.02802160982881917,0.08744626340462142,0
600180,2021,7,0.021186234750849523,0.07865386311091374,0
600180,2022,10,0.052970065106667255,0.07010262166131408,0
600180,2023,8,0.05376551182272869,0.1204350692189637,0
600181,2013,1,0.025766868053759658,0.07958735557994487,0
600181,2014,3,0.050485230788203675,0.02847879179436083,0
600181,2015,3,0.029918169807457942,0.06594750619499411,0
600181,2016,3,0.037633577818364315,0.03522829625524118,0
600181,2017,3,0.011139928488079622,0.07102904239290447,0
600181,2018,3,0.04558354685369474,0.06605506173557518,0
600181,2019,5,0.07298820220322845,0.0762530830401079,0
600181,2020,2,0.03468943430178843,0.0645135745889586,0
600181,2021,5,0.04462063460571681,0.06288181885788065,0
600181,2022,3,0.037451884811936634,0.05932925288536837,0
600181,2023,2,0.03112244386295042,0.05762315841187801,1
600182,2013,3,0.05647615219052527,0.03636835913444673,0
600182,2014,11,0.021619371867948527,0.057572016909484026,1
600182,2015,4,0.031985461698445995,0.07703886460108848,0
600182,2016,2,0.039310105060812575,0.06739343049209057,1
600182,2017,8,0.03694550519183835,0.07598735568143498,0
600182,2018,5,0.043538368320774214,0.05597682861372664,0
600182,2019,2,0.04904504042832131,0.04519174429523884,0
600182,2020,2,0.030987561639008274,0.03178197128217004,0
600182,2021,3,0.040184183065915584,0.02600629436130831,0
600182,2022,5,0.03311584841956333,0.05514711040805753,1
600182,2023,3,0.047314666494633506,0.06951937032818875,0
600183,2013,2,0.05842053147416379,0.08891766199535643,1
600183,2014,5,0.031150817779379877,0.057286879719781636,0
600183,2015,5,0.053764111241934365,0.08929714999132148,0
600183,2016,6,0.05242283013874321,0.07808582371595446,0
600183,2017,3,0.009835918031762883,0.07192808823475849,1
600183,2018,7,0.05166198428508412,0.04765591230368727,0
600183,2019,5,0.05567556814434157,0.047858299411216526,1
600183,2020,4,0.06168380040350509,0.08779649444706558,0
600183,2021,11,0.05087155313450974,0.10128050338967316,0
600183,2022,9,0.054021796902772826,0.12437722408170934,1
600183,2023,12,0.04725759417069725,0.10020158402201797,1
600184,2013,2,0.03785647018918613,0.06063474445077994,0
600184,2014,1,0.03406622444231121,0.05003555095793322,0
600184,2015,6,0.04970407836760525,0.08230457340906563,0
600184,2016,3,0.04023028879066451,0.050029348237543896,0
600184,2017,2,0.0475039612545238,0.06342851137709775,1
600184,2018,5,0.039074072520460225,0.03764623990326546,1
600184,2019,5,0.04378115881668068,0.07603817315876904,0
600184,2020,4,0.04047295280663667,0.073020961055974,0
600184,2021,3,0.026394097574232896,0.047284900382711506,0
600184,2022,5,0.04775464825622589,0.0733355409033036,0
600184,2023,8,0.0492154586563029,0.0462597870219011,0
600185,2013,2,0.012805832221623827,0.02238129651713268,0
600185,2014,3,0.02441308227271074,0.06080271929625074,0
600185,2015,2,0.032290898937915646,0.053568561780185785,0
600185,2016,8,0.039929532282243496,0.04668060075067254,1
600185,2017,3,0.04362474658351436,0.07523838202624668,0
600185,2018,6,0.04724179398141161,0.09098651746176722,1
600185,2019,2,0.048653243456006044,0.059318860416818775,0
600185,2020,6,0.0424188655062111,0.06721799362771488,0
600185,2021,6,0.037276927596971605,0.04578981341606094,0
600185,2022,6,0.0558765954233574,0.07950830484663074,1
600185,2023,4,0.027592163623611676,0.06793761686535627,1
600186,2013,1,0.036056926034021976,0.06247094797626177,0
600186,2014,1,0.02967154519820667,0.08142289740570499,0
600186,2015,2,0.03160861025005177,0.05984047234866112,0
600186,2016,2,0.02016678655411018,0.05858580801769799,0
600186,2017,2,0.03187247108093321,0.048890143545981916,0
600186,2018,4,0.036349182021593714,0.06878430967981188,0
600186,2019,2,0.04730722730934497,0.05669488349794633,0
600186,2020,2,0.01920590396445966,0.07050098686908049,0
600186,2021,4,0.024810779178910572,0.06626122391034782,0
600186,2022,5,0.03980579521981718,0.05322875019484699,0
600186,2023,8,0.029016919733231426,0.08104363097737474,0
600187,2013,2,0.030523481190211355,0.08759987466017871,0
600187,2014,2,0.01798232807486863,0.07060317666605279,0
600187,2015,4,0.016984169972696365,0.07735900445008577,0
600187,2016,8,0.04233585659750898,0.07411749784060297,1
600187,2017,2,0.03368292209816716,0.05952205263554215,1
600187,2018,6,0.030905624235653496,0.06638407978898181,0
600187,2019,3,0.023819786448867366,0.07395290371042527,0
600187,2020,2,0.0375464896683065,0.11165664724531903,0
600187,2021,3,0.053505608922474156,0.0719102895646279,0
600187,2022,1,0.0345496349488311,0.0691355362405427,0
600187,2023,9,0.048703837940465754,0.0771978711234147,0
600188,2013,7,0.03493381182944519,0.10036162455933564,0
600188,2014,4,0.03500008801577503,0.12805042672988665,0
600188,2015,3,0.061697131205859526,0.1011366835538956,0
600188,2016,5,0.02747350391933271,0.11190259445773867,0
600188,2017,5,0.0549102944506355,0.07793386005713569,0
600188,2018,5,0.04015448745058787,0.11948107027209645,0
600188,2019,7,0.031021282098304487,0.10032853623691786,0
600188,2020,4,0.04213962817694343,0.11290331370277852,1
600188,2021,3,0.04857474969657292,0.06513973462216278,0
600188,2022,9,0.042281016014035507,0.09499761516553308,0
600188,2023,4,0.05051892490156323,0.06710280527634847,0
600189,2013,2,0.042520194317619144,0.09921357192547978,0
600189,2014,5,0.0354991662946269,0.07152483564239719,0
600189,2015,10,0.049814055497734676,0.05167875793223953,0
600189,2016,5,0.030799394003344475,0.07625162308501165,1
600189,2017,7,0.03877392664598879,0.07197495216531632,0
600189,2018,7,0.04459773387082652,0.09827082087604633,0
600189,2019,5,0.040226979856293255,0.09473861323977169,0
600189,2020,6,0.04201026060204848,0.06159666974182381,1
600189,2021,3,0.0417280718933156,0.08672991480251148,0
600189,2022,8,0.041121408746855236,0.07954972777539285,0
600189,2023,5,0.06434622415425105,0.06420661284741905,0
600190,2013,6,0.02970297705092672,0.0585913025350883,0
600190,2014,8,0.04490801658074514,0.08993751477853194,0
600190,2015,3,0.030281064582534975,0.08011880011211414,0
600190,2016,6,0.032266037414591484,0.08238692398485722,1
600190,2017,1,0.02110672228361517,0.07833272742342014,1
600190,2018,3,0.030368383419694077,0.08747918411745438,1
600190,2019,4,0.036632987979529505,0.08264175881454106,0
600190,2020,4,0.045854841740999984,0.08817239144720454,0
600190,2021,3,0.03669869331348876,0.05376082275464915,1
600190,2022,1,0.05313777799029542,0.0716698329054,0
600190,2023,11,0.044125096591570344,0.0889425114682962,0
600191,2013,8,0.029142604941682804,0.07288522392441803,1
600191,2014,1,0.03882371757940317,0.03397527409153395,0
600191,2015,7,0.05393999048473389,0.056728984299657406,0
600191,2016,4,0.04614267772323544,0.055611419672666,1
600191,2017,4,0.04565402100806808,0.07187067780829118,1
600191,2018,4,0.029812811293072224,0.09172809832842249,0
600191,2019,8,0.06693376127437688,0.06986812988472282,0
600191,2020,5,0.04389621974102791,0.04039803644416203,0
600191,2021,3,0.042925394159166734,0.08763099191651039,0
600191,2022,5,0.06502894411645954,0.09894480927950493,0
600191,2023,5,0.052298936138771436,0.11603038932121879,0
600192,2013,6,0.06512928907513017,0.07685854046466437,1
600192,2014,5,0.025370872465676077,0.07505520542754955,0
600192,2015,4,0.048302923744639445,0.05408043798658887,0
600192,2016,3,0.046579667786350296,0.07321376177039467,1
600192,2017,7,0.042894517663194374,0.03663181174415105,1
600192,2018,8,0.06007321929635048,0.09515072498708586,1
600192,2019,4,0.06714592037206735,0.06860268309466863,0
600192,2020,8,0.05397725719885044,0.07141380330207049,0
600192,2021,3,0.05337135942938003,0.08210899687359682,1
600192,2022,8,0.04841153041685785,0.07919605494200017,0
600192,2023,9,0.038604542127232376,0.10274797406439055,0
600193,2013,1,0.029266953735386795,0.0501644038861654,0
600193,2014,7,0.05122065737143322,0.023750572577895868,0
600193,2015,1,0.04084131227929329,0.07455851225710985,0
600193,2016,2,0.03281927796890737,0.03732257794150677,0
600193,2017,3,0.055660116609480795,0.055005711318582284,0
600193,2018,4,0.030565704017083715,0.08008604466340263,0
600193,2019,5,0.021323599367707224,0.06225347488452124,1
600193,2020,2,0.026804319151376522,0.10610886814352809,0
600193,2021,1,0.037749570217503046,0.05588768532625104,0
600193,2022,4,0.04034462401857335,0.06406174188480682,0
600193,2023,4,0.023861717226421796,0.09450010590820611,0
600194,2013,3,0.019022615278168176,0.06388149211573729,0
600194,2014,5,0.0379495282832851,0.06038105914525129,1
600194,2015,5,0.04912790032936195,0.037765038949725285,0
600194,2016,8,0.030397497320125227,0.07847356464859939,1
600194,2017,4,0.0390001606688706,0.06584175544534222,0
600194,2018,6,0.04756164203192165,0.07264902507267598,0
600194,2019,5,0.03606170644952987,0.0652549182770913,0
600194,2020,7,0.06178288444554123,0.10744851020144869,1
600194,2021,7,0.03943213804816072,0.05685109370381168,0
600194,2022,3,0.05243710009523571,0.10276985123388822,1
600194,2023,3,0.04980010647103609,0.0807565238334123,1
600195,2013,2,0.045461515395358185,0.04671215101760494,0
600195,2014,2,0.03588565511538122,0.08874485650834484,0
600195,2015,2,0.028576671309906924,0.06209409936081979,0
600195,2016,5,0.05883043117007371,0.068956962477617,0
600195,2017,8,0.026592525608260205,0.0668729996816905,0
600195,2018,4,0.034974594015192276,0.03887263503874275,1
600195,2019,8,0.04137409288717042,0.03982880881297299,0
600195,2020,5,0.013146475553885845,0.0814022508922498,1
600195,2021,2,0.0058696280365257494,0.055150452029750247,0
600195,2022,5,0.03582062979326871,0.07227583748742313,0
600195,2023,3,0.032186216822534815,0.0613387726090638,0
600196,2013,5,0.03744143756949579,0.07525572520398421,1
600196,2014,3,0.04378123989303722,0.08838002617108864,0
600196,2015,5,0.027047030244031017,0.11828765471558006,0
600196,2016,5,0.05023817346692871,0.06668575079179412,0
600196,2017,5,0.033167541337925946,0.07140180727952275,0
600196,2018,3,0.052696013222591175,0.09742773579695499,1
600196,2019,1,0.05485214448624673,0.06971142142371174,1
600196,2020,3,0.07610114249948335,0.08258912158445009,0
600196,2021,3,0.04978723977765205,0.0692797260338616,0
600196,2022,4,0.054032963817280504,0.07193173992121438,0
600196,2023,6,0.056055264461520565,0.09517558317858897,0
600197,2013,3,0.046439273492624604,0.02748321849486641,0
600197,2014,1,0.03697466054184029,0.06645440945005324,0
600197,2015,2,0.04363935593424797,0.08746471537116732,0
600197,2016,4,0.04149063211594816,0.068389967975102,1
600197,2017,6,0.02036468046367636,0.0686531394835433,0
600197,2018,4,0.031045529785087407,0.06911017051432573,0
600197,2019,6,0.046161701966123535,0.0757338962398886,0
600197,2020,2,0.036272444871655846,0.10803301257508427,0
600197,2021,11,0.026644470859245754,0.09301775885962651,0
600197,2022,6,0.027242762769445844,0.06814329252218543,0
600197,2023,6,0.04291035761045917,0.09917991777840901,0
600198,2013,5,0.028296274078297167,0.07055344148624035,0
600198,2014,5,0.04616473945941671,0.1067002523481283,0
600198,2015,5,0.038865317060331035,0.06716972204294883,0
600198,2016,0,0.041118324518591196,0.06607336356063473,1
600198,2017,4,0.07795400552056819,0.0859349508542588,0
600198,2018,2,0.04279484841484911,0.06096928896429235,1
600198,2019,1,0.04138410460716456,0.0683145854783198,1
600198,2020,5,0.0426112337351373,0.06399863486539602,0
600198,2021,3,0.027332901031532103,0.06380829871754656,0
600198,2022,3,0.032722367010494864,0.09123985516234615,0
600198,2023,3,0.05210427279327218,0.07259043702779458,1
600199,2013,6,0.027179402298085884,0.036932526063196,0
600199,2014,8,0.07194913113850585,0.1199596154798977,1
600199,2015,5,0.05535908372697513,0.06771099625274293,0
600199,2016,5,0.050248289971423166,0.10201392544311677,1
600199,2017,4,0.027081539170314053,0.06430464123228663,0
600199,2018,4,0.056804774695565635,0.06573598756074188,0
600199,2019,4,0.036746305506291745,0.09744793945282264,1
600199,2020,8,0.026108204067671056,0.07767978869450022,0
600199,2021,5,0.03454917916162727,0.08140454485293099,0
600199,2022,5,0.03815238170326119,0.08761064684375638,1
600199,2023,2,0.03413967322235726,0.086415607258033,0
