stock_code,year,industry,industry_name,soe,hightech,size,age,roa,lev,growth,cash,board,indep,dual,top1,big4,sa_index,turnover,tfp_lp
600000,2013,C,制造业,1,1,21.44477583071116,14,-0.030016155378608356,0.6073010529266717,0.1336000204075654,0.16668011189851972,8,0.4434852775530977,0,0.2614510289031449,0,3.415884934516927,0.44982619526879636,2.0264799214155302
600000,2014,C,制造业,1,1,21.315968832234848,15,-0.00021153912748894665,0.5316762773494704,-0.07490026438024294,0.07612519487897888,7,0.41442721732878446,0,0.2556149651851099,0,3.2202894264841726,0.6000769296982364,2.2858976859538993
600000,2015,C,制造业,1,1,22.118163395571003,16,0.03515015150102971,0.5503428841024013,0.5170218538200578,0.20132224751175395,7,0.42595949192310534,0,0.2594072454394098,0,4.087737229348713,0.9047072251716467,2.1534071704474322
600000,2016,C,制造业,1,1,22.73705328934758,17,0.020337096903696273,0.6523925721964824,-0.09697440748957248,0.2682142167657161,9,0.3845394165050747,0,0.26792805728745483,0,4.780801483187763,0.6438538288856352,2.5791202030529066
600000,2017,C,制造业,1,1,23.53418302467983,18,0.06053383379927732,0.3170537162439796,-0.08897421332128821,0.4329400866576253,9,0.39485509553268583,0,0.28654006911590846,0,5.721561415953436,0.9648692242474081,2.940638331435412
600000,2018,C,制造业,1,1,23.16114279417829,19,0.059719680485414574,0.36836913792565024,-0.09377063547437858,0.23305017227980207,9,0.4484555605626058,0,0.26068005496739,0,5.214222610676987,0.9339459268632468,3.279228183519944
600000,2019,C,制造业,1,1,22.568623065276817,20,0.03943846051222774,0.3594880626557438,0.2718053312370887,0.25188979008307744,7,0.4210528427089289,0,0.2946016391322696,0,4.4349688815269355,0.9807810470176144,3.1803885820068776
600000,2020,C,制造业,1,1,23.285086107030182,21,0.09428868049941284,0.4812733848630284,0.34506921078975994,0.30661636108532553,7,0.4271813081618812,0,0.27012175194787746,0,5.275357388534525,1.2887673827466193,3.240186354601877
600000,2021,C,制造业,1,1,22.95302277069527,22,0.09493315162636395,0.25615032459727927,0.18814912174386375,0.19567982502541298,7,0.3728428800243674,0,0.23714996517535425,0,4.812370174755683,1.2774955109098045,3.474092347520743
600000,2022,C,制造业,1,1,22.773095960011876,23,-0.00031321229557070007,0.49412016912586576,0.04155372794714124,0.19102025896130967,7,0.4451289514127615,0,0.27327210523796275,0,4.532724535121573,1.368955193720673,3.750717573426699
600000,2023,C,制造业,1,1,24.83558337302665,24,-0.05255392557208999,0.3506054259606468,0.4582228660887603,0.0536707897798705,9,0.4403839956842906,0,0.25980195008813417,0,7.199766291187171,1.3989084996577759,4.1013629457482885
600001,2013,B,采矿业,1,0,20.959871736196746,15,0.0285396301674652,0.804588177622797,0.40830805009800797,0.07016865335571254,13,0.3464458087255945,0,0.41801715181771804,0,2.8855041477490215,0.20805604952107762,0.9749920040430292
600001,2014,B,采矿业,1,0,22.578894855449022,16,0.006689419992355568,0.7814624350239601,0.13674608715268113,0.1930005856312984,14,0.38714435234753963,0,0.42746804620749435,0,4.676953195673631,0.12852583162930095,1.5348098255592704
600001,2015,B,采矿业,1,0,22.079829286027145,17,0.003063022214496565,0.5737250425998816,-0.155444258340374,0.05799511664085129,12,0.3722131992140513,0,0.4051116869438595,0,4.030918732628767,0.28999659092100283,1.8663635480742697
600001,2016,B,采矿业,1,0,21.529732997185107,18,0.022423494775163165,0.4009041698465235,0.03256510330560442,0.36055041205837357,13,0.3531792080691907,0,0.4767793592083332,0,3.3712262371580577,0.07502930431679078,1.296939896751886
600001,2017,B,采矿业,1,0,21.697740187212933,19,0.06772841630861227,0.4253265231333004,0.39399524095074107,0.09862011460183581,13,0.3647179803849724,0,0.4011798603105272,0,3.5122375711098,0.6478125816774638,1.3855840433086293
600001,2018,B,采矿业,1,0,22.764384941805297,20,-0.031521685406867735,0.4325008226769954,-0.03971719886465508,0.1655245735101675,12,0.3713022985049688,0,0.4392644144363619,0,4.716959041532816,0.5047189422522476,1.9142192596692587
600001,2019,B,采矿业,1,0,21.39508173669158,21,0.09774098253201435,0.340828749154083,-0.14702357468168947,0.3186611700177071,13,0.3714078504913713,0,0.43265109927309603,0,3.0819380261727174,0.7719233214890399,1.5055914894549294
600001,2020,B,采矿业,1,0,23.03322442232978,22,0.0813368527516605,0.5118971404247991,0.17111294631298732,0.022272746673395072,13,0.3342809809042756,0,0.4297082907302047,0,4.961640241786689,0.6135630806252144,2.135149870739074
600001,2021,B,采矿业,1,0,21.90459510103188,23,0.07306893512972981,0.4813325218841492,-0.20061319710461692,0.21689006665634944,14,0.3474707945361878,0,0.4437213015542117,0,3.5647821666400503,0.5623223850178403,2.125074750580602
600001,2022,B,采矿业,1,0,22.37302884765499,24,0.03471736224679549,0.23436663673192623,-0.06146482075654025,0.18565914815997558,13,0.3536490496660766,0,0.40182576077508325,0,4.062184605072437,0.7472326045753699,2.3200290930955636
600001,2023,B,采矿业,1,0,23.31601457915831,25,0.07949823313697313,0.26316994461797716,-0.08263268054820097,0.09998434325042584,12,0.327591911942385,0,0.45134704557287786,0,5.181133140214715,0.8935270269972821,2.5354679138079983
600002,2013,C,制造业,0,1,21.943969374320094,15,0.007548771753601649,0.23804514121723247,-0.05387597359900956,0.2835053495912387,7,0.41098303842481637,0,0.40953602164728914,0,3.938604983740647,0.6417324351390233,2.2195589886674285
600002,2014,C,制造业,0,1,22.649362780128985,16,0.03436227652156806,0.5571570042532519,0.1936258404556995,0.3746770308669206,8,0.4280751554556732,0,0.3887942263368877,0,4.726186470150678,0.5469373550062255,2.353411966539343
600002,2015,C,制造业,0,1,21.16503696647562,17,0.027769706479285547,0.38880144239367154,-0.0459665262826255,0.1322842578717135,8,0.3857235234648187,0,0.4473179708179722,0,2.9963029893124498,0.48673756311062366,1.6849501099839383
600002,2016,C,制造业,0,1,22.287666691124315,18,0.052733966369785744,0.45221599730735407,-0.12026126099922896,0.38592933801680135,8,0.4111846431475144,0,0.4263889148319102,0,4.210513447020308,0.6218701633002603,2.029965621980974
600002,2017,C,制造业,0,1,23.14259564999187,19,-0.007432778099170992,0.26560373104847457,0.0875687901937725,0.29184103982897447,8,0.44315671354025243,0,0.4135750890299769,0,5.204149767547526,0.7001774890503077,2.52879656757589
600002,2018,C,制造业,0,1,23.599533935564498,20,0.012544667806658576,0.4818569988261464,-0.204110515345771,0.3186239927668316,9,0.4004126340185127,0,0.37211864722359117,0,5.753521159100648,0.7328178224328519,2.968375642894184
600002,2019,C,制造业,0,1,23.28385695027979,21,0.04865621341968654,0.30113813063854034,0.1855087509228946,0.021350761281571845,7,0.42667336423635,0,0.4258313197511656,0,5.307755562692317,0.7527044955671903,2.389950911680935
600002,2020,C,制造业,0,1,23.831313621086938,22,0.04450846060809938,0.31575481469557704,-0.1706332021758521,0.32649266793238096,7,0.3595854265013381,0,0.376792228327832,0,5.97189587680876,0.4707224909579738,3.0553158482686857
600002,2021,C,制造业,0,1,23.495788174469546,23,0.07483548665012495,0.35406039620236546,0.35029753842551914,0.14295127134851238,7,0.4335901316222119,0,0.41615852598826014,0,5.498015717775,0.7424840207426663,2.7167804102493407
600002,2022,C,制造业,0,1,23.325084399924144,24,0.12488720977470918,0.5662789066990057,0.1797972621657954,0.11703856040397231,8,0.41195043673632664,0,0.39358082961224183,0,5.241827629147033,0.3977587170127659,2.493844239251921
600002,2023,C,制造业,0,1,22.368469295160082,25,0.04137036724363047,0.41042256715845044,-0.07432025698817075,0.16315674174924918,9,0.4358730352871438,0,0.4378773845319132,0,4.02702953872801,0.6216276960679173,2.487945059096242
600003,2013,G,交通运输、仓储和邮政业,0,0,21.958815746621525,6,0.12530953680004553,0.5480955298648627,0.019231844724322225,0.01,14,0.48522106462848136,0,0.20494239888655424,0,4.3398012382170945,0.05,1.5422577438246652
600003,2014,G,交通运输、仓储和邮政业,0,0,21.56149491780869,7,0.09460339051812375,0.6273505164415376,0.09339206618478262,0.11080786640773041,14,0.5083510439914871,0,0.2148042250088543,0,3.837859491714513,0.398382662579151,1.5109867997086288
600003,2015,G,交通运输、仓储和邮政业,0,0,22.015227882139335,8,-0.011631218735382302,0.6627603631605057,0.28391148930070353,0.17146477674053454,15,0.4697199139540662,0,0.17735444599594047,0,4.3254534434253245,0.05,1.5644042844061459
600003,2016,G,交通运输、仓储和邮政业,0,0,21.183434111230657,9,0.0030290000076791043,0.8676209573788363,-0.10448703565468366,0.36112987887017267,13,0.49056722843890166,0,0.1762836140795581,0,3.344098613671237,0.33034902333006216,1.428409527888668
600003,2017,G,交通运输、仓储和邮政业,0,0,21.911197105605744,10,-0.023484996153279515,0.2951617912167097,0.22139082673174942,0.14632600678036273,13,0.4611300861860021,0,0.1787610252258856,0,4.106880387105173,0.3439495187307337,1.8367714023882273
600003,2018,G,交通运输、仓储和邮政业,0,0,21.271197534079334,11,0.022964290828021157,0.5325926040231925,0.14473912993169874,0.2083559271911191,15,0.5429097235119719,0,0.2279900297423939,0,3.3523046669981182,0.48103144185779145,1.6456777013190438
600003,2019,G,交通运输、仓储和邮政业,0,0,21.738571477157862,12,0.05706380903236451,0.5795074493989473,0.27916281400023957,0.01,15,0.4967831062115895,0,0.24138655276833137,0,3.8341763195542238,0.33863667400723824,1.60156589770951
600003,2020,G,交通运输、仓储和邮政业,0,0,22.308329925939987,13,-0.06459888174118769,0.45295784743879347,-0.1548630325743812,0.24262092607550517,13,0.5553264620779721,0,0.1783337116986763,0,4.445451192561216,0.667103025346127,1.9092369729137433
600003,2021,G,交通运输、仓储和邮政业,0,0,23.150230044403337,14,0.03795501927288055,0.44925552835588134,0.005512048158807736,0.1328426579212349,15,0.5219328242265427,0,0.18363240352768026,0,5.422961329995054,0.5684610660255871,2.5796636090455616
600003,2022,G,交通运输、仓储和邮政业,0,0,22.842123085451675,15,0.06856197165663065,0.5370259379039924,-0.3753018562351142,0.1007443715519423,15,0.48390144643397415,0,0.2251491953080525,0,5.009979534583376,0.522397600668606,2.074760934696741
600003,2023,G,交通运输、仓储和邮政业,0,0,22.710440313173986,16,-0.015855221413967065,0.29772965315161415,0.001113239245502634,0.1784824553499666,15,0.47480838379848744,0,0.20190259953068404,0,4.7965811201252295,0.8234971545143497,2.0297291517028726
600004,2013,C,制造业,0,0,20.919110874710416,10,0.046775337835103355,0.6106506113861367,-0.15905229228445777,0.09213791714645071,9,0.4125479062882807,0,0.39524276105537604,0,3.010849864787592,0.46364985409251663,1.5320059671770612
600004,2014,C,制造业,0,0,22.73510602541452,11,0.08403495271379013,0.2300019949498735,-0.3976517028200886,0.05778372018373855,7,0.36997708961022036,0,0.4281977858354747,0,5.043260293947091,0.6606621853780822,2.1038723032302804
600004,2015,C,制造业,0,0,22.62841172216905,12,0.0005286213219937233,0.37430465067464197,-0.108273084107595,0.17199839127162062,8,0.37268778638059863,0,0.3821375489099174,0,4.8650457411592205,0.45439956385954794,2.6640346377214534
600004,2016,C,制造业,0,0,21.89081651698895,13,0.05141179768256127,0.4903508650101836,-0.10590324977998725,0.20435325486028022,9,0.36919755920956254,0,0.37097596368753555,0,3.942945105035708,0.9425234857596286,2.066171276447597
600004,2017,C,制造业,0,0,23.09830941559643,14,0.026209154434875797,0.3766827915334743,-0.06306379855235292,0.13405787595326613,9,0.3685368478963791,0,0.38795049616375743,0,5.363544189012789,0.7023536642248078,2.2877628928310596
600004,2018,C,制造业,0,0,21.51628499912307,15,0.0433257445735498,0.19108373013469465,0.2882860763697642,0.09297594286159609,9,0.38685602251281787,0,0.3794635616267795,0,3.442217089441918,0.7377585249519489,2.395155967801396
600004,2019,C,制造业,0,0,22.667069154158227,16,0.08153677612592045,0.7738190264055056,0.11022280996327802,0.03931007284771865,8,0.4282669777321218,0,0.35107737121217164,0,4.724420842787697,0.9747796796430188,2.9963743561572556
600004,2020,C,制造业,0,0,24.134635973927217,17,0.04740397557683967,0.30880592169684673,0.421456303091577,0.15419281511651525,9,0.3947619839935453,0,0.39757179151725947,0,6.561746825565345,0.7028344621537306,3.322244392484621
600004,2021,C,制造业,0,0,22.225702740561058,18,0.03136800112175443,0.3736400929217656,0.013658166066857047,0.3731225735463729,7,0.3775048236517083,0,0.3627423067139329,0,4.1060197681519,1.3492239777516755,3.1871330657328785
600004,2022,C,制造业,0,0,22.880654528844584,19,0.011925507312223194,0.4709147454567464,-0.0849736695736468,0.15517897695857352,7,0.34714975185508956,0,0.37189291819372383,0,4.8644606084364845,1.0628351438017094,3.0380874541385645
600004,2023,C,制造业,0,0,23.93499919848312,20,0.005105976156053314,0.38939056620085366,0.03271359984597849,0.0766291276744283,8,0.40828313196475685,0,0.36717921898909356,0,6.16309303394115,1.1910724821065986,3.0703699337800114
600005,2013,C,制造业,0,0,22.442116365261022,12,0.09853488353507237,0.5113771279727704,-0.04760432746250284,0.015155950051754935,12,0.33385345484656737,0,0.3300908694151691,0,4.617912418873556,0.9197185707853139,3.0471463388569218
600005,2014,C,制造业,0,0,22.640193054937335,13,0.027984631509097784,0.11449708222659688,-0.014110756054852236,0.3063866371088382,11,0.37155011065321186,0,0.37547858527672656,0,4.809231206501468,0.6789177038490324,3.219953730401577
600005,2015,C,制造业,0,0,23.186146104529264,14,0.07678365220107625,0.740001336846128,-0.006217874272686025,0.1421314803026529,12,0.3239983240679597,0,0.34964612960349056,0,5.447482928765113,0.6944653253781237,3.137474097156964
600005,2016,C,制造业,0,0,23.251802706811652,15,0.02821669256917905,0.2848970109069718,-0.061677729807694176,0.01,13,0.35331048105174945,0,0.35361029390629306,0,5.483209615261357,0.9954060203372187,3.097125565416445
600005,2017,C,制造业,0,0,22.319652371323194,16,0.04903497738942271,0.3699358190504757,0.1279460947997671,0.20963972865270764,11,0.347508498223154,0,0.34686987410650094,0,4.294576807732905,1.335610961235173,3.3919729240174665
600005,2018,C,制造业,0,0,23.23447696360811,17,0.10393920671857373,0.556329452900492,0.3199977835425898,0.2301618004153192,11,0.33740229903835417,0,0.3664062693161409,0,5.376863496358521,1.112432842999843,3.605803624779291
600005,2019,C,制造业,0,0,23.327994561621786,18,0.12963752600473052,0.5553903109685356,0.3072012426040085,0.199968398850707,12,0.34533382302144916,0,0.35155706694430866,0,5.446824417555948,1.1506128678753433,3.580152063815674
600005,2020,C,制造业,0,0,23.377818108641513,19,0.011321901036970838,0.45597960926627074,0.3128657143503857,0.20327565769306824,13,0.3442236494812074,0,0.37902049910147817,0,5.472566244355459,1.187342253876967,3.5663247024072118
600005,2021,C,制造业,0,0,23.40229011218991,20,0.02417990672805006,0.49545886235388414,0.017604877766847993,0.1941953812774355,11,0.31983314384585315,0,0.3409758984225357,0,5.460707873095233,1.035885372048813,3.497779585321946
600005,2022,C,制造业,0,0,24.171377805980796,21,0.019043912819238625,0.13325869736193646,0.34383123587014,0.07090014341202433,11,0.34011572344996877,0,0.35473626884601855,0,6.422650236341421,1.3092770814012824,4.055187426644253
600005,2023,C,制造业,0,0,24.879450978309798,22,0.08865125810418063,0.6086377229344511,0.004839964661670637,0.326378695116156,13,0.3315994023870426,0,0.348656382693788,0,7.349563765682198,1.40984988179645,3.6304188862976976
600006,2013,C,制造业,0,0,21.789190424169004,9,-0.007900822953311668,0.3101179995954385,0.32824301440990167,0.14508276168994402,10,0.40541453183314313,0,0.7146407966990895,1,3.9878722823140897,0.8352187627085177,2.5880685342516605
600006,2014,C,制造业,0,0,22.830802789285386,10,0.0902272782004491,0.39561908059160134,-0.2377522382192827,0.30331998815629313,8,0.3769281882885334,0,0.6994224117492189,1,5.173471627100501,0.9338714775764846,3.0248651467241814
600006,2015,C,制造业,0,0,23.075263514708578,11,0.09934371835440797,0.42731001684404596,0.18068839021881727,0.1149505664702767,8,0.4081066134047494,0,0.75,1,5.4264334152538245,1.1453763892105941,3.1050390287344802
600006,2016,C,制造业,0,0,22.696738113989067,12,0.017241751223747027,0.5348220701067482,0.39773077991761807,0.5271347455379478,8,0.3702009942318157,0,0.7224461198146866,1,4.908625822242744,1.2289452896780897,3.4243297763194644
600006,2017,C,制造业,0,0,24.00972496955639,13,0.06896386418896017,0.17879263902658493,0.3152529465210015,0.31440776762828143,9,0.4250943023017083,0,0.7357803937511899,1,6.535396523680488,0.8483932910064904,3.5509131972816457
600006,2018,C,制造业,0,0,22.626314047041436,14,0.09076005726962741,0.3595657596612951,-0.0679072933605599,0.24879372725548998,8,0.4027280470677288,0,0.7431566235443481,1,4.720190463184106,1.3083739739541365,3.8269491301095044
600006,2019,C,制造业,0,0,23.645024239521927,15,-0.01821758296586183,0.47058257066917414,0.34497583083186023,0.29860669240886006,10,0.4011096382308082,0,0.7313748289080246,1,5.969225232970395,1.1666507369439298,3.419211283630856
600006,2020,C,制造业,0,0,22.65468667426443,16,0.060072541286531875,0.5403164517495487,0.19479905126349772,0.2701725864740969,8,0.40613367598049593,0,0.70763076580225,1,4.679320582762139,1.2706801713867713,3.668408512471198
600006,2021,C,制造业,0,0,23.78294018184661,17,0.027838537731173833,0.6336324478108639,0.05059405334063635,0.26433176503087696,10,0.4367764318713373,0,0.6922479765361494,1,6.060394840157924,1.3985608780908265,3.8161522055776063
600006,2022,C,制造业,0,0,23.921305690984187,18,0.07992277159760369,0.1389274275922457,0.6521614497938972,0.21105176383444263,10,0.3898649266902506,0,0.7170324954628531,1,6.189685318792378,1.4205298213635515,4.045423689175092
600006,2023,C,制造业,0,0,23.21316116603069,19,0.10815631238141266,0.7785436747672776,0.22058380287669865,0.3307623438317734,8,0.39783187618710797,0,0.75,1,5.229972024053956,1.651992350769873,3.872780945465867
600007,2013,G,交通运输、仓储和邮政业,0,0,22.3171372289034,12,0.052965556207329775,0.8085146452684779,0.051873940594529384,0.26552709533491914,10,0.395551882242448,0,0.1110629635769303,0,4.493753488958841,0.47892584855552484,1.9405908148872444
600007,2014,G,交通运输、仓储和邮政业,0,0,22.50765510683658,13,0.06777268157369765,0.33254276570768665,0.22568103453839758,0.07359492794106194,9,0.37848232807418025,0,0.12194773022463024,0,4.675610885611495,0.3886549378808925,2.2197754406662162
600007,2015,G,交通运输、仓储和邮政业,0,0,22.556205942037863,14,-0.02602870621637121,0.40763045564236605,0.22171530640435974,0.203823160818946,10,0.39412783207384877,0,0.11441468779080256,0,4.687270268490058,0.6645723010235848,2.614795918133182
600007,2016,G,交通运输、仓储和邮政业,0,0,22.11852128454088,15,0.022205193352662397,0.5319365504420737,0.12025794858500898,0.25071511389867984,11,0.34736487749316847,0,0.14005289478772515,0,4.12859246937967,0.631460281462839,2.190261757847028
600007,2017,G,交通运输、仓储和邮政业,0,0,22.11650194005208,16,0.06974078814066703,0.6632091950092303,-0.24436984945528065,0.1515852463609447,11,0.40046981413793864,0,0.1565438818207029,0,4.094722315938378,0.41959574160193425,2.060342500756819
600007,2018,G,交通运输、仓储和邮政业,0,0,22.91129313525919,17,0.03969781474866313,0.6231002401725105,-0.09984106128776889,0.20878043215289865,10,0.40511843611052106,0,0.13262248138127805,0,5.007771110119434,0.6068574354589668,2.478438636082055
600007,2019,G,交通运输、仓储和邮政业,0,0,22.823178949001,18,0.053264947987467476,0.4667049950509367,-0.0331762960269886,0.05453262991967783,10,0.40921579649096357,0,0.1127553914925324,0,4.866993649005267,0.6249832642756414,2.18895786025165
600007,2020,G,交通运输、仓储和邮政业,0,0,22.607982762044518,19,0.04814454859261541,0.42608786953707684,0.173285102948006,0.19303884917967054,10,0.40710569093491494,0,0.12107552824984295,0,4.55952763963579,0.4100671281032332,2.2505478657785924
600007,2021,G,交通运输、仓储和邮政业,0,0,22.56968531597627,20,0.084839096403706,0.36423628539456376,0.22021194221369228,0.22582825825921982,9,0.3539658430994825,0,0.12614888769925944,0,4.460423309115351,0.6590807036314231,2.707717464844336
600007,2022,G,交通运输、仓储和邮政业,0,0,22.08100209479089,21,0.07950133094861922,0.43522520777845414,0.16092165714463608,0.16895212111172014,11,0.41647991785946403,0,0.10004518005904495,0,3.8403531359314385,0.6109629912599033,2.477311529074152
600007,2023,G,交通运输、仓储和邮政业,0,0,22.643726296902493,22,0.057949382043080894,0.3152625856518532,-0.05440733396877076,0.10290782173459541,9,0.3955773239899883,0,0.10274769253048852,0,4.476714962743314,0.6932651140356547,2.3729896706334457
600008,2013,C,制造业,1,0,22.615760963244025,11,0.06378647940695213,0.4942081524627881,-0.1518467268935789,0.2991308882938154,12,0.3912492880292131,0,0.42372626963222115,0,4.876437141202407,0.9176341191170949,2.819021301841031
600008,2014,C,制造业,1,0,21.786686837458223,12,0.08278063884703626,0.5648429499083816,-0.28930915870011487,0.23398269216142809,12,0.34651609452202065,0,0.43525051360394384,0,3.8609344874405,0.7854053707614055,2.2438063211902914
600008,2015,C,制造业,1,0,21.583514487334583,13,0.05908907155655034,0.580548017204792,0.06566520344327097,0.25815281022112346,12,0.3727195589104017,0,0.3879008892829834,0,3.5971327317217012,0.867609747931057,2.5435368215236647
600008,2016,C,制造业,1,0,22.06232661797085,14,0.038728694858881835,0.43039746904765885,0.19026664655880898,0.09880849898356306,10,0.3928721551892295,0,0.43699416547884057,0,4.108092127550299,0.6905741773064582,2.426810194406962
600008,2017,C,制造业,1,0,22.365383616836198,15,-0.05115658007836214,0.5645162601679673,0.18278223071162442,0.2745214406431359,12,0.40630664199734523,0,0.45279545470958077,0,4.4090462930736605,0.78094266936763,2.466254239726984
600008,2018,C,制造业,1,0,22.402240100832756,16,0.06161960664727028,0.4215418200288637,-0.044191895201717374,0.05596189298270682,10,0.39558224625561283,0,0.4210345292203351,0,4.4205293484218355,0.6533310501776225,2.5867898130610167
600008,2019,C,制造业,1,0,22.84255974525038,17,0.1079813985144463,0.5008728958641878,-0.14429471180875306,0.1292862614797074,10,0.37616815889524435,0,0.4254062340925473,0,4.91199692418835,0.6143402361079955,2.6456653266946106
600008,2020,C,制造业,1,0,22.40741230173044,18,0.025473521374533993,0.526959256305829,-0.026675063848099922,0.08375375918904689,11,0.38243931607715814,0,0.42814323383702946,0,4.333888332317949,0.9560522560234901,2.7538841351044314
600008,2021,C,制造业,1,0,22.500408369756897,19,0.02974675712548568,0.4146767574996911,0.1707912197742751,0.28127164003898203,12,0.33871656793039906,0,0.4194837343238654,0,4.415041262297521,1.0142904844511844,2.6466203220809126
600008,2022,C,制造业,1,0,23.241669988719842,20,0.07588832352819655,0.6008919239910195,-0.4081580243616403,0.17815608640402775,11,0.33882890109754493,0,0.48855770854186636,0,5.277705694405105,0.610006123059591,3.035798975104476
600008,2023,C,制造业,1,0,23.53789280442747,21,0.0546510829594759,0.593018801807172,-0.0990954226847339,0.09627860797558742,12,0.39784189256824803,0,0.44832533712652417,0,5.611695823375155,0.8179454006299001,3.065695078568258
600009,2013,C,制造业,0,1,20.001227335613926,14,0.030100279645546554,0.6125601765301423,-0.2276303397166379,0.12625315132353335,9,0.30100708812790483,1,0.25089753018929917,0,1.9400379077787786,0.11852444691373414,0.7376585664055184
600009,2014,C,制造业,0,1,21.99593315981981,15,0.04862645100192376,0.602166650748639,-0.05942284647387437,0.12550326957975205,9,0.35751544725453205,1,0.26759009988325233,0,4.0247918929677144,0.28963183545067167,1.5069647678517424
600009,2015,C,制造业,0,1,22.38779605725988,16,0.012236059090894685,0.4908067116120997,-0.0736638820595434,0.01,8,0.3116985982153846,1,0.2644443788644242,0,4.435839728033179,0.3277303295321391,1.6874996986842101
600009,2016,C,制造业,0,1,21.680516138284656,17,-0.06019939104842265,0.22345967368842912,-0.2338214086278616,0.10471173770174473,8,0.32345659109896807,1,0.24932947932383837,0,3.590839612453496,0.12499634847684081,1.4189370908953691
600009,2017,C,制造业,0,1,21.959764705306657,18,0.047981504096261264,0.3303777486505459,-0.13784009026351887,0.23942938772479755,8,0.3264433663163715,1,0.2543800482089971,0,3.845129727698547,0.7057324003043592,1.9051568412810753
600009,2018,C,制造业,0,1,22.305108639691042,19,0.10813418123883432,0.37198459663059485,0.04020584467249925,0.1521199724900483,9,0.3,1,0.260360101209558,0,4.214597435653736,0.2530213830363012,1.8929285471280055
600009,2019,C,制造业,0,1,21.681907880345904,20,-0.045924993212486026,0.5070915667386231,-0.29692622633964744,0.14955941345435933,8,0.3038368705708316,1,0.27682912153062494,0,3.4463667693956186,0.42526379097047917,1.6796555022983766
600009,2020,C,制造业,0,1,22.599128386186642,21,0.01163159778243969,0.2591348952281109,0.3179447870791232,0.13529403377781957,7,0.3126546065619324,1,0.2757449738588029,0,4.481959290740183,0.2078312544879524,1.6803569230720448
600009,2021,C,制造业,0,1,21.927355974179108,22,0.050600298745903036,0.6597127683632884,0.2311114049296429,0.045420320701495015,8,0.33073485052685053,1,0.2564951054099338,0,3.642941268436514,0.7860243017030148,2.020404197437024
600009,2022,C,制造业,0,1,23.407439401489757,23,0.11558060407902004,0.7078861539936884,0.11730406572283364,0.04643145314177194,9,0.30311560682343436,1,0.24477918538759547,0,5.383108892923242,0.9780363232005975,2.3518116539429017
600009,2023,C,制造业,0,1,22.580971036400683,24,0.06774263635748713,0.6300609731902223,0.14868157348250985,0.1544032497970137,7,0.34092261295939874,1,0.2505566021035714,0,4.317899480142146,0.8647173650276215,2.360978192477553
600010,2013,C,制造业,0,0,20.908577354994577,7,0.05225373962425721,0.544966810699749,0.0693900769664734,0.1356975446715153,13,0.36453149293379733,0,0.31425546616172706,0,3.1801751577702184,0.05,0.24611732953715473
600010,2014,C,制造业,0,0,21.270811918789764,8,0.049985249433787286,0.407443767208049,-0.13549913281853293,0.2479195586368348,15,0.3766566408324657,0,0.3235844514115628,0,3.518769001897462,0.05,0.5110163659662911
600010,2015,C,制造业,0,0,21.517839986164393,9,0.11909256937555907,0.5380623340021569,0.007818526267484596,0.07450153608530342,13,0.3589160888057277,0,0.34234109349903413,0,3.746426696790506,0.05,0.8440153079405579
600010,2016,C,制造业,0,0,20.157444227938136,10,-0.03205657064439244,0.2913756027563928,0.4996579707673184,0.19974451155218684,13,0.37931546287491713,0,0.3235620425753159,0,2.2781164244478256,0.05,0.3704897637359945
600010,2017,C,制造业,0,0,21.331614228066574,11,0.02697803029674388,0.5705451867618178,-0.018239913051032716,0.01,14,0.3671372170015799,0,0.33244682776549256,0,3.4413668872030057,0.06630246884571726,1.0464465944013255
600010,2018,C,制造业,0,0,21.38347286134609,12,0.10791161265727937,0.6593097153221065,0.10626560687565334,0.13791868796550752,15,0.3761443396427649,0,0.3298236004660913,0,3.4661634554456775,0.21725501694494487,0.8906961609083097
600010,2019,C,制造业,0,0,22.561068440077896,13,-0.030200427093916758,0.6631363225125334,-0.03461759579512723,0.01,13,0.36164012356768876,0,0.31201913227310163,0,4.77824651572166,0.31307713110024527,1.029308501517664
600010,2020,C,制造业,0,0,21.967214539033996,14,-0.0017956016688928794,0.6501589833055669,0.15994054913516448,0.01,13,0.3908009886586807,0,0.32126933644242955,0,4.036151062303743,0.34581275741427087,1.0954011565286015
600010,2021,C,制造业,0,0,21.357356475253688,15,0.02625767855772157,0.6408972091402948,0.09720744315808358,0.13494327385558047,15,0.34151769226729883,0,0.3311753890183914,0,3.30426080053905,0.3970836638107168,1.080000240104469
600010,2022,C,制造业,0,0,22.347113800523967,16,-0.0009715683219174154,0.40499380695955667,-0.052238814925467,0.08775586153681314,13,0.3624559106614853,0,0.2872884352596854,0,4.3886865136848225,0.4023092530412273,1.3578573278197594
600010,2023,C,制造业,0,0,23.21977994607736,17,0.034256601910916756,0.25728743349814254,-0.04700462449339793,0.18047701021396675,14,0.3948159417888053,0,0.3564997713099932,0,5.422416935834926,0.08333772503471668,1.130076370629133
600011,2013,C,制造业,0,0,21.695485024498744,10,0.018244990270905398,0.42781844331637015,0.14985579862706339,0.19606282828052418,11,0.3679632325527353,0,0.06128081979319323,0,3.8842541293054884,0.17262613679655253,1.2178980771866017
600011,2014,C,制造业,0,0,22.028305803429895,11,0.08512371921227416,0.49059026972048886,0.27468459979044446,0.1313706747355467,11,0.3552207069094793,0,0.05,0,4.22669487451369,0.05,1.2963201310210561
600011,2015,C,制造业,0,0,22.51991895400818,12,-0.06298360006226239,0.43796906382246104,-0.25361981335921424,0.337328217627768,10,0.3,0,0.05,0,4.75658968387571,0.14388120633501308,1.4793067402200495
600011,2016,C,制造业,0,0,22.43124696840708,13,0.06905908950232502,0.5271426897556508,-0.14375876366301613,0.3700392250966501,11,0.3293248347158201,0,0.09093996061999063,0,4.589794321228536,0.3829353571300853,2.233554888128359
600011,2017,C,制造业,0,0,21.49956200939785,14,-0.00992814484157254,0.7170701181227706,-0.3947899477804794,0.1785513765342827,11,0.3,0,0.05232108498912329,0,3.4874947041467426,0.4025775256022386,1.4443395125385876
600011,2018,C,制造业,0,0,22.97804157319868,15,0.0938223118576904,0.2989676104091995,0.3201918537691686,0.1819603369374094,11,0.3638771794866016,0,0.05,0,5.162041419236212,0.42905948696438867,2.4639517505847
600011,2019,C,制造业,0,0,22.698088155161663,16,0.06659990767272386,0.5864457342927558,0.23331841658120228,0.31236924742004357,10,0.31497311858398264,0,0.05,0,4.776379695529749,0.950614890564671,2.2959333364624097
600011,2020,C,制造业,0,0,22.796529287418057,17,0.019916349091175962,0.18819523821752746,-0.09266375527181206,0.1609090126654184,11,0.3003434772001546,0,0.05,0,4.846956456350899,0.8704098175798138,2.5959525106913297
600011,2021,C,制造业,0,0,23.249832683214805,18,-0.04659894688323072,0.58583476756287,0.09801590961160922,0.10276620115231583,12,0.31328085180053566,0,0.07469886528541822,0,5.365540784842811,0.8106884240533703,2.7978333695839543
600011,2022,C,制造业,0,0,23.66604506967631,19,0.10241623881407749,0.4303741799122654,-0.15370551740282834,0.13699129732395446,11,0.3347653677293746,0,0.07834154680923017,0,5.85884734914343,1.0291967923792227,2.9330404575300246
600011,2023,C,制造业,0,0,23.850926296146824,20,0.014459538878290448,0.2268893858080406,-0.13336328832572966,0.23684829694412807,11,0.3128841794099559,0,0.06879018522068751,0,6.044963469733858,1.3730218182496252,3.1811380636475635
600012,2013,I,信息传输、软件和信息技术服务业,0,1,20.85345485062308,16,0.13028684742975566,0.4782437550378964,-0.004172457017271827,0.19326189322355952,12,0.3789914609113367,1,0.3300918429269148,0,2.7085719003510023,0.17879278183830477,1.6402915603423187
600012,2014,I,信息传输、软件和信息技术服务业,0,1,21.56233452498405,17,0.037893502090476955,0.4718704328098034,0.36998159089512206,0.176289752075491,13,0.3745809200986849,1,0.3400013809637266,0,3.437843097498941,0.6486987910592636,1.704003279402172
600012,2015,I,信息传输、软件和信息技术服务业,0,1,20.82811934290168,18,0.07692512054832015,0.26045571156029523,0.2136423069231524,0.10351502991961307,13,0.3607367588460585,1,0.3348674717989089,0,2.5953621502270727,0.3200555668989892,1.5768351174166844
600012,2016,I,信息传输、软件和信息技术服务业,0,1,22.241296360320597,19,0.024511802058246986,0.3958049953794918,-0.0865683993965452,0.27627300192636234,11,0.405592621774747,1,0.3558607847614232,0,4.135295737771261,0.5093349495002111,1.7263944320381421
600012,2017,I,信息传输、软件和信息技术服务业,0,1,22.562893762546018,20,0.1019875936728981,0.34222603689233694,0.3852887171598402,0.08770358756633691,12,0.4020495461750573,1,0.34781136532628437,0,4.47552193631458,0.4746513564556456,2.011951130900979
600012,2018,I,信息传输、软件和信息技术服务业,0,1,22.406941859021334,21,0.04073039816845698,0.4397862745497595,-0.16092877193280836,0.15376103120752602,11,0.38805672473194847,1,0.34580011902661373,0,4.246013424754751,0.44365929834440826,1.9311241440371043
600012,2019,I,信息传输、软件和信息技术服务业,0,1,21.737988921276354,22,0.08117356884729243,0.25311961507280434,0.38407499002206164,0.23620790419515544,13,0.3984729652896713,1,0.37138727410678196,0,3.4322170826909786,0.6055581612983201,1.861575296702454
600012,2020,I,信息传输、软件和信息技术服务业,0,1,21.759017433060592,23,-0.04096739948584421,0.3870775920681935,0.43520564429942354,0.22216171862085438,13,0.36567869788606044,1,0.33618624573165784,0,3.4157494621559454,0.38216788285925996,1.7657349704890846
600012,2021,I,信息传输、软件和信息技术服务业,0,1,21.997891949686824,24,0.0723280933154892,0.6201972851437908,0.1225605852136592,0.2937336987770739,11,0.3893346747200898,1,0.3669330419602359,0,3.6466926258556156,0.6387519252892832,1.6209970735606447
600012,2022,I,信息传输、软件和信息技术服务业,0,1,22.856382167810875,25,0.007211693680676257,0.3101296376758131,-0.14452746584557036,0.01,13,0.3203539380515532,1,0.36863038378583074,0,4.611855452853438,0.8091816972294881,2.4937094141651706
600012,2023,I,信息传输、软件和信息技术服务业,0,1,23.26142862298625,26,-0.031977006507014086,0.3183811497144359,0.01584287086871579,0.33088255958112545,12,0.4145600244182981,1,0.32520430538789297,0,5.08971830651835,0.5134893950414687,2.060809015554357
600013,2013,B,采矿业,1,0,21.607789900736133,1,-0.022377282775190927,0.7134195246330093,0.20723953618974839,0.20264847497308636,11,0.3981677883861918,1,0.24780872584640343,0,4.152975063710916,0.05,0.9353936411446703
600013,2014,B,采矿业,1,0,20.653755454325754,2,-0.013089239024403936,0.30596101344557547,0.2819142490317593,0.17646081799476163,9,0.38762355898171247,1,0.25924072798248954,0,3.0799836215729064,0.05,0.887646360961764
600013,2015,B,采矿业,1,0,21.83234485489299,3,0.05435469975595404,0.7295863644642097,-0.00416326962672578,0.3416092375002442,9,0.40987978921263,1,0.2587358073018741,0,4.331768741450649,0.05,0.8715327619391007
600013,2016,B,采矿业,1,0,21.177780838064564,4,-0.08440062659215594,0.6727289017657726,0.16229912835682409,0.14878439356401185,11,0.41705877987657786,1,0.2611910442455983,0,3.5554024901229915,0.20066654875885973,0.8737729189227851
600013,2017,B,采矿业,1,0,21.69387036356614,5,0.04173022517666386,0.26957452050164743,0.2549269146919157,0.25853545830405766,9,0.4172056455685519,1,0.2565800765929333,0,4.079595117141759,0.1607692819432663,1.2081660885401402
600013,2018,B,采矿业,1,0,22.553369204764966,6,-0.006720462497236616,0.4897763829332056,0.2666706633146084,0.3060307113140276,11,0.38107054251773287,1,0.24654400370031934,0,5.035793012240601,0.4704523762465859,1.7594669896658237
600013,2019,B,采矿业,1,0,22.305543384559048,7,-0.03915933811371869,0.31438925404927465,0.09312512143645917,0.1526601608463941,11,0.39716692688027194,1,0.28742227005928833,0,4.7022098352937585,0.6321346433533406,1.3211675855287217
600013,2020,B,采矿业,1,0,21.940948154475272,8,0.021772165917693605,0.4848346871589685,-0.12852983522394906,0.20625744635361165,9,0.4207483379456407,1,0.26227729204887623,0,4.222671444335484,0.23002265828404206,1.7050739269789545
600013,2021,B,采矿业,1,0,21.806871711478696,9,0.0034261929306937736,0.40880894639807364,0.33097437134941776,0.22774272914875404,11,0.4304238884373245,1,0.22079036338373598,0,4.038465128128977,0.4158966760822227,1.5900006238837232
600013,2022,B,采矿业,1,0,22.03060229876794,10,0.04736890516475008,0.5579581750772638,-0.14512965545312392,0.1856526649444003,10,0.43142715136620324,1,0.28892809584291806,0,4.254133010034182,0.47142934256850716,1.725566296356756
600013,2023,B,采矿业,1,0,22.95057980812768,11,0.07857919291196498,0.6869257277625085,0.27668579695549206,0.01,11,0.3879612418639292,1,0.28652034355418876,0,5.304261537283035,0.49902290379734293,2.0540302508546664
600014,2013,C,制造业,1,0,21.533941146116288,15,0.03590860709253428,0.34552981323909737,0.10255841545044511,0.011550714437641746,10,0.4116414281154192,0,0.34441710442972046,0,3.5226695233058933,0.05,0.4570023695274716
600014,2014,C,制造业,1,0,21.171666583354828,16,-0.030625468128420236,0.5601584972064624,0.14291470041784443,0.2254026414116102,11,0.441615259801075,0,0.3454199002344111,0,3.084347352832183,0.10593798073770286,0.5259371334762558
600014,2015,C,制造业,1,0,21.718514303377095,17,0.04872447917520266,0.4906638669208361,0.07035025301903117,0.01,10,0.39257982086165544,0,0.3435894188703743,0,3.6318396412932152,0.12906754392423572,1.1137448485770685
600014,2016,C,制造业,1,0,22.41033366206793,18,-0.0009111403400508325,0.7184482103223623,0.40491273332482725,0.27841570361263224,9,0.4039370933191937,0,0.35445611154263273,0,4.382766514725804,0.5544493489457991,1.3098637664414372
600014,2017,C,制造业,1,0,21.796934171131685,19,0.11762341175414835,0.4104030673655641,0.2883769687028801,0.12736703399670468,10,0.4045795225135683,0,0.3665939564237752,0,3.633297100552994,0.3998519327683753,1.295673544570226
600014,2018,C,制造业,1,0,21.930211206391206,20,0.04832521628300926,0.2721967429540555,0.02412579383261748,0.36399276351139076,10,0.4245637667490844,0,0.34528155088554324,0,3.742530934438641,0.2334378080509736,1.681496001828951
600014,2019,C,制造业,1,0,23.094094223730934,21,0.03300084324130874,0.4825554692322238,0.09908529016683948,0.31541978073381477,11,0.4046135533255757,0,0.3446889909415373,0,5.080125186653694,0.5254590291579073,1.6303882273125119
600014,2020,C,制造业,1,0,22.20678261741204,22,0.03645884887395087,0.3482407345203085,0.19773918323603173,0.1898207424752734,10,0.3887071874076957,0,0.35818467257313186,0,3.969591934447132,0.24161442597898564,1.6404997271964352
600014,2021,C,制造业,1,0,22.20840673373401,23,0.046145219499038624,0.366208918596445,0.14716819771127726,0.4109411671505324,11,0.4546605295964659,0,0.30835516947304115,0,3.929728836360982,0.444103416430802,1.686690073150817
600014,2022,C,制造业,1,0,22.328414386209836,24,0.0785997572673597,0.5653139877681792,0.4280263802378724,0.11065796284598726,10,0.4059217106429003,0,0.3590636814425232,0,4.025247621244805,0.7349985099832539,1.9421386840037471
600014,2023,C,制造业,1,0,22.215888648816115,25,0.010889690586297886,0.33842615467974535,0.27894959939748365,0.056296720217184404,10,0.43398508577453854,0,0.3608729028605855,0,3.82916675559491,0.6358874996172876,2.2490039895193976
600015,2013,E,建筑业,0,0,20.935721068429746,6,-0.050926311540578084,0.5228270370781511,0.06390548206324978,0.4337983665742055,10,0.448207327232159,1,0.4194833736910355,0,3.192532327047879,0.2416989012360363,1.5319584367996595
600015,2014,E,建筑业,0,0,21.636748043928606,7,0.04367576813745517,0.28158613486303086,-0.1359518077636191,0.225057919628348,9,0.4852001480639385,1,0.415604524432562,0,3.9090908865277374,0.704329666291033,2.1965500295762754
600015,2015,E,建筑业,0,0,21.3693353560183,8,0.009105854869839246,0.6111554194975626,0.04041890356935329,0.35644532629112435,10,0.47343842553512594,1,0.3905417809912123,0,3.571503893679089,0.2807244385887133,2.17158856388679
600015,2016,E,建筑业,0,0,22.6210550936395,9,0.03436896306965958,0.6245940344913072,0.004742759746890368,0.1050038950569213,9,0.4592324620615515,1,0.39572939351076886,0,4.96515696007158,0.6876518885368859,2.7152547978678543
600015,2017,E,建筑业,0,0,22.37449602545803,10,0.024437981218461188,0.5136451544567022,0.07048390481887079,0.3209075517630054,9,0.3698800974086611,1,0.39898286088554563,0,4.644618207329782,0.4865627540823799,2.188471134901377
600015,2018,E,建筑业,0,0,23.016527059433894,11,-0.02387461606530849,0.5969125708515628,0.11767632595572006,0.16568826713427948,9,0.4411698133549231,1,0.42270186859651787,0,5.3786114261608,0.7357346932446431,2.488378159107394
600015,2019,E,建筑业,0,0,22.440399351010182,12,0.003965361214074911,0.6819766737979771,0.07827818075637186,0.28052683376206683,11,0.4390613706541396,1,0.4037317423433651,0,4.653159338698191,0.16693872004457608,1.74462646658317
600015,2020,E,建筑业,0,0,23.60869088604327,13,-0.0083004931265998,0.4320848957837439,0.16467377805221386,0.3120224657688314,9,0.4927718951841449,1,0.4081687535064059,0,6.048085973544656,0.5996287942597068,2.356760397354802
600015,2021,E,建筑业,0,0,23.621771689105827,14,0.043387140045561406,0.41818925170106597,0.3283843187248494,0.14123576178859903,9,0.44970059674613355,1,0.41559692979896995,0,6.015595675540433,0.5015657128417947,2.837876842238076
600015,2022,E,建筑业,0,0,22.583502801243924,15,0.049548764509871,0.7197563894449346,-0.09862245114903098,0.12383496116649866,11,0.4518830786042459,1,0.39411382802365674,0,4.671963705918055,1.0184354928542507,2.581959877865318
600015,2023,E,建筑业,0,0,23.445165429061362,16,0.00828430817551911,0.3817323933172229,0.34453681963789584,0.030855045933619485,11,0.45494739922019195,1,0.38006452692006465,0,5.702522692466213,0.6804714798784665,2.697227756171763
600016,2013,C,制造业,0,0,21.24229921393261,16,-0.03338358221210442,0.5264273829914019,0.4069522099585652,0.04387728052877407,7,0.3711499195481012,1,0.3540202653870733,0,3.1214538423161757,0.6535078216043503,1.5316762471404395
600016,2014,C,制造业,0,0,21.885929534771883,17,0.0774736923763806,0.2515459520594886,0.12043554460154401,0.37281236026195347,9,0.35034812271502863,1,0.36714168731617985,0,3.7918131495497867,0.5348563442110446,2.1109784382874417
600016,2015,C,制造业,0,0,22.585637246089618,18,0.0005591114796374003,0.5130856407366989,-0.1784459369711513,0.21865327403101964,8,0.3542910400089673,1,0.36694751885198185,0,4.584225822484439,0.4597395915420037,2.1408223372338817
600016,2016,C,制造业,0,0,22.83896910567778,19,0.020344780274234926,0.30431860603256056,0.3282975919932731,0.09543338246638244,8,0.3286865018561091,1,0.41134169312012747,0,4.854051230633891,0.5459649676034695,2.125013779703436
600016,2017,C,制造业,0,0,21.778344355484457,20,0.07176183640888056,0.5163238294543472,0.21500560275905511,0.07894553022548827,8,0.300942819341178,1,0.3687468255577515,0,3.556763165527271,0.6081414511525522,1.9284339859405684
600016,2018,C,制造业,0,0,23.137096487970748,21,0.05545489992844274,0.47256380349278865,0.2674152563496355,0.4319510689198328,7,0.3512803298603702,1,0.4064280736572973,0,5.137613073536862,0.46156645179189737,2.4813094346014264
600016,2019,C,制造业,0,0,22.829991930073536,22,0.08660577569150774,0.5168895404224245,0.00811047204879363,0.3142003324378113,9,0.3584405732063085,1,0.40305990771781786,0,4.719983843331723,0.25527150724270253,2.1535667387669344
600016,2020,C,制造业,0,0,21.245677435795983,23,0.026246702039979326,0.607270452352908,-0.0986269789380744,0.07694606775070185,8,0.34472112546960815,1,0.38640178453001855,0,2.8561256626364657,0.4904871384894598,1.299863389203629
600016,2021,C,制造业,0,0,22.473415887147066,24,-0.013831553313859317,0.47459568520295126,0.004996063502474432,0.01,7,0.3657753442269054,1,0.377604863657483,0,4.20135541223199,0.5565710358108791,2.122879207740951
600016,2022,C,制造业,0,0,22.059485576051667,25,0.035106583189633264,0.36072676544024884,0.41557349199939336,0.2668461308130384,7,0.3490802610852279,1,0.3898847752304773,0,3.688242596248354,0.2923717446972779,1.5931203944270003
600016,2023,C,制造业,0,0,22.34149191405011,26,0.06084949965510239,0.7076678537197293,0.10348667591877941,0.11893192907953382,8,0.3,1,0.411322851429656,0,3.976751619153142,0.23116240757791562,1.9175588921353761
600017,2013,B,采矿业,0,0,20.493755506458825,7,0.033165859101770515,0.7437331130808722,0.28611734058227084,0.1444734749800508,11,0.398154568418789,1,0.18923725478960568,0,2.758043960099721,0.05,-0.15876736530493965
600017,2014,B,采矿业,0,0,20.949653779295904,8,-0.013582034997341175,0.4997031156789468,0.25869616710068694,0.2490681296862095,13,0.37987977719985183,1,0.22301025982027162,0,3.195970855984054,0.05,-0.23265288658674094
600017,2015,B,采矿业,0,0,20.559833007559362,9,-0.05668863878663889,0.37097162365637193,0.046116479782595,0.1562721173737548,13,0.3947142477850667,1,0.18160373610200065,0,2.7307693927349503,0.05,0.26366361246543546
600017,2016,B,采矿业,0,0,22.03951241608168,10,0.019814223095363254,0.5648193788014665,-0.3985144947005999,0.30927845799905956,12,0.3896948172694808,1,0.22591840442175984,0,4.308594875896208,0.05,0.4049432540554605
600017,2017,B,采矿业,0,0,21.49576265705828,11,-0.011764115563353474,0.44171872584423294,-0.12958419164596968,0.21187443072798684,11,0.39178178653675017,1,0.1937923821410627,0,3.6626418329892014,0.05,0.016577131412173887
600017,2018,B,采矿业,0,0,20.99444062647608,12,0.024073844433778496,0.5691014584738402,-0.3242551103427825,0.10544572952148039,11,0.3989868207424505,1,0.1841411571660666,0,3.073895007293906,0.05,-0.024827547418572515
600017,2019,B,采矿业,0,0,21.652572580977946,13,-0.11909630079574826,0.49952168870741864,0.4361125096754929,0.26367550165409914,11,0.3810085397471793,1,0.1636438833006807,0,3.7621319790684664,0.05,-0.27245676166336574
600017,2020,B,采矿业,0,0,22.09384916423771,14,0.08617582796937073,0.7874467710183192,0.1932280501031859,0.16112308181868878,11,0.38233427980862544,1,0.17509828526435592,0,4.217011913118653,0.05,-0.03871824034759502
600017,2021,B,采矿业,0,0,21.72410831747386,15,-0.0005343825314869516,0.49842818899554386,-0.09060181660671035,0.14979151847930744,13,0.3794129793775545,1,0.21338796229023604,0,3.733352706647041,0.19916911747111993,0.520261999879643
600017,2022,B,采矿业,0,0,22.459640406416185,16,0.07009753245794591,0.660799665682678,0.46648660925356983,0.0575517214148482,12,0.380921063885491,1,0.19864539706847395,0,4.560187486517787,0.05,0.35843078086987096
600017,2023,B,采矿业,0,0,21.03691396701672,17,0.038798169643842556,0.4533911803188267,-0.25915871256681466,0.3080659411106943,11,0.3862837944568602,1,0.19080745960703874,0,2.9056217305027583,0.05,0.05380698781294896
600018,2013,C,制造业,0,1,21.94792397749217,5,-0.0185780180540352,0.4796795630208231,-0.0816897234423968,0.21406569054537478,9,0.34034942653910416,0,0.21513034946200377,0,4.369570405192876,0.10903093670511142,1.4453794723664395
600018,2014,C,制造业,0,1,22.577948548646965,6,-0.06846123692644582,0.521189035164419,-0.40961364464227673,0.03462774287802277,8,0.34879441537219064,0,0.22646629152000067,0,5.074793652896027,0.19497003449157152,1.3068422372736577
600018,2015,C,制造业,0,1,22.65451704295673,7,0.0611826217653859,0.628668680025091,0.3909213123270089,0.029367528617346234,8,0.36422122216544817,0,0.22037462964898336,0,5.116377535271329,0.08226178776110715,2.0120070668983514
600018,2016,C,制造业,0,1,21.904265907214718,8,-0.016758435556166885,0.5838504087328282,0.2634474664830777,0.25728550880824647,9,0.3702134887510053,0,0.16579292647684823,0,4.186395943679299,0.5949844283600247,1.5814326604897493
600018,2017,C,制造业,0,1,21.814631678392125,9,0.03332115065375443,0.41490871604212765,0.17634933439953077,0.12757297261737874,7,0.314676939760526,0,0.23998101456200432,0,4.041062635876252,0.5740435146791032,1.773040746114599
600018,2018,C,制造业,0,1,21.674737061701972,10,0.059922568646889954,0.39070762513635365,0.1607715938382935,0.3694453505734886,9,0.33662226802582745,0,0.19891924101977604,0,3.8591440913547475,0.3940240729614446,1.7858461006058932
600018,2019,C,制造业,0,1,21.450823855214068,11,0.1050747657898054,0.4229342052300213,-0.08528401455341428,0.19722406615494278,9,0.35613223595809135,0,0.22882992437286032,0,3.560814296885428,0.2539434141239292,1.53092540859504
600018,2020,C,制造业,0,1,22.61963920799618,12,0.10525309550929762,0.4068981001938798,0.0063074261849970364,0.18352340186382882,7,0.3529270164557032,0,0.19818044596730697,0,4.871176685424451,0.3016558040909408,1.825794799986612
600018,2021,C,制造业,0,1,22.39897417538898,13,0.050940154828487544,0.5869087873002174,0.24300024526542213,0.02308146017833279,8,0.3564016949790132,0,0.16497943923235484,0,4.561765028004863,0.3600931252826199,1.8194278708299496
600018,2022,C,制造业,0,1,22.23333343925373,14,-0.03816861446631411,0.22104685778337413,0.06024694951154476,0.2305835953424624,7,0.3579470432240399,0,0.17792091686075442,0,4.342863685453081,0.05,1.2654756664292988
600018,2023,C,制造业,0,1,23.622522295788745,15,0.0343618317962153,0.5935663433143947,0.2855006508387801,0.20173882244121208,9,0.329995257968149,0,0.19383198964684195,0,5.995595970000862,0.7090725416220326,2.1600523912645335
600019,2013,I,信息传输、软件和信息技术服务业,1,1,21.663516874620527,13,0.006298566929234459,0.48363571637482833,0.3479446109744807,0.01,8,0.3157306968726408,0,0.36840284141222024,0,3.691139508620517,0.4530267247517642,2.312419437264603
600019,2014,I,信息传输、软件和信息技术服务业,1,1,22.09665093441628,14,0.029999368001919918,0.1775742570335221,0.7899671399057412,0.07108052863898935,10,0.302348168060994,0,0.4001867753396974,0,4.127320746700523,1.1749339049715104,2.694512069316089
600019,2015,I,信息传输、软件和信息技术服务业,1,1,22.266615729028825,15,0.11067898566293144,0.3496663419099285,0.09061753981018131,0.3135896757952442,8,0.32968863510635155,0,0.40562764705322074,0,4.297490599859261,0.9122898459158383,2.617093705224455
600019,2016,I,信息传输、软件和信息技术服务业,1,1,22.804262240652882,16,0.03939572998971243,0.4314986361029731,0.3159169581240573,0.2958492642130734,9,0.3,0,0.3470645590186755,0,4.8784929418891485,0.959839902422428,2.872328728195407
600019,2017,I,信息传输、软件和信息技术服务业,1,1,22.40097315666933,17,0.06198778475553327,0.2672783531764522,0.34781184994893044,0.3180098962462168,9,0.31246111286349426,0,0.3713648265137583,0,4.348305523521185,1.2627292959575818,2.8002723162977583
600019,2018,I,信息传输、软件和信息技术服务业,1,1,22.54071487238524,18,0.13356742441091965,0.6876212278194527,0.25314946664275717,0.015175098662061126,10,0.3,0,0.3802589661667734,0,4.472189766282052,1.5303667589667658,3.5796124215799052
600019,2019,I,信息传输、软件和信息技术服务业,1,1,23.04731482241407,19,0.066126273148483,0.3284337544393038,0.09042327857098152,0.15311725643363364,8,0.3,0,0.4073088126312219,0,5.047658039793425,1.3078680050738134,3.1705088150578304
600019,2020,I,信息传输、软件和信息技术服务业,1,1,24.284568253075637,20,0.0749465451363619,0.3020194686242961,0.704558444959162,0.02463504780917561,10,0.32935291854590787,0,0.35471295045909934,0,6.6050958495945515,1.5039532832787823,4.025596729062243
600019,2021,I,信息传输、软件和信息技术服务业,1,1,23.345261050631258,21,0.0005627986337150698,0.623909495495562,0.17995239374025443,0.09744517510471247,10,0.34562513801239536,0,0.34850224142131775,0,5.331415136967995,1.377553533438103,3.6184790780144787
600019,2022,I,信息传输、软件和信息技术服务业,1,1,23.67986689297881,22,0.007628584709480496,0.45947558206589345,0.4686047551549689,0.22077470758957232,10,0.32919629233089615,0,0.40565409175342776,0,5.712981135749141,1.3531129113039195,3.9144775278232173
600019,2023,I,信息传输、软件和信息技术服务业,1,1,23.834706138856408,23,0.03855013769762379,0.47378775160267755,0.4443625508096385,0.2081919198016498,8,0.3319688979587056,0,0.35678965449213845,0,5.875122014933133,1.459180866886183,3.4836756379338056
600020,2013,C,制造业,0,0,22.528741613457154,8,0.06399260834186461,0.42973653032050824,0.07484469572383301,0.07295490550731354,7,0.42301482354559194,1,0.2107213607369305,0,4.916661365958117,0.36314382609636975,2.4034667011027024
600020,2014,C,制造业,0,0,21.60351567624258,9,0.07464643421366017,0.6484739732403911,0.3594138476660109,0.2859477491450678,9,0.42644924251542565,1,0.20418468984992558,0,3.7913807914613136,0.4736647765539762,2.0589072820703618
600020,2015,C,制造业,0,0,21.827480656105177,10,0.04998815403974471,0.44511771254005333,-0.12601552650572845,0.01,8,0.40348337002430706,1,0.20240961302590754,0,3.996955048448594,0.6041794228686224,2.3807209600909216
600020,2016,C,制造业,0,0,22.01534180842949,11,0.11216448190531855,0.3899803107742864,-0.11015416286181552,0.031136721164763792,7,0.3960690795870371,1,0.19578601687728484,0,4.172457773709799,0.5753061148021422,2.5728078943962815
600020,2017,C,制造业,0,0,22.348748075301067,12,0.059899729380938314,0.6639851533789751,0.09336213668777288,0.2398643108426672,9,0.39402406625275316,1,0.1921671855737698,0,4.522358476652748,0.7746551080411695,2.280569297124968
600020,2018,C,制造业,0,0,21.63050097361806,13,0.07777519171849885,0.4998118267970332,0.3173665958669215,0.16924917978050322,9,0.40630063952409146,1,0.1888249721904118,0,3.6348019964299856,0.8938986612683737,2.4667461238740533
600020,2019,C,制造业,0,0,22.337267989183974,14,0.08939735635551324,0.3883274547870657,0.1599098469637788,0.32324382061897305,9,0.43355703274041946,1,0.1749314934731308,0,4.418282413973193,0.7114289849415667,2.285684381751659
600020,2020,C,制造业,0,0,23.033497548807357,15,0.013005918253483802,0.4980497637065056,0.7805165544635273,0.33394404727044136,9,0.3922622770850819,1,0.1921426785472632,0,5.204757515586989,0.8943487200597108,3.2268523738482577
600020,2021,C,制造业,0,0,23.22682074823288,16,0.16280089795581068,0.4570348423518236,0.5898778072333242,0.2522942474264013,7,0.37601512692839084,1,0.19693701462782862,0,5.406834279901898,1.0181609484315117,2.9558198017155655
600020,2022,C,制造业,0,0,23.855635850964035,17,-0.010692722095751256,0.6276338562141971,0.1135462751313795,0.32455561553146317,8,0.3820087902820097,1,0.21114685289835783,0,6.151114670936873,1.2728323148518115,3.5061904576593865
600020,2023,C,制造业,0,0,24.00352896936809,18,0.04405464045100196,0.37566920962540234,-0.12894087225475076,0.23767017519354533,7,0.4009009764571497,1,0.20266577367071056,0,6.314817751031375,1.2607580649124364,3.4012949802942423
600021,2013,C,制造业,0,0,20.641586156926913,5,0.113108626913814,0.6196583544399591,-0.0796623508091304,0.0850789868654146,9,0.36762586795954083,0,0.3068634954762788,0,2.9412582055560463,0.2832518050365623,0.8378094170633946
600021,2014,C,制造业,0,0,21.350448835193117,6,0.044874951793865664,0.5097511688687096,-0.06438290120291085,0.11500388713004855,8,0.38428614304998404,0,0.3191383803683403,0,3.6465282145285833,0.20256491670474538,1.30139429207054
600021,2015,C,制造业,0,0,22.109953340701857,7,0.08477290879145548,0.2784140886264529,0.011698146432643247,0.15141723569354773,9,0.33902028378585525,0,0.3212336709332787,0,4.466404338854228,0.33482892063240477,2.2767441596784206
600021,2016,C,制造业,0,0,21.532961877092326,8,0.08742806100707355,0.6896773521270555,0.13528563656576598,0.3266870672305986,10,0.3926117622986928,0,0.33151900423534164,0,3.769267919445028,0.27708343333715324,1.4626985683806273
600021,2017,C,制造业,0,0,22.900881378743904,9,0.044090174950004446,0.33457850220165397,0.24405328106442148,0.01,9,0.3921647635911175,0,0.3479236037036218,0,5.330191794294107,0.4533325842247527,1.9684674038083163
600021,2018,C,制造业,0,0,22.098372981269545,10,0.08559206229540374,0.3586415790072994,0.03687827289874168,0.25581249014317364,10,0.42113988342353975,0,0.3429586653202109,0,4.320935022746809,0.31372345934844814,2.0374926066741814
600021,2019,C,制造业,0,0,22.064631029425612,11,-0.0035456845366831635,0.3304502887009666,0.3977667444433769,0.07207528879631205,9,0.3616885221125826,0,0.33446274940773685,0,4.251767174686543,0.22044538438219752,1.7754889887701801
600021,2020,C,制造业,0,0,21.810544295753743,12,-0.029477020540414914,0.44585009475247284,-0.08548212343970445,0.15789781066315242,10,0.38716386134594466,0,0.3151171799887678,0,3.9097795088549914,0.3060379704851367,1.9995023946038009
600021,2021,C,制造业,0,0,21.66902610198413,13,0.06083705999689845,0.5409748107402246,0.1530677045024764,0.09834015735401103,8,0.35402280145598,0,0.3187254760782381,0,3.711834569776234,0.38740005153526164,1.6974574506106583
600021,2022,C,制造业,0,0,22.377081467686974,14,0.07082314144220964,0.38272736261100776,-0.37034484552118957,0.01,8,0.3499114290414208,0,0.2988452570340705,0,4.494405624447515,0.4969276233684091,2.111693668622784
600021,2023,C,制造业,0,0,22.966447031042115,15,0.023770898409763885,0.738710000449693,0.046628644688854054,0.01,9,0.33982956724888425,0,0.3158776374984461,0,5.154226750129265,0.628734343938325,2.0714871497220817
600022,2013,C,制造业,1,0,22.019979540947826,5,0.06639985042303148,0.5550035513472931,-0.15915305752268055,0.26382215227848105,8,0.4017068576118829,0,0.2292262042092202,0,4.417849732941354,0.6471344435428843,2.010135483752533
600022,2014,C,制造业,1,0,22.00731510906514,6,0.04040346212782201,0.5932681202835255,0.34696699549457993,0.04382452234272444,6,0.41219117937483973,0,0.25686373253096045,0,4.371044892254714,0.490097378934567,2.062319996697488
600022,2015,C,制造业,1,0,22.326961055075817,7,0.09426958687912922,0.6511021439670676,0.13613020861054015,0.20117054232274717,7,0.44585148061770274,0,0.2267929202536679,0,4.688593946869161,0.7272271866342512,2.3928430112409966
600022,2016,C,制造业,1,0,23.26399547793236,8,0.09426999194167152,0.39694450475342064,0.37501903003306236,0.23153883314438092,7,0.4332666037228063,0,0.21097840717183788,0,5.779776264243796,0.8549184665049969,3.275604924637424
600022,2017,C,制造业,1,0,22.381545688262914,9,0.07133519518997587,0.35538160246679645,-0.2553115722717889,0.2532116125880866,6,0.3985206520597177,0,0.2090091882696424,0,4.656358579088571,0.8087256176294789,2.979388576884612
600022,2018,C,制造业,1,0,22.977470307006794,10,0.13350388423295725,0.22987101784245817,-0.23347312714312446,0.28122566903291774,7,0.4233729335628151,0,0.24296907698421988,0,5.322353968645155,1.3841467473057856,3.4769794387531117
600022,2019,C,制造业,1,0,23.44795616144207,11,0.05086149598840885,0.522348390702261,0.11388524385012846,0.18425897701064325,8,0.41447027465852704,0,0.21535971248477925,0,5.882206383387528,1.2061550755002521,3.189635882135333
600022,2020,C,制造业,1,0,22.510172626021934,12,0.06973778160128677,0.21441668754366977,0.09733350701231872,0.22723947837588568,6,0.42497709850505816,0,0.24413731386484394,0,4.657096622119965,1.300675009296028,3.4273217748258844
600022,2021,C,制造业,1,0,23.891389062579076,13,0.04933108797155318,0.031772613505017144,0.24372447051748047,0.01,7,0.43875033075175646,0,0.24378370109331532,0,6.354453627554413,1.3668525529175752,4.1768842569705384
600022,2022,C,制造业,1,0,23.022614301715382,14,0.05319225772636342,0.36225509123210553,-0.09991399092967446,0.22024889938901113,7,0.40112820474470734,0,0.23875194301588745,0,5.198673873641054,1.634774845007225,3.8524980437668686
600022,2023,C,制造业,1,0,24.658304768858237,15,0.10525533496060632,0.326241430732539,0.14873511102153236,0.23665308505841598,8,0.43559863088412215,0,0.24625880365809022,0,7.293853544517078,1.7371506465328048,4.3142670418891305
600023,2013,F,批发和零售业,0,0,21.49301874269897,5,-3.7201061675942726e-06,0.4302579765979059,0.2929516323062376,0.17880471208198268,12,0.4396328864975654,0,0.5584941045064699,0,3.8444621781440373,0.6491157046241594,1.7893344839524215
600023,2014,F,批发和零售业,0,0,21.85695366389749,6,0.10326153343551328,0.26058491964608355,0.06193912102813327,0.19964610818254871,13,0.43169184902220964,0,0.6056945572398529,0,4.233197398890415,0.249758185809954,1.4443336377435854
600023,2015,F,批发和零售业,0,0,21.907396687396187,7,0.05544425960213209,0.2676504296630784,-0.18915474007185518,0.1756273219173599,13,0.4449233403822035,0,0.5878728959063138,0,4.228882196259984,0.36868051063072566,1.825610534612956
600023,2016,F,批发和零售业,0,0,22.61658813789524,8,0.049568291927122615,0.6735388040302432,0.1050118039639645,0.22319266938061544,14,0.3970719516365969,0,0.5753200912395458,0,5.031916300678417,0.3381361543660307,1.5598358471047926
600023,2017,F,批发和零售业,0,0,22.99054037756592,9,-0.03264675279979728,0.4495608558614196,-0.054209031565585805,0.19832199350075264,13,0.43654051292700546,0,0.5888402036595015,0,5.441159526615605,0.4635255492979646,1.7728590071382908
600023,2018,F,批发和零售业,0,0,21.666270196948563,10,0.05275596824266869,0.24148590013784857,0.05469624579333844,0.11322821942220512,13,0.3794893692265397,0,0.5924085195324391,0,3.8359860836441717,0.5096232471092002,1.6349923656042535
600023,2019,F,批发和零售业,0,0,22.704212597158214,11,-0.046520554700281186,0.36124582902225055,0.21465114265176788,0.2963495427233863,12,0.444487382374654,0,0.5859731934915352,0,5.004491236884596,0.5377621365106453,1.8570017623086086
600023,2020,F,批发和零售业,0,0,22.541077337976642,12,0.024384640719111374,0.39202179449940633,0.16754341948506712,0.20070296579835775,12,0.41439269684678215,0,0.5796758985081769,0,4.763326821566397,0.494890739554659,1.7182323578121104
600023,2021,F,批发和零售业,0,0,22.50275869630611,13,-0.04350145974139813,0.528170265565241,-0.36856186066719376,0.01,12,0.43620780437723367,0,0.6299979399804432,0,4.679942758491734,0.5179020314533606,1.7036522399733136
600023,2022,F,批发和零售业,0,0,22.381501964704967,14,0.061059081758323905,0.6215778780972281,0.5100547782081194,0.35020924474162124,14,0.43803299643433535,0,0.5568008818258384,0,4.495188723359382,0.48397113150881965,2.101970859435795
600023,2023,F,批发和零售业,0,0,22.066338456808722,15,-0.025114716583958842,0.320212236941395,-0.0763738241621388,0.2323749435607662,13,0.4115030221598266,0,0.5787969440261876,0,4.081062177027075,0.4803850753884096,1.7123596016293603
600024,2013,C,制造业,0,0,22.31460295944075,11,-0.06666345815846442,0.36295587636305393,0.01574714126262995,0.3185848794464658,11,0.3919496086569368,0,0.2876862822253483,0,4.518075811279976,0.7656052429466068,2.7357039217336254
600024,2014,C,制造业,0,0,21.861026192723806,12,0.2028350891224258,0.4567328718791276,0.11617141013133618,0.0732543878140601,11,0.3978293044407875,0,0.30563432602608276,0,3.9434482324955753,0.9703012837653254,2.8287078856012804
600024,2015,C,制造业,0,0,21.377425130660388,13,0.07903323421122227,0.2645687995925189,0.07732062515524105,0.21293386490162297,11,0.3740488557046123,0,0.2964079293699537,0,3.3670507448733615,0.5363419959350164,2.6354257643543413
600024,2016,C,制造业,0,0,22.47024354453553,14,0.052656824281754305,0.6555404168714551,-0.10474723915536929,0.07626436744379463,11,0.38750020359161197,0,0.303880022715892,0,4.575225534403232,0.8854497623164941,2.7534729396813336
600024,2017,C,制造业,0,0,22.320512386713528,15,-0.025395482993770438,0.20277692594628666,-0.10415704919705426,0.08728765716099322,11,0.3837642222159064,0,0.2905807779455392,0,4.341972169586398,0.9640971688188068,2.940829500873256
600024,2018,C,制造业,0,0,23.66937601873191,16,0.09969875297231554,0.23810408173663591,0.10368708220799225,0.3261368778086968,11,0.4365806682612162,0,0.2547071381402473,0,5.974193299630775,0.8022920676944222,3.57821638275582
600024,2019,C,制造业,0,0,22.50342362524872,17,0.06174334794976575,0.5703874828131389,0.5065967525392114,0.25877424779193803,11,0.3823213476727356,0,0.3158047695440066,0,4.478420135150648,1.0625596498128642,2.962707602469967
600024,2020,C,制造业,0,0,22.77179256998686,18,0.12111803813417235,0.6013475329890503,0.3387146647863897,0.01,12,0.3852618581252482,0,0.32452278658767797,0,4.746145818140434,0.9803258687184485,3.4189557313905454
600024,2021,C,制造业,0,0,23.421312382620872,19,0.007352565638868526,0.07786847265841074,-0.2281656148598241,0.13788747418908698,12,0.3766342734551157,0,0.29493878537444024,0,5.516281231608099,1.3742134860946256,3.3748686874243714
600024,2022,C,制造业,0,0,23.432843218389845,20,0.026243667611657563,0.5499357186711288,0.15635554528778095,0.22921793144496141,10,0.38674664330102343,0,0.2974966511695186,0,5.479669433890141,1.5214327469602593,3.7384644393467092
600024,2023,C,制造业,0,0,23.458853620343252,21,0.05828839295214194,0.2617901333069722,0.6337205694555795,0.04735768794976239,11,0.3940256546328227,0,0.3195633660916029,0,5.474460058594884,1.244306584813254,3.7389591201301533
600025,2013,D,电力、热力、燃气及水生产和供应业,0,0,22.630223151359445,4,0.13116418014911865,0.07947082210843115,0.15533802965791077,0.25169787195687565,9,0.3722911668278247,0,0.3971635159165643,0,5.185863739208151,0.4016976745110665,2.6571957777816557
600025,2014,D,电力、热力、燃气及水生产和供应业,0,0,21.33299210522191,5,-0.0561997644497312,0.4383017836047629,0.05095162150239617,0.13044233385732107,8,0.3944469278732646,0,0.3827049117922359,0,3.6559039133417577,0.4875410875242536,1.6328354803253624
600025,2015,D,电力、热力、燃气及水生产和供应业,0,0,23.011155481534395,6,0.10528624163433302,0.42955031330911997,0.5062742252219072,0.2638197357538417,7,0.4012137060525789,0,0.37171988102743103,0,5.565762345559857,0.5260437920411054,2.757643751867129
600025,2016,D,电力、热力、燃气及水生产和供应业,0,0,22.267347894259537,7,0.05633047047146157,0.4067643674459334,-0.05015511154249927,0.013265959382486842,8,0.348748572369195,0,0.3773820921195631,0,4.620500847683808,0.813415551729088,2.393090854680461
600025,2017,D,电力、热力、燃气及水生产和供应业,0,0,22.81191722253095,8,0.09404746835087263,0.30108711852059555,-0.13023479658183265,0.35789324425498314,9,0.3424178263678859,0,0.3461794363964798,0,5.232200805722252,0.8081288478307306,2.6097399585385235
600025,2018,D,电力、热力、燃气及水生产和供应业,0,0,22.45147881620807,9,0.10086927591108583,0.2991798783803441,0.24358325854568263,0.04793354744986611,9,0.3507695872558277,0,0.3377002768316671,0,4.7446840224996985,1.1392379483133415,3.2187372543772725
600025,2019,D,电力、热力、燃气及水生产和供应业,0,0,22.741928613675814,10,0.13163918587157777,0.47655003197463147,0.458269716698512,0.1325581281835903,8,0.36428496641278785,0,0.3961976893344032,0,5.050540813377879,0.8053702341204481,3.188824183895198
600025,2020,D,电力、热力、燃气及水生产和供应业,0,0,23.07041668040275,11,0.08956188966260982,0.5616639426369534,0.6401405551779032,0.1901815683659352,9,0.37510546905656,0,0.39029009020433114,0,5.4013064739652075,1.1352926534987642,3.4534582247362784
600025,2021,D,电力、热力、燃气及水生产和供应业,0,0,23.136191360794445,12,0.11106078342138445,0.40510590446814804,0.4452366048952913,0.23358215557277787,9,0.3589529521236686,0,0.415826370116169,0,5.439180051562359,1.3735196057986419,3.16419358621875
600025,2022,D,电力、热力、燃气及水生产和供应业,0,0,23.214551543026765,13,0.10154966534897944,0.494150390163559,0.405511303306918,0.11497315561613841,7,0.35680757536124025,0,0.3889984167850584,0,5.4836722246064316,1.644059935491024,3.6653857922163855
600025,2023,D,电力、热力、燃气及水生产和供应业,0,0,25.079519199488733,14,0.043742276158036594,0.34397024877704613,-0.1285633852014339,0.24304451409624864,8,0.3704818733687012,0,0.4019448281628515,0,7.92996144374209,1.6154617652275998,4.200123467555542
600026,2013,G,交通运输、仓储和邮政业,0,0,22.82471577140444,9,0.05869385894683469,0.3323261276387097,0.2307974691680433,0.19825415791749454,11,0.4296893031715553,0,0.47787742216070656,0,5.212776077061577,0.6854180655073622,2.6717312738569303
600026,2014,G,交通运输、仓储和邮政业,0,0,22.163805611353624,10,0.014948877825673057,0.559489932749303,0.6315041087271329,0.2592970744901515,13,0.48324065270454064,0,0.5271596630979348,0,4.379946157423125,0.7442288325747128,2.4991615173609842
600026,2015,G,交通运输、仓储和邮政业,0,0,21.75653381133137,11,0.106301863321723,0.35528867584505885,0.23996799037002242,0.32826810670275064,12,0.4640802704661753,0,0.49217595779411416,0,3.8598395932449483,0.9169266179952751,2.846009811070477
600026,2016,G,交通运输、仓储和邮政业,0,0,21.738501666547617,12,0.053904501588266505,0.40608192437834767,0.5494843533354145,0.1304217952360071,11,0.44651824226110387,0,0.5476928304772701,0,3.8165555418026575,0.8758968049793402,2.318573889550685
600026,2017,G,交通运输、仓储和邮政业,0,0,22.492209983068456,13,0.04140669776577243,0.4013336398022581,0.31929271570159534,0.19039041208179935,13,0.4825925903088877,0,0.5396641833374327,0,4.635774964550406,1.007336141859394,2.8073947602524942
600026,2018,G,交通运输、仓储和邮政业,0,0,23.436939648427774,14,0.006032954426541039,0.3656889651081484,0.33953175535623,0.28904095022037846,11,0.44607294969547967,0,0.5162794034061833,0,5.766461152237243,0.7026025386265954,2.9855873444195185
600026,2019,G,交通运输、仓储和邮政业,0,0,23.744822112041543,15,-0.010009914866358091,0.481003811829655,-0.18531243028994238,0.26317563304951375,13,0.45698417759014875,0,0.5187251522282659,0,6.1259959138123845,0.9005487128486797,2.767972097860992
600026,2020,G,交通运输、仓储和邮政业,0,0,23.200685551721186,16,0.016792666954444112,0.5647614180740899,0.4636202944915626,0.2798565423411926,12,0.45114411253598,0,0.5168065690685169,0,5.38856904404649,0.42743422633453737,2.717971563934503
600026,2021,G,交通运输、仓储和邮政业,0,0,23.70589536420114,17,0.00704478917020885,0.4402695086159897,0.24284078898775585,0.01,11,0.4168080675229908,0,0.5103338770264861,0,5.999068064136673,0.9384202270744921,2.905418652290507
600026,2022,G,交通运输、仓储和邮政业,0,0,23.35541897634656,18,0.07648890339394716,0.6197619217442174,-0.46724893987860194,0.32708089819067676,13,0.43033458274074443,0,0.500533058248022,0,5.49233678445628,1.074516322691552,3.020557717118004
600026,2023,G,交通运输、仓储和邮政业,0,0,23.431122427862235,19,0.11539422222266307,0.479239240920721,0.0011833653153673351,0.21418647258289086,12,0.4297658968506718,0,0.5447308116526188,0,5.548378459007005,0.9422008861167975,3.0440691562820903
600027,2013,C,制造业,1,0,20.695071291503368,7,-0.009862149994743448,0.19628952402047262,0.0637106515691168,0.2850492034787485,15,0.319884410442704,0,0.3599356709314183,0,2.917053637250914,0.05,0.9438318231430658
600027,2014,C,制造业,1,0,21.97480331382307,8,-0.054740962647341906,0.2502227825781551,0.6201014773863999,0.056966983627270276,15,0.3,0,0.3740730916451093,0,4.274640113832918,0.35433491108572757,1.722216800595769
600027,2015,C,制造业,1,0,20.698304923722564,9,0.052778066182528685,0.42522713388172834,0.15906695208164462,0.20577680676358154,15,0.3,0,0.3505530090693716,0,2.8459952549545235,0.05,1.2745255117782603
600027,2016,C,制造业,1,0,22.53803170905892,10,-0.05341787074217365,0.5878897073170035,0.4263935355086515,0.3018885285474132,15,0.3,0,0.3446352740696118,0,4.8517649786934225,0.4177007729771194,1.5112378183560657
600027,2017,C,制造业,1,0,23.211483535599996,11,0.08667403925662873,0.27539776961811835,0.22376958563435195,0.27557078944142394,13,0.312024966924807,0,0.35851942917406526,0,5.624591110096917,0.4655718127914342,2.338519196567631
600027,2018,C,制造业,1,0,21.10575638407707,12,0.11694638644622596,0.5599671294602151,0.08318464403725166,0.11394299533616371,14,0.3080535502983878,0,0.35798804169872894,0,3.1306875646242713,0.5163073798635416,1.9910672758154426
600027,2019,C,制造业,1,0,22.23810555757972,13,0.07339176661384432,0.47584603000526277,0.10950746973636215,0.15874605140884768,13,0.3092135649841513,0,0.36252222985974514,0,4.3581936237205685,0.6631107237597121,1.7018523735437916
600027,2020,C,制造业,1,0,21.311534512120105,14,-0.03776524385661439,0.5145339340346302,0.10994286796533834,0.0647722612129206,14,0.3,0,0.3644286712635771,0,3.2631718777262564,0.6077929462363356,1.6896910660612117
600027,2021,C,制造业,1,0,22.698613097117057,15,0.030741534115130684,0.43623477030142915,0.411702166589974,0.2976301027216237,15,0.30284651228912013,0,0.3442931408006593,0,4.819105391579323,0.5276088259584316,2.167353392272878
600027,2022,C,制造业,1,0,23.085746003259334,16,0.05317520459478291,0.6078185309630069,0.2872691272071754,0.17469898591864663,14,0.3357705926216203,0,0.3302114417247558,0,5.260628019210761,0.758507068642028,1.9837675963571955
600027,2023,C,制造业,1,0,23.11862885388489,17,-0.019142208317994333,0.35458580332488165,-0.17289555669998652,0.01,14,0.3,0,0.357573280795561,0,5.247461179388389,0.8773153875317579,2.1133408830514164
600028,2013,C,制造业,1,1,20.717658600394923,17,-0.040117375766236925,0.623836912464095,0.19800435072352576,0.22647665644025702,7,0.4103759076190845,0,0.4275741698740683,0,2.524979355166555,0.404552629065108,1.3865398202833907
600028,2014,C,制造业,1,1,21.105466211530985,18,0.025280926517394244,0.12946759963256266,-0.37936130874696183,0.0833628768847149,9,0.4194994198363174,0,0.4028376758546925,0,2.890578176425865,0.5013191832406256,1.7207801645370628
600028,2015,C,制造业,1,1,22.018053502219896,19,-0.021170701813810255,0.47624389353688257,-0.19255822103362108,0.2064270475397553,7,0.3682735120753468,0,0.4517054065585823,0,3.8649048431618525,0.5924592138813096,2.1407960413560767
600028,2016,C,制造业,1,1,22.932871472780473,20,0.08392353775015204,0.2976147172489825,0.2600113959907243,0.13250289802152304,9,0.4110213346128657,0,0.4367845919626506,0,4.913473394700618,0.5125403638478717,2.2820042024412603
600028,2017,C,制造业,1,1,22.368160847968927,21,0.06504129583850424,0.45882864051645084,0.05881779373559544,0.30737575830863784,8,0.43646302247904595,0,0.46782728031430076,0,4.176806618695122,0.8690852111312181,2.4637768949106387
600028,2018,C,制造业,1,1,24.236780220305505,22,0.09761927074805282,0.5776501143517501,0.13120976231053655,0.4662612125824139,8,0.42748029625664474,0,0.43893120827151527,0,6.4985965457825134,0.8448332469160676,3.175500602506536
600028,2019,C,制造业,1,1,23.114421330380125,23,0.09072277148091847,0.23815130106606977,0.2525663134207412,0.27723436880725566,9,0.39272390279786595,0,0.4240601966668751,0,4.989108721203159,1.092988122442377,2.966436336984895
600028,2020,C,制造业,1,1,22.110988334157334,24,0.09520173837900212,0.5465859101456215,0.5372810518876964,0.22519054361001872,7,0.42026248932205296,0,0.4250048494524863,0,3.7402936662176733,1.0621630387432186,2.635487872262044
600028,2021,C,制造业,1,1,22.232998243689522,25,0.05164245160983532,0.3544268806041583,0.5900638155850452,0.16487517113855577,8,0.42807678892143564,0,0.42757917458325234,0,3.8370091751049604,0.9071566164303378,2.920405725232503
600028,2022,C,制造业,1,1,22.805069155853985,26,0.03763458921838127,0.46916010931462837,0.5520431322348542,0.21482860057820338,8,0.38761210978816996,0,0.4330302367613234,0,4.4764910780542175,1.247244363876207,3.18274581014535
600028,2023,C,制造业,1,1,22.63282312789514,27,0.1753908083104136,0.3068347048864136,0.005082760821625704,0.11743360376111082,9,0.43144254627370915,0,0.4483357114108546,0,4.213177929889054,1.4206002921287677,3.321492094535459
600029,2013,C,制造业,0,0,23.057636658163794,1,0.06429281262740512,0.337592781320074,0.4236096304925599,0.32794628030817063,9,0.41274605603360853,1,0.3447589291823514,0,5.819042144014445,0.7135789495256396,2.85555992288728
600029,2014,C,制造业,0,0,22.394638448739574,2,0.09400500858508416,0.4101246318299397,0.21388614576598444,0.24987742615122766,8,0.39331742958475585,1,0.3310033081381323,0,4.964654885504047,0.8243712897743535,2.8481156953755313
600029,2015,C,制造业,0,0,22.21065787174483,3,0.05219501123821302,0.389415433335977,0.04025953257487698,0.20149107747819286,9,0.40343556076019593,1,0.3909468503586382,0,4.708976410332039,0.7872468346957737,2.9131671410536284
600029,2016,C,制造业,0,0,22.594888976505118,4,0.09340570267313944,0.4012357324739735,0.22497765747590875,0.23750634435517048,9,0.39559067473697024,1,0.3423921867513739,0,5.118499895155455,0.7022776138240545,3.272608383392166
600029,2017,C,制造业,0,0,23.613259296850554,5,0.07067989499778463,0.6894350776554091,0.2617766570711596,0.43069563144166023,8,0.41602166931627066,1,0.34986903652050694,0,6.343984860401316,0.9268506284497451,3.2075670070659914
600029,2018,C,制造业,0,0,23.060584564421305,6,0.10834028445034544,0.5370785994520185,0.01958314855382351,0.30096808676682135,9,0.3742801311568598,1,0.33496655717147267,0,5.604078460934957,0.9893110730944712,3.127502724636901
600029,2019,C,制造业,0,0,23.19015942765613,7,0.08636429765559236,0.6386920955710254,0.42639026673601976,0.2306466897797601,9,0.3940697327313811,1,0.35845990966323105,0,5.720865360565122,1.1375700316947688,3.05018412307384
600029,2020,C,制造业,0,0,23.519892109891547,8,0.007030975261722076,0.41419431177232313,0.18997339940386004,0.04785862862130055,10,0.4333868641127615,1,0.35453956258109753,0,6.103835467691345,1.1832242362685088,3.071564534805322
600029,2021,C,制造业,0,0,22.36342890644348,9,0.11757820524345973,0.5358760475434499,0.25983920695046675,0.14862704983983663,10,0.4062236501737055,1,0.3608013567571108,0,4.628827173794036,1.2032115427827075,3.26823297873981
600029,2022,C,制造业,0,0,22.631452284368933,10,0.11014404685887183,0.6255383080620625,0.17141179939327883,0.3700461757362278,9,0.4116415053732871,1,0.35272413216394227,0,4.906181979884272,1.3138911438100331,3.226345322599436
600029,2023,C,制造业,0,0,22.94791215999482,11,0.06327105375639587,0.3648670575297334,0.047827781535422956,0.23089163468091367,9,0.3866043052838316,1,0.38421274563204855,0,5.254814501940966,1.1535467265202966,3.306137983525876
600030,2013,E,建筑业,0,0,21.6340398880625,3,0.036525711299094356,0.40745704348335693,0.4189440830074975,0.20367560532170817,11,0.41338292107396785,0,0.412711969039031,0,4.083583998895126,0.54202626576413,1.6931274212155911
600030,2014,E,建筑业,0,0,22.09818030631823,4,0.03214995531768557,0.47713907921464077,0.4884963866666219,0.26899255369048064,9,0.3510864791111121,0,0.468660339329323,0,4.561206346992551,0.6465091338738435,2.083085630485526
600030,2015,E,建筑业,0,0,21.934133051487976,5,0.08008304786328549,0.3431714172091178,0.050353461965853316,0.19054038101654122,10,0.37840820632619976,0,0.4850296795932106,0,4.32568458638619,0.7851048104534206,2.392867459182604
600030,2016,E,建筑业,0,0,21.682556197452755,6,-0.0343431900431416,0.31975523027895014,0.05260787913844908,0.12872133652568557,10,0.34072074496150423,0,0.4682094791994586,0,3.9969970700983777,0.6085514418577871,2.1301467883263596
600030,2017,E,建筑业,0,0,22.949949838706615,7,0.060737591862197814,0.39775056656000873,0.32718370672345487,0.01,9,0.3771509366433687,0,0.4837279287117027,0,5.453872641826315,0.4751338791529126,2.321420689151925
600030,2018,E,建筑业,0,0,22.74643022399777,8,0.13606739920187555,0.18321688633470545,0.14447615853235563,0.3100113579790198,10,0.39868151892625453,0,0.4491548013501791,0,5.16059745575282,0.8243846955738154,2.620209556033758
600030,2019,E,建筑业,0,0,22.277211262721664,9,0.06126946366647345,0.674363166440209,0.16912082476074947,0.3579559998073666,10,0.3461136141629383,0,0.4376856864380083,0,4.558034151790889,0.5806004501427975,2.2811748947670787
600030,2020,E,建筑业,0,0,22.863579908619073,10,-0.009655008342620806,0.5441027956299114,0.2416369638577502,0.3876313997526437,11,0.381154748878183,0,0.4433347656638385,0,5.226492155261982,0.5759099687378121,2.488908478555545
600030,2021,E,建筑业,0,0,22.913111516285554,11,0.06373530983809926,0.4433950684247466,-0.33804285461009115,0.36906628648255224,11,0.3508241201777134,0,0.43921923368682236,0,5.239084343058392,0.5546194170952826,2.8213514140870144
600030,2022,E,建筑业,0,0,22.740580404016153,12,0.03594138591109187,0.45516825118619814,0.4014382024068878,0.10935969039524027,9,0.4026662297462701,0,0.4682783967969085,0,4.990147472695784,0.616347393849908,2.6413489003763453
600030,2023,E,建筑业,0,0,22.728845543754186,13,-0.039266442373195265,0.34132606780701497,-0.0430872776152012,0.16661001976477,9,0.3827515840327124,0,0.4334499852486826,0,4.927679385675325,0.9389607315254431,2.656044938924356
600031,2013,C,制造业,1,0,21.821534686286387,16,0.04336357991314563,0.4413790795963014,-0.26659537017041607,0.27977804340603785,11,0.3,0,0.6553861572513431,0,3.777357390264562,0.20893288231992124,1.2491922165742508
600031,2014,C,制造业,1,0,21.545613245700057,17,0.039055064414610846,0.7136823900793456,0.3405672029842786,0.26572194388863585,12,0.3,0,0.6413025265407659,0,3.427649422081964,0.504541945718955,1.3631716458572993
600031,2015,C,制造业,1,0,21.723574005985412,18,-0.01571806709765778,0.31738743277811277,0.5235131815111167,0.276364666217148,11,0.31504706939746885,0,0.624725938963192,0,3.582791841590998,0.31962412435818355,1.7749678718805977
600031,2016,C,制造业,1,0,21.556044109491165,19,0.07149955304141208,0.4613141235027852,-0.22221777751654379,0.12131616817685328,10,0.3,0,0.6535314175903857,0,3.3439939288200367,0.483385231709952,1.2602662416537116
600031,2017,C,制造业,1,0,22.335751064405045,20,-0.00727951982124813,0.5363179267663171,0.18646498813848156,0.1818074760429122,10,0.3,0,0.6640752588018548,0,4.198075995989661,0.5429725044777404,2.1099285002522983
600031,2018,C,制造业,1,0,21.563361288475313,21,0.03749609454626697,0.3066604846762683,-0.08843106618135665,0.13032260514384136,12,0.3,0,0.6474284976891546,0,3.2656315617197764,0.374967778791642,2.1486783436370636
600031,2019,C,制造业,1,0,21.766976207515082,22,0.05335420349787701,0.22231411026921327,0.5715746439887655,0.35886744729208603,12,0.3,0,0.604205416324892,0,3.467970498707461,0.700703712548167,2.0660838521001237
600031,2020,C,制造业,1,0,22.387428743339957,23,0.1212501668086039,0.42169581527706734,-0.21286136827433544,0.01,12,0.3,0,0.6464768991122514,0,4.133166204495007,0.40824081104925125,2.152147388708924
600031,2021,C,制造业,1,0,23.606890957624877,24,-0.06074384719757227,0.4296598335656936,0.01020095772680761,0.24006019637462847,12,0.31304859847877603,0,0.6333521746757609,0,5.608034374606062,0.5750850347026171,2.3920119601055356
600031,2022,C,制造业,1,0,22.87104958936881,25,0.07838330116482653,0.678494855287118,0.2557572463535296,0.03716621516867616,10,0.3,0,0.6207895075009449,0,4.629055778194675,0.38781793336480924,2.4041922208580937
600031,2023,C,制造业,1,0,23.463255776649756,26,0.10967702348859074,0.48112865406898897,0.3777849652329783,0.12811740396171678,10,0.30433011209902094,0,0.6648669901856007,0,5.340358214312986,0.5830129921954775,2.5797547631764077
600032,2013,G,交通运输、仓储和邮政业,0,0,23.108016007938495,5,0.06940644220085815,0.1290945567443521,0.4263493800096058,0.15794904956869804,9,0.3,0,0.33520294986723426,0,5.706085883308332,0.9748569098741888,3.2806155578930305
600032,2014,G,交通运输、仓储和邮政业,0,0,22.329655719751972,6,-0.016519869691936383,0.3537401634843094,-0.4562449680820486,0.23340781642240868,10,0.3,0,0.31362880311016,0,4.7254015746577185,0.6768051180236448,2.5565549020282363
600032,2015,G,交通运输、仓储和邮政业,0,0,22.35895379794468,7,0.07318604280146142,0.21030148583732297,-0.2661038154590749,0.30008072734347124,9,0.3097367389768689,0,0.31995354667267023,0,4.727471971261859,0.6860764374514037,2.823236331224617
600032,2016,G,交通运输、仓储和邮政业,0,0,22.311526587264062,8,0.019861040528220145,0.48689188758965196,0.13133492886550893,0.01,9,0.3,0,0.2986560071088749,0,4.62253979908066,0.8832898172253846,2.867445653099194
600032,2017,G,交通运输、仓储和邮政业,0,0,22.18539306779978,9,0.09993326691039428,0.41890855529169946,-0.053843999081717664,0.23952174367135293,10,0.32348166491806746,0,0.3145130446389723,0,4.42322192794361,1.1861573741738658,2.957685540369502
600032,2018,G,交通运输、仓储和邮政业,0,0,22.401014038903305,10,0.09782951505975501,0.52547298321421,0.4394804999221876,0.11241256357307124,10,0.3,0,0.3279002508698341,0,4.641777907106282,1.2970312116784513,3.152090460333105
600032,2019,G,交通运输、仓储和邮政业,0,0,22.74766791606149,11,0.15076789033564866,0.4191929568910302,-0.2548402404320801,0.23388194889242991,11,0.3178603287504406,0,0.3075935981222868,0,5.0103143226140086,1.214062379655978,3.048328409972818
600032,2020,G,交通运输、仓储和邮政业,0,0,23.104698961721652,12,0.06572989395820139,0.6108824982334451,0.31022620021508496,0.09252116936126713,9,0.30222891598971613,0,0.32952736049460934,0,5.419753242929838,1.142717162322318,3.1231920680019445
600032,2021,G,交通运输、仓储和邮政业,0,0,23.325107081149255,13,0.04377418872187516,0.4997994392693144,0.11513737463141924,0.30915876761173283,10,0.3059504773502421,0,0.32170320664722135,0,5.642190401006681,1.3554931894210918,3.3980510189817803
600032,2022,G,交通运输、仓储和邮政业,0,0,23.60634155805654,14,0.10565152661094528,0.41765691347261796,-0.10979545745019698,0.34985556826876013,11,0.3,0,0.35354971866893664,0,5.9579818635150055,1.0868835906226417,3.73249528042096
600032,2023,G,交通运输、仓储和邮政业,0,0,23.07912174182838,15,0.11930051775321646,0.2117561790962736,0.21262142024035574,0.2245507210881299,9,0.3,0,0.2945537898766899,0,5.249718080596885,1.2497376806185043,3.277367209628399
600033,2013,G,交通运输、仓储和邮政业,1,0,22.64377158121528,4,0.05265489224273038,0.46995985367854126,0.25212021609600505,0.30233178622106477,10,0.3193813806726644,0,0.34117148410680337,0,5.19214436995561,0.8643807840110452,2.7317357094278165
600033,2014,G,交通运输、仓储和邮政业,1,0,22.406193218722343,5,-0.0335734594859184,0.5211176852415993,0.14560364610908186,0.3687832180737939,11,0.3066752151371105,0,0.3520403371538001,0,4.855193369891688,1.1013292761820888,2.880528621404157
600033,2015,G,交通运输、仓储和邮政业,1,0,23.665459926076526,6,-0.025385889541845133,0.353374115429716,0.15975869938455659,0.012383467511967117,10,0.3,0,0.35580472681715547,0,6.371429889992968,1.2199761615645552,3.2254025935084067
600033,2016,G,交通运输、仓储和邮政业,1,0,22.091571308517825,7,-0.018614808082366464,0.46427420590001706,0.3327659981171658,0.18649480003984753,11,0.3049061402542989,0,0.3287480306448097,0,4.388705566682667,0.8029469030246252,3.3736423057599745
600033,2017,G,交通运输、仓储和邮政业,1,0,22.683141891103094,8,0.15796091757196665,0.28609271102061196,-0.021413374843201327,0.3723899383698696,10,0.3,0,0.3351773545744701,0,5.038973070983198,1.025095628532209,3.946859166388185
600033,2018,G,交通运输、仓储和邮政业,1,0,23.079225438791468,9,0.11085905602466747,0.3811964572419484,0.004122942593957457,0.29806775828057097,9,0.30024072725475714,0,0.37947981733949954,0,5.488484890748525,1.080236888772874,3.646056264502272
600033,2019,G,交通运输、仓储和邮政业,1,0,24.445543599911677,10,-0.014173157634177147,0.3854476646869932,-0.035921023322389806,0.36090375570791405,9,0.30255465999065245,0,0.37277360799466885,0,7.218453599087392,1.5142288426593182,3.9766940728731086
600033,2020,G,交通运输、仓储和邮政业,1,0,23.98179126870578,11,0.02609519173343324,0.49001994249638997,0.19554297539498364,0.24161839936581467,9,0.3,0,0.35797607556931793,0,6.5544179951374115,1.5432707955512026,4.109073483852974
600033,2021,G,交通运输、仓储和邮政业,1,0,23.77129017326852,12,0.0905668542667652,0.4519271046245826,-0.18460888373370654,0.30641624042118265,9,0.3,0,0.39191627881823987,0,6.233759341606164,1.4791321844663878,4.1772160100585785
600033,2022,G,交通运输、仓储和邮政业,1,0,23.698360091227993,13,0.027627307671926934,0.4385178037247175,0.056154624619213916,0.12560894122320815,9,0.3,0,0.36377872980283205,0,6.100989724689907,1.303665712910088,3.957100430894679
600033,2023,G,交通运输、仓储和邮政业,1,0,23.98987976052865,14,0.12489700033199436,0.47794723878765866,-0.013134762522876153,0.22713216331250802,10,0.3406677181526991,0,0.378053875413246,0,6.430806933741146,1.4978947074799913,4.13518619084726
600034,2013,D,电力、热力、燃气及水生产和供应业,1,0,22.458883199649325,9,0.04392303508701664,0.7976194388107066,0.343157664677357,0.25647113454503473,12,0.3889097274274397,0,0.13974941470160757,0,4.774518018794401,0.5062392625079023,2.441727975035693
600034,2014,D,电力、热力、燃气及水生产和供应业,1,0,23.38904839474124,10,0.1056821406326745,0.7809376605563474,0.48745466249154723,0.15236737276959028,14,0.42633718040927104,0,0.15329417252862648,0,5.889960413546652,0.39983185416842915,2.3660692003660695
600034,2015,D,电力、热力、燃气及水生产和供应业,1,0,22.683565074933455,11,-0.04874610603274609,0.5129581199617487,-0.05187662198983459,0.11194418002677595,13,0.441469867479903,0,0.14474423185964397,0,4.953123425134402,0.8826873485999656,2.7979750313008327
600034,2016,D,电力、热力、燃气及水生产和供应业,1,0,22.536958796914156,12,0.12209770158706659,0.504580425906604,0.043970294875349925,0.01,12,0.4065956275192905,0,0.15666360695044987,0,4.731909442392846,0.6055292952969054,2.6332958140054825
600034,2017,D,电力、热力、燃气及水生产和供应业,1,0,22.21280583233319,13,0.06516696256958593,0.2764134886119,0.4137352566490584,0.1907797376598924,13,0.3832370165558378,0,0.16799347045949592,0,4.2980946837488805,0.9775169897076625,3.025134980527878
600034,2018,D,电力、热力、燃气及水生产和供应业,1,0,21.857666390788147,14,0.08652840283687822,0.5773799449310804,0.5558854357916663,0.2997426484953498,13,0.4057624240774229,0,0.1773839988991948,0,3.844134763773058,1.3797888705765389,3.057580301970597
600034,2019,D,电力、热力、燃气及水生产和供应业,1,0,24.04902132787636,15,-0.03042519266835883,0.5731051843118043,0.6027064872286005,0.3831361314644357,13,0.4158854220877584,0,0.18056628708039552,0,6.503159458297685,1.2997760694305087,3.18738089118688
600034,2020,D,电力、热力、燃气及水生产和供应业,1,0,23.441714093981005,16,0.08164526205903226,0.6310773468153205,0.28555532290508573,0.3503773184505529,13,0.448548842559458,0,0.16550253818542954,0,5.670915455617638,1.17517382641178,3.2897539186082767
600034,2021,D,电力、热力、燃气及水生产和供应业,1,0,24.15132581920328,17,0.11701118232474862,0.4084128689351709,0.5113587899233987,0.4381977007370442,13,0.41965262188601715,0,0.14067557024748462,0,6.542704053946347,1.3959088078082744,3.9935600176174946
600034,2022,D,电力、热力、燃气及水生产和供应业,1,0,23.704983134681267,18,0.06503972737890021,0.6883211898891766,0.3766087203130314,0.43280633619134157,12,0.43281963994542144,0,0.13744256649128062,0,5.918013614552054,1.2640601811502024,3.7801947878080817
600034,2023,D,电力、热力、燃气及水生产和供应业,1,0,24.20964638893806,19,0.09249480359237339,0.38185123394108145,0.0770938554985707,0.22004663417513975,13,0.38463897767187577,0,0.16985901698375205,0,6.5287129048616235,1.4163558024798073,4.00643080891886
600035,2013,E,建筑业,0,0,22.66707902574487,2,-0.01337797561100433,0.5814526498238461,0.05631568339874271,0.15413028548983518,13,0.3916399630531897,0,0.4834209864942267,0,5.303742594081565,0.8223482318590114,2.460226336347536
600035,2014,E,建筑业,0,0,21.06498796300336,3,0.01205274046417995,0.6406697748682761,0.045899441552232204,0.2582482728794838,15,0.40642694071659613,0,0.4358867671397268,0,3.4231747220112285,0.7898615195748189,2.3654212454245718
600035,2015,E,建筑业,0,0,22.089841267654588,4,0.05959435212990366,0.5689547571786971,0.06564977177915553,0.058669075722809244,14,0.3750714742449558,0,0.488321220317333,0,4.527131459698353,0.9608754559270718,2.5007936829276467
600035,2016,E,建筑业,0,0,22.158124622496562,5,0.07031837882356587,0.09429969810703509,0.05762179414586402,0.24070244836359705,13,0.3691008753429696,0,0.49970751926781276,0,4.567840981184396,0.9835103656212187,2.528158766828538
600035,2017,E,建筑业,0,0,22.310456005932117,6,0.037692485747282775,0.18180305041328765,0.23974340236618993,0.11973579082801264,14,0.3817814088321368,0,0.4874592496363451,0,4.703995035952059,0.7469965806912854,2.89792919056836
600035,2018,E,建筑业,0,0,23.154770707248435,7,0.05975858542858511,0.5242625589494135,-0.3929525669910398,0.10815091671440923,13,0.4013271801079636,0,0.48486913942187504,0,5.6948678593193796,0.6257105642750586,3.0710020157673448
600035,2019,E,建筑业,0,0,24.310039137436654,8,-0.004165173569466121,0.24753321592057193,0.10464841830720883,0.01,13,0.37614706981648094,0,0.5131913998902752,0,7.161051726058362,0.48671514628679463,3.1963076810089897
600035,2020,E,建筑业,0,0,22.286735928609737,9,0.03633483072681322,0.12097200797352192,0.02872220925000543,0.3039928935521994,14,0.3973440042334915,0,0.49246675520329825,0,4.5488971164411796,0.8256114194418912,3.132987594469385
600035,2021,E,建筑业,0,0,23.54139442382823,10,0.08261119169112728,0.3558158109712331,0.06668087157072104,0.16554812906823657,13,0.380990272372039,0,0.48640104394693345,0,6.054331912851222,1.1161154482411084,3.2749620513808537
600035,2022,E,建筑业,0,0,23.09717823850937,11,0.10215114156529867,0.28654401525988893,0.20977525083927137,0.42437676756430465,14,0.359829140589839,0,0.4506689761363771,0,5.457643172832873,1.170996000325629,2.9950557619056726
600035,2023,E,建筑业,0,0,22.969985412894108,12,0.06949344348214043,0.4135715871606086,-0.10723471346256844,0.08725627243411262,13,0.40902994985104607,0,0.46401576954020735,0,5.256821602798113,0.8779083832245145,3.026304270346567
600036,2013,D,电力、热力、燃气及水生产和供应业,1,0,22.855871810425448,15,0.05669551674356202,0.43336397884465777,0.21142321008210113,0.31856204945498323,13,0.3481171250429003,0,0.30865396412961127,0,5.0199268545209,0.5555132459910298,2.4086713854689727
600036,2014,D,电力、热力、燃气及水生产和供应业,1,0,22.947459218620157,16,0.024976778071094604,0.8160556043842168,-0.1016775971321355,0.3002662298411365,14,0.3472129034168151,0,0.32227355458193957,0,5.089371884805988,0.8946702840166649,2.465136168529164
600036,2015,D,电力、热力、燃气及水生产和供应业,1,0,23.330998079331653,17,0.09683080226267685,0.5214079668903615,0.32260775225576627,0.14141664712207702,15,0.32539742988875364,0,0.31284878646846775,0,5.520214911205562,0.8836128081986144,2.9835758402426507
600036,2016,D,电力、热力、燃气及水生产和供应业,1,0,22.257167266555623,18,0.07220407509275667,0.47155584267076445,0.29739962972638984,0.21018719120315302,15,0.3,0,0.3288893534683241,0,4.164835250317688,0.6331050925613799,2.554845648465359
600036,2017,D,电力、热力、燃气及水生产和供应业,1,0,22.423723645072815,19,0.05261023038357097,0.47889337183647634,0.11431738559514384,0.2702100173278014,14,0.3001687283249951,0,0.33753888575008,0,4.325637398277923,0.6953168881044828,2.591520132292035
600036,2018,D,电力、热力、燃气及水生产和供应业,1,0,22.913051560964806,20,0.05367587191470063,0.44294264699715097,-0.13586493896944835,0.1776157320963434,14,0.3131778251206093,0,0.3550527839819137,0,4.874310180804348,0.7581325186139903,3.0128223352487735
600036,2019,D,电力、热力、燃气及水生产和供应业,1,0,23.56209473792494,21,0.020562677446319413,0.19703013248283388,-0.11875188995066749,0.24083129569915296,14,0.3,0,0.34135102446915,0,5.647699275619936,1.0357569881293778,3.094479630635319
600036,2020,D,电力、热力、燃气及水生产和供应业,1,0,23.185181862914632,22,-0.020429071928749286,0.4155122986763594,-0.4280981809423827,0.34379206643232774,14,0.31536734265611377,0,0.3271368070924517,0,5.130953821724612,0.6250103415741528,3.034209558366177
600036,2021,D,电力、热力、燃气及水生产和供应业,1,0,22.47002764303679,23,-0.013689975256823694,0.3366288582202433,0.26285191760230825,0.22958332303543216,14,0.32432226651323665,0,0.32238090877844944,0,4.213889673613438,0.7800620843187621,2.7592050290825845
600036,2022,D,电力、热力、燃气及水生产和供应业,1,0,22.840967694495493,24,0.06802565017852547,0.4052053029316581,0.15732223869450881,0.14294011998562922,15,0.3071359341800072,0,0.3440597964717378,0,4.627833729972311,0.7430599738981881,2.7816588303511414
600036,2023,D,电力、热力、燃气及水生产和供应业,1,0,24.079063386067737,25,0.06859198096264846,0.6586268210660693,0.25329699380332554,0.13001109079325318,15,0.32647408106502973,0,0.33711064003108976,0,6.152442932637951,0.7985753917268752,3.0244888333393765
600037,2013,C,制造业,0,0,22.012828050518795,3,0.0686326089253583,0.5228782673113902,-0.0035001599342715933,0.3031533569141104,7,0.31808080136886585,0,0.5430392262223238,0,4.499111174668388,0.7937404849815552,2.157921911949808
600037,2014,C,制造业,0,0,22.09781112640716,4,-0.004360530038766956,0.500117014312467,-0.1709413577658306,0.26698517528036514,8,0.33401743173892967,0,0.49951980097586485,0,4.545942184574184,0.4992156468356893,2.5526821845892127
600037,2015,C,制造业,0,0,22.86639065443321,5,-0.04842123933897744,0.4307284261337205,0.09763351678734553,0.01,6,0.3206190280724497,0,0.5193225486719937,0,5.433433480577935,0.5005633876181796,2.423970293300823
600037,2016,C,制造业,0,0,21.808039957391635,6,0.022283085867055137,0.32361590971901605,0.06093712410451811,0.2147958267008505,7,0.3228201125756311,0,0.5384418624238919,0,4.12110272565632,0.6447628054213609,2.203059919857519
600037,2017,C,制造业,0,0,21.718171414311207,7,-0.043636134064955194,0.2942175070724107,-0.12228557529788656,0.2844323991544599,6,0.32022700630666706,0,0.48850138778107965,0,3.9879466874554317,0.553858131126878,2.2944252316397376
600037,2018,C,制造业,0,0,23.51783207303518,8,-0.03857185174537915,0.03,0.5513619663744739,0.16990129213159427,8,0.33334854325968577,0,0.5085676885717156,0,6.095359263787274,1.1351758599080337,3.6362636651658127
600037,2019,C,制造业,0,0,23.137938838836334,9,0.09743153759673914,0.5753915264681077,0.23289811237539937,0.027322159763509574,8,0.3483889298633958,0,0.46270824797226523,0,5.577123895001123,1.1762173388948143,3.123266949764467
600037,2020,C,制造业,0,0,24.1339834841101,10,0.10862151528738259,0.15946611492256602,0.3470207947550893,0.4058601887594011,8,0.3388317817922437,0,0.5444349097179183,0,6.823078954655071,1.3936548084582547,3.5445388474656263
600037,2021,C,制造业,0,0,22.888660788452285,11,0.050509635838309495,0.5881646786257966,0.025792062823665196,0.11671243337522101,8,0.31173027272328474,0,0.5199940840393982,0,5.185593470636599,0.9873835051385551,2.948866601547784
600037,2022,C,制造业,0,0,23.727344192630984,12,0.042774196266888054,0.33741622538306615,0.11123052506677059,0.31748646317976814,7,0.32724013856757833,0,0.5005250473054873,0,6.198765919026355,1.263552223308868,3.7823226292034757
600037,2023,C,制造业,0,0,23.882165700921533,13,0.024553442472326638,0.36472495288764584,0.5856825613968794,0.3631777669388029,6,0.31162466496278407,0,0.5153067620988064,0,6.360890653918247,1.374527361412485,3.461940587412698
600038,2013,E,建筑业,1,0,21.521702115351832,12,-0.005343204981591958,0.42691225307102004,0.20318308960669984,0.08766220110013029,7,0.32758535885271267,1,0.4933345372247962,0,3.5850552165441965,0.6408038273049755,1.8056834289175714
600038,2014,E,建筑业,1,0,21.78186088594546,13,0.05484957673281621,0.6811442211985217,0.2591029748800573,0.13361701852685556,7,0.3350616767959971,1,0.5060867606542395,0,3.840162584241383,0.5846040042794213,1.8788620845206851
600038,2015,E,建筑业,1,0,21.908697724258193,14,0.11736540511098108,0.5996995043396323,0.15984361316999618,0.27533134962378386,7,0.3372907866500085,1,0.4993850360226733,0,3.9559869487493793,0.17056429919247687,1.894568290698463
600038,2016,E,建筑业,1,0,22.750656843646556,15,0.04567272634022177,0.4417808044789631,0.2637078967364112,0.01,6,0.3249448630232215,1,0.4991230189227798,0,4.8913405489066415,0.4567733414700205,2.0001614434020776
600038,2017,E,建筑业,1,0,22.48982651361431,16,-0.007608225302273966,0.5024516232856651,0.005742785355206337,0.15541058991119608,7,0.3567823577012549,1,0.47645227292054065,0,4.535483567679906,0.4272141808368244,2.0036886255104793
600038,2018,E,建筑业,1,0,21.28488476122456,17,0.11551552902277247,0.16087304864980323,-0.08499232071954817,0.10201474168708974,8,0.3558737572793486,1,0.4426414756638071,0,3.117590578457236,0.39984614507861505,2.042581498417219
600038,2019,E,建筑业,1,0,22.712414120179027,18,0.0009368004620926851,0.5039013330445917,-0.0002947783728373815,0.33088708285933255,8,0.34915030274497816,1,0.4717470796704388,0,4.720888887017077,0.6057157964298514,2.2033989919749946
600038,2020,E,建筑业,1,0,23.25860483071966,19,0.028212588032224293,0.5601384974921133,-0.1360075101063417,0.15926636288684012,7,0.3362430644848843,1,0.4077810816562545,0,5.352901193919933,0.8577333989441508,2.4415426142262024
600038,2021,E,建筑业,1,0,23.454120876628682,20,0.08624834783907537,0.4347024115932285,0.008001407074911593,0.12804519231707825,7,0.33795027959473434,1,0.4456962574050851,0,5.5587303336952925,1.0573588563867986,2.777611660816932
600038,2022,E,建筑业,1,0,23.12617346165684,21,0.07297513467972559,0.5112693049077651,-0.01661593859030111,0.2919948825487966,7,0.31254021728117365,1,0.47485340185675096,0,5.113004312263314,0.8061734450148388,2.18185541534356
600038,2023,E,建筑业,1,0,23.533836184558346,22,0.027774824378393417,0.3197038271278182,0.2933268067615751,0.27032392246027215,7,0.3677251384094957,1,0.47652011383038645,0,5.5880040955910575,0.9017807455491611,2.5267970984578096
600039,2013,I,信息传输、软件和信息技术服务业,0,1,22.397297960660058,2,0.09860522794731834,0.1299416044219207,0.0826323154726115,0.08143852914714476,12,0.37564628175577536,1,0.507030438011939,0,4.95977852944054,1.1187188109710329,3.1660440139539228
600039,2014,I,信息传输、软件和信息技术服务业,0,1,22.351346102263122,3,0.039232095166710154,0.4340186900545796,0.3521935407123856,0.13169406901017056,11,0.38344679438526497,1,0.4357740431238673,0,4.857716083696291,0.9197226351060996,2.8723491278374107
600039,2015,I,信息传输、软件和信息技术服务业,0,1,21.713788606423282,4,0.06260997230348635,0.7375671405248642,0.05788946931836342,0.34562744983782134,11,0.39317407762394757,1,0.4732640570934754,0,4.070717762044978,0.9688226295188128,3.3878992740319145
600039,2016,I,信息传输、软件和信息技术服务业,0,1,21.827471995433317,5,0.15368444109913992,0.49194513894365466,0.25763457282324875,0.24614237100669797,11,0.3946867001331322,1,0.4388296314956639,0,4.14996858009152,1.3180721823663955,3.5377986556010144
600039,2017,I,信息传输、软件和信息技术服务业,0,1,22.490805088426402,6,0.12247566447113516,0.4770428474934561,0.5309534816248344,0.08498472001418175,10,0.4116651506406216,1,0.45380019481252426,0,4.893647872266084,1.0319012236763496,3.2197007278297924
600039,2018,I,信息传输、软件和信息技术服务业,0,1,24.250646168797324,7,0.07900721760381704,0.5618318804167488,0.25571770651568027,0.2928216358506297,11,0.4028954618420527,1,0.4571521271354723,0,7.083498445803538,1.152936452032338,4.109328728655616
600039,2019,I,信息传输、软件和信息技术服务业,0,1,21.62819954539912,8,0.12357691210271998,0.37656098773455454,0.2651596651385752,0.14920132525461227,10,0.3756301186008837,1,0.46252884543828415,0,3.799936439970646,1.3246190056561873,3.448293926080259
600039,2020,I,信息传输、软件和信息技术服务业,0,1,22.82381867986423,9,0.09613870848828011,0.45693647336633475,0.4898785018900024,0.38390495001578107,11,0.3825109583308701,1,0.4474914972505378,0,5.163288789619721,1.3795175556114594,3.423651871115839
600039,2021,I,信息传输、软件和信息技术服务业,0,1,23.35254690189391,10,0.06642029388099449,0.46498679318529457,0.2529010024471582,0.18681011216688326,12,0.4139600518546551,1,0.49665991185065556,0,5.7925009767786095,1.0956759765782256,3.443105739039211
600039,2022,I,信息传输、软件和信息技术服务业,0,1,23.429975081674556,11,0.09369495171958543,0.4505388226611092,0.08969209489199145,0.3313913629159827,11,0.39501005410549256,1,0.478074297286764,0,5.846749126218156,1.1906407579502594,3.762876746257083
600039,2023,I,信息传输、软件和信息技术服务业,0,1,23.260632771202822,12,0.0383144013432138,0.26942003743937537,0.4218252821362588,0.0828715000598835,12,0.409086074003553,1,0.454762053986023,0,5.577078808774613,1.4149252316316603,3.851993370748327
600040,2013,G,交通运输、仓储和邮政业,1,0,22.86240523382386,0,0.053748613299970216,0.5273250408671665,0.20351537163533756,0.17670236643017276,12,0.3884938422120888,1,0.24086422050491918,0,5.621074011299986,0.6604754231730817,2.6279126966459065
600040,2014,G,交通运输、仓储和邮政业,1,0,22.78549689297319,1,0.07109270852599131,0.21687089668205678,0.22003881807100695,0.06881364768771629,12,0.35646362028863465,1,0.21671192716667753,0,5.477888372363534,1.0690493140934463,2.832834478247491
600040,2015,G,交通运输、仓储和邮政业,1,0,22.604656406556305,2,0.006528319192893567,0.41460617848583636,-0.2788224756267136,0.18815150606921313,12,0.4164455445024478,1,0.24631303059136198,0,5.20122565097282,0.9534378256849105,3.24902886619507
600040,2016,G,交通运输、仓储和邮政业,1,0,23.066764539374837,3,0.08852288425619172,0.24408416262410584,-0.2345865480433697,0.07744402195919789,13,0.3608403925726068,1,0.25087655422902577,0,5.732691532480385,1.3836060200520415,2.9253711021113413
600040,2017,G,交通运输、仓储和邮政业,1,0,23.041711224421725,4,0.06075762208947791,0.46350231447987433,-0.2756986804837022,0.19625459300353434,12,0.3715362295784209,1,0.27420052876860973,0,5.6330702861236945,1.3998177024989802,3.4927885715206837
600040,2018,G,交通运输、仓储和邮政业,1,0,23.16049691950913,5,0.1425069986355696,0.3576724913447113,0.2199857081779643,0.14222525817691067,12,0.3639371201728281,1,0.2511654282302099,0,5.758746976087521,1.2653267760372509,3.7201241861010805
600040,2019,G,交通运输、仓储和邮政业,1,0,24.40822505625558,6,0.10261072879402819,0.4150042559186335,0.03357705937113614,0.18846579287155113,14,0.37633713662196516,1,0.24751772078740328,0,7.335860303076332,1.314665941800439,4.069904145805232
600040,2020,G,交通运输、仓储和邮政业,1,0,23.476394814491893,7,0.052086488851448016,0.47961905242704095,0.48036261325260876,0.2542087644485012,12,0.36342940404145657,1,0.2958712146791853,0,6.071395082115114,1.10953232568626,3.8506773836572266
600040,2021,G,交通运输、仓储和邮政业,1,0,23.813746372137484,8,0.048777225999239886,0.5592655966553245,-0.11420457662245645,0.22897634827517988,13,0.37140601240740856,1,0.22088991457251794,0,6.454903798539751,1.3174201965244965,3.9945014452747554
600040,2022,G,交通运输、仓储和邮政业,1,0,24.20538371429595,9,-0.01151122518643291,0.4228357561112274,0.3726728624416269,0.08052943815404684,13,0.3653073619401612,1,0.2671899853639904,0,6.936827124746314,1.2631219628034107,3.7606644177276296
600040,2023,G,交通运输、仓储和邮政业,1,0,23.24436904550028,10,0.05280255202872712,0.40237993638270486,0.38002693608838295,0.1971174860826236,12,0.4040841974163124,1,0.2590911840153357,0,5.632070291385956,1.466445519497403,4.329923215353551
600041,2013,C,制造业,0,1,22.65672792944449,2,0.045971756644010514,0.23776186074056574,-0.04341054713571493,0.06836493732090453,13,0.3427893181514709,0,0.2553918892544447,0,5.303212570212395,0.375992440570476,2.3468028169422435
600041,2014,C,制造业,0,1,21.998146737398475,3,0.09352817243000663,0.4865397413019579,0.18961011656174692,0.07634766908998827,13,0.36973627492176364,0,0.24014492203366877,0,4.478688984340162,0.7095984752827159,2.2485570239490027
600041,2015,C,制造业,0,1,21.803316807046116,4,0.0707789180787883,0.2509585659786777,-0.2891106176801889,0.2176484050859438,12,0.33404586165058664,0,0.2507761080733075,0,4.216273860214506,0.4672463722585666,2.3456467900518843
600041,2016,C,制造业,0,1,21.638864023074397,5,0.06448380156805944,0.404703718050983,0.40855382376123595,0.2859507401552948,13,0.3473396844849472,0,0.271390707198571,0,3.982847920871694,0.4229255783619752,2.3687608176368062
600041,2017,C,制造业,0,1,21.279834076819906,6,0.027029967409073853,0.6426488993244,0.013877372407200328,0.11163213901919604,12,0.3545067531714467,0,0.25417471640141104,0,3.558236769944124,0.28262111246895855,1.8238104880523949
600041,2018,C,制造业,0,1,22.0637090867276,7,0.12813281119758413,0.5712672034809017,0.11642420352395194,0.28414785885154203,12,0.39405707359990777,0,0.2552788970587227,0,4.39120556968481,0.5148255065153012,2.5921507938890507
600041,2019,C,制造业,0,1,22.608713081971473,8,0.07904554637127129,0.6158481487735323,-0.20169871912909978,0.01,12,0.371779753617136,0,0.24694972613552546,0,4.998080889593139,0.6756853716753816,2.3425489756013036
600041,2020,C,制造业,0,1,22.487014457515617,9,-0.0010658901512934013,0.3567006118274504,0.05855434403084703,0.16517600718517012,11,0.32497027049468363,0,0.27557343390417227,0,4.799610120862876,0.8523255272287811,2.535136785667187
600041,2021,C,制造业,0,1,22.110080155600375,10,-0.010851734618452187,0.572790475367419,0.03603119866158408,0.18643626671889643,11,0.3803265306346568,0,0.21775687049768833,0,4.31256730818924,0.9152785180149916,2.540405501148041
600041,2022,C,制造业,0,1,23.238131373749738,11,0.06930117822305895,0.33496246921675216,0.7625521455010328,0.4139438803827523,13,0.3543028126149792,0,0.22651485440770305,0,5.6429795621478975,0.8569225899283671,2.938433578416415
600041,2023,C,制造业,0,1,21.72497958711063,12,0.05702285399525593,0.2980592994615947,0.38311459683948623,0.11504838205546887,13,0.3747452686372138,0,0.26453396787851025,0,3.797830933667953,0.6428465200022427,2.25023981981372
600042,2013,C,制造业,0,0,20.430036688875624,9,0.016093977807528297,0.6911135383084082,0.3946775265602752,0.33532549342595275,8,0.38168100230929003,0,0.4847346218109221,0,2.5858622321647036,0.05,0.38304052168592934
600042,2014,C,制造业,0,0,21.795736154897927,10,0.04291694525482023,0.49183283430879926,0.03045357817363674,0.3426211634936699,8,0.4094524922780066,0,0.43627615621774907,0,4.015427358222049,0.05,0.7902447644273689
600042,2015,C,制造业,0,0,22.215177856535696,11,0.0017670171627674168,0.5724090946108424,0.24099481146272989,0.16558141677437252,9,0.3599827642764609,0,0.44287370402324144,0,4.472418272936833,0.05,0.3259112140092973
600042,2016,C,制造业,0,0,20.801536641078016,12,0.07699769684861606,0.24465061949094263,-0.4402426409375455,0.12457006763059136,10,0.32818353265616346,0,0.4540187373333035,0,2.85552322615643,0.05,0.2248875976677957
600042,2017,C,制造业,0,0,21.287158872286355,13,0.09646412400130752,0.6555890637177423,-0.13431614827989674,0.13705153312372115,9,0.3593296357823775,0,0.43707142067588434,0,3.3245348452101005,0.05,0.6270190698014115
600042,2018,C,制造业,0,0,21.697420940082587,14,-0.03160210672365293,0.5027206332387054,0.15517150621009368,0.3405885583391054,8,0.38314204370356536,0,0.45485236918377936,0,3.736000131752739,0.05,0.8756335241690584
600042,2019,C,制造业,0,0,21.588121938544653,15,-0.0531783613077616,0.6064493252070932,0.29355531749195507,0.07028256511406707,9,0.3773139930429539,0,0.4724714860197593,0,3.5714856608422383,0.05,0.34063020133520444
600042,2020,C,制造业,0,0,22.292831399421356,16,-0.018913591610153616,0.47684438342890556,0.1750732388861398,0.13207614222530253,10,0.3924621775050532,0,0.44197621557518285,0,4.329780361277203,0.10133573330854201,1.1770189545315253
600042,2021,C,制造业,0,0,22.188500110894456,17,0.03125416222423981,0.32746675588475993,-0.035427974924633635,0.19727418682598705,8,0.38316971018628443,0,0.4505059979460728,0,4.175661635797032,0.05,1.3465820561167277
600042,2022,C,制造业,0,0,21.071376811696336,18,-0.05200450476858496,0.502769018344187,-0.0019159577399836536,0.2530980478590448,9,0.36567601580085685,0,0.4573454432973055,0,2.8770079682250427,0.156463229336114,0.913508898235928
600042,2023,C,制造业,0,0,21.56680966696111,19,-0.014466782770260395,0.3316313709770805,-0.159934039489302,0.2625429540265426,8,0.3690420760100365,0,0.472106060885628,0,3.375384160276682,0.3601216985135315,0.8765939212781932
600043,2013,C,制造业,0,0,23.279834786278226,3,0.07305517396127727,0.20848972462205398,0.07361961565378558,0.15170194246221416,6,0.3108232926748436,0,0.386305492128129,1,6.027283176433574,0.7666222584895701,2.752590247178076
600043,2014,C,制造业,0,0,22.822325938370643,4,0.053212090117617794,0.04939992197045934,0.15896838250466577,0.538065483943132,7,0.3,0,0.37354816523805034,1,5.416285371345872,0.623395832432673,2.482008213932067
600043,2015,C,制造业,0,0,23.820604331327385,5,0.1031288796900926,0.7153148470628508,0.32566787143385584,0.10244903795574214,8,0.3,0,0.3780032425257331,1,6.63068993118073,0.5524038979520496,3.1926757495203706
600043,2016,C,制造业,0,0,22.62713655960975,6,0.030332328127031204,0.4057953379632484,0.20589754253895273,0.16799973505478674,6,0.3,0,0.3986224743796191,1,5.076751399523391,0.8378458260054809,2.789913578570767
600043,2017,C,制造业,0,0,22.49894928007265,7,0.06093242276745093,0.2833482176344331,0.09954792523199339,0.3032672514248284,6,0.3026849769888368,0,0.4033511130006061,1,4.866360664546006,1.1139298229895498,3.082910287294216
600043,2018,C,制造业,0,0,22.770954814487215,8,0.024837459465129393,0.3172158288198914,0.24645976717236065,0.3572032113180896,6,0.31694508666288773,0,0.3404922324241615,1,5.157755562738211,1.0749241761961765,3.2004019434936732
600043,2019,C,制造业,0,0,23.61116075442557,9,0.06769953389381606,0.49288655780435775,-0.09956099947521935,0.25095660105024326,7,0.30512503090355586,0,0.3800616652673941,1,6.161476013593831,1.343049255721493,3.264620843367192
600043,2020,C,制造业,0,0,23.814283216255376,10,0.02857843168044171,0.18453045534083962,0.3692472575928988,0.32309478935714364,6,0.3,0,0.39211166762147887,1,6.375092139821365,1.385471512581236,3.8569683029015907
600043,2021,C,制造业,0,0,24.809973340343806,11,0.07065349432400335,0.6580503640396842,0.21729589391271967,0.1411812589607187,8,0.3,0,0.4088912860713675,1,7.681813156056159,1.6886248178452505,4.057018391777496
600043,2022,C,制造业,0,0,23.367080541019046,12,0.07065689429262098,0.6620722073672929,0.07512081717766186,0.1917388061171289,8,0.30352975213778244,0,0.3904303619530077,1,5.703137168390528,1.816996592714968,4.0725572924886135
600043,2023,C,制造业,0,0,24.14868483276919,13,0.11642842054512562,0.46879107940194775,0.27102645454895596,0.37720493026762225,7,0.3,0,0.35421951118886225,1,6.669918288085956,1.7272084810543176,4.63099542724617
600044,2013,C,制造业,1,1,22.2994508285835,10,0.08549863938881958,0.6628367633048872,-0.09333780944620576,0.11784454393660104,13,0.31286869319932836,0,0.5050409163596783,0,4.541189284243714,0.6258843342268152,2.7808689064161416
600044,2014,C,制造业,1,1,22.267235995220137,11,-0.00922665682374061,0.39752418640386644,0.19346772034699286,0.2580333661790984,13,0.3,0,0.5182774808682544,0,4.458072669865427,0.6177822814579464,2.658360181175507
600044,2015,C,制造业,1,1,20.877689697183673,12,0.10900230724384198,0.4572413901938473,0.10548238097614387,0.2078174872437667,11,0.3224568528559549,0,0.5297014951203608,0,2.8720535173090336,0.6207219769345582,2.0372530414968466
600044,2016,C,制造业,1,1,22.474108979528943,13,0.03273338003221591,0.42499426127682244,0.2376784939378253,0.24747933461532387,13,0.3358598631084582,0,0.5382160927441962,0,4.6274845926736266,0.6267300472102061,2.444240561607445
600044,2017,C,制造业,1,1,23.61446142923418,14,-0.021883349221537972,0.727074164129392,0.07582526578591153,0.28151296147833144,13,0.32105983440988084,0,0.5391968991885937,0,6.003422044652849,0.6801032505896417,2.6822587572370784
600044,2018,C,制造业,1,1,23.161249901185794,15,-0.03219851859156703,0.4231130749866133,-0.053962384754550036,0.013562272977604095,11,0.30495060932797213,0,0.5253840399584679,0,5.387416235518385,0.7208673028969053,2.602792900909397
600044,2019,C,制造业,1,1,21.874013962972356,16,0.08027493927180086,0.5050603789125608,0.11131387393210271,0.193810241416417,12,0.3,0,0.4851604009192666,0,3.803897863419741,0.7643212344133132,2.4358527105627785
600044,2020,C,制造业,1,1,23.328282755097362,17,0.030942539065526808,0.306427734618147,-0.028753828066849313,0.39111199736489066,12,0.3339988217804328,0,0.4986323238680866,0,5.517992565081543,1.05598226150476,2.7707235731821234
600044,2021,C,制造业,1,1,23.065231984486108,18,-0.012299063878617227,0.29957716438775484,0.12786456253569525,0.03668507286184178,12,0.3,0,0.5434388924403128,0,5.134249016520991,1.170000550750963,2.9040793570380394
600044,2022,C,制造业,1,1,23.807983613457715,19,-0.030627679844944515,0.5046688672592058,0.27178601848807815,0.1025913469819505,11,0.3,0,0.5169564469525567,0,6.068228357193389,0.6107294130182449,2.606209268214618
600044,2023,C,制造业,1,1,21.38490711943016,20,0.02583699275419968,0.3439482091979124,0.08168627464725614,0.020567040023556554,13,0.310718806828187,0,0.4899579177579285,0,3.0957125043522913,0.6969125813675572,2.364939498353834
600045,2013,F,批发和零售业,0,0,21.556766785897047,15,-0.07913547018086739,0.39759652636159615,0.07533325344286768,0.2390477390885306,14,0.31872243403576994,0,0.5316182131653343,0,3.5340670412480586,0.05,1.0452518055689137
600045,2014,F,批发和零售业,0,0,21.109453449405546,16,0.03592975368482338,0.8497026144242148,-0.2747620504732917,0.2071044445897455,15,0.33411977744711063,0,0.5335815479664815,0,2.987110466581826,0.5090128491774757,0.9690350482562289
600045,2015,F,批发和零售业,0,0,21.455402909189107,17,0.056036861872702834,0.6259070714053605,-0.06168655728963607,0.19610939698439933,14,0.3469806704835302,0,0.5627472730608628,0,3.3314230410611354,0.05,1.2740036368304746
600045,2016,F,批发和零售业,0,0,21.16582395198708,18,0.07624241284402866,0.32324179284245946,-0.02137065646325688,0.0684631656306918,14,0.369033784269766,0,0.5709660177515659,0,2.9615776766953053,0.5807351952582376,1.420028773164978
600045,2017,F,批发和零售业,0,0,22.40236524316061,19,-0.027634969024127216,0.4092483346251868,-0.1732465896756535,0.28927061106794505,15,0.3403298127963246,0,0.5056341547474036,0,4.323030637697693,0.33353072335495826,1.5160969726192568
600045,2018,F,批发和零售业,0,0,22.530415809854297,20,0.0400715570128117,0.7557767577539847,0.038360454365650415,0.15794639514620792,14,0.34842270477664455,0,0.560331375493729,0,4.421931384417966,0.6717037218524174,1.9373597287992204
600045,2019,F,批发和零售业,0,0,22.346990731582597,21,0.12212959999720813,0.5348055419921854,-0.09460180094111222,0.31195940328610694,14,0.3592014654064566,0,0.55295132757694,0,4.1772905052866065,0.3861586534196338,1.6928027570062372
600045,2020,F,批发和零售业,0,0,22.339400441034122,22,0.08801748575081297,0.614067139057431,0.33002781763481126,0.243958707022406,14,0.35796948586712496,0,0.5599446209598763,0,4.109581996988322,0.6713008921166783,2.117068758381611
600045,2021,F,批发和零售业,0,0,22.784307170398854,23,0.07956322390244955,0.4685771971726465,0.5938217000572444,0.330253948660322,13,0.3297381475608606,0,0.5476727738619207,0,4.597621986767795,0.8403456182831882,2.6485687340504316
600045,2022,F,批发和零售业,0,0,22.713036789197773,24,0.1430193459113852,0.3808409339321473,0.06878603342592297,0.10167444788863271,13,0.3405370273081319,0,0.518731168676555,0,4.481789964277834,0.8388981958945338,2.331930018850553
600045,2023,F,批发和零售业,0,0,23.40178907973592,25,0.08247302011074241,0.5317817287866319,0.24836227245136833,0.31020916446654684,14,0.3413532988074642,0,0.5543339853665801,0,5.282162875548901,0.8087723116835719,2.7909662442769396
600046,2013,E,建筑业,0,0,22.461356715166218,11,-0.0037269551136405454,0.7234873382835851,0.12715004077237402,0.10186558770465348,14,0.3982509722653927,1,0.42595557061556416,0,4.717408084390878,0.21534471816184664,1.6081983774500972
600046,2014,E,建筑业,0,0,21.600238348194253,12,0.09792126117234518,0.5774988308379042,0.5056467507599065,0.03313350045044772,13,0.3925909874444146,1,0.32350119952528855,0,3.672656642254922,0.43970351175550115,1.9836896985841552
600046,2015,E,建筑业,0,0,21.364206286093562,13,0.050603066228139315,0.5999218060766965,-0.3432534347973332,0.27936612279097767,13,0.41366585485132784,1,0.3464381448985805,0,3.369531121989841,0.6113047743693996,2.078118360654617
600046,2016,E,建筑业,0,0,22.542731650922082,14,0.15254705552705253,0.7067360571335363,-0.22783181818356313,0.33370971627982504,15,0.3465160595420715,1,0.3505923625254006,0,4.673555193577977,0.8986235381411956,2.247836057319968
600046,2017,E,建筑业,0,0,22.994064983982042,15,0.012004972732674712,0.6532793282844499,0.49501207127398006,0.16543023777287488,14,0.3984946746964728,1,0.40210701624258083,0,5.197753897716913,0.5193746202505845,2.0939051358812857
600046,2018,E,建筑业,0,0,21.17060903720392,16,-0.00552371037318472,0.4635543913535415,0.46737395143059024,0.16383272659334122,13,0.3773355123649687,1,0.35197828653685526,0,3.0451931849983738,0.7970768881658952,1.9317896748015304
600046,2019,E,建筑业,0,0,21.606089177830142,17,0.03559411005855835,0.7194293212724974,-0.2276573582291978,0.10058294231766654,15,0.38859831582352966,1,0.3492150184194033,0,3.489634287470577,0.3495514144198761,1.4686158815147408
600046,2020,E,建筑业,0,0,23.184860676977692,18,0.07555285810374904,0.33838820500788147,0.17786354080779376,0.12250003063929628,13,0.3881073696149181,1,0.332180084213905,0,5.309866982853569,0.44092231575946017,2.3504798119048225
600046,2021,E,建筑业,0,0,22.343149581317306,19,0.07884116945607045,0.44046236119954063,-0.05222958963327892,0.01,14,0.3960717987076667,1,0.3718757210936265,0,4.23645973573215,0.5949243496796249,2.1750100401855725
600046,2022,E,建筑业,0,0,22.983297039829143,20,0.02822866973486949,0.5280902293897427,-0.13308423586043522,0.25026679748904235,15,0.3748352671319595,1,0.3535638270884452,0,4.977872168117002,0.8470272317202627,2.0574095405034223
600046,2023,E,建筑业,0,0,23.274073694254184,21,0.18217778630605025,0.4348697046908215,0.15565295670244808,0.2310013486887986,13,0.4080025145118283,1,0.3529468304945978,0,5.301510437779412,0.6972195734737574,2.299125632761018
600047,2013,C,制造业,0,0,21.75574841612136,9,0.04234134393805289,0.6024499847297572,0.08730084664805551,0.3434827979719747,11,0.4398815581332615,0,0.4034484360771338,0,3.9537603083763657,0.5204623568192321,2.3327782353846827
600047,2014,C,制造业,0,0,21.828268063322366,10,0.011829646997431158,0.4981246598587486,0.16231404841496147,0.10621364696161908,11,0.44955301361343414,0,0.4342972634098005,0,3.994856616746004,0.5106860986377728,1.9593505633417356
600047,2015,C,制造业,0,0,22.39894132031683,11,0.06967817684513361,0.4320114310308713,-0.06799468278520007,0.05793792196571704,12,0.4355111803246298,0,0.43902883580651714,0,4.619969900081636,0.7497984650779608,2.8114411875047525
600047,2016,C,制造业,0,0,21.89954264161605,12,0.01768851449689158,0.28986184070512083,0.42106631442596365,0.49555824049291974,13,0.43588678809909776,0,0.4295403095374012,0,4.002855850720541,0.7323534558719794,2.6059825364972116
600047,2017,C,制造业,0,0,22.423930409630692,13,0.08261154944993163,0.5386512072429331,-0.12925155838882135,0.2534968847168716,12,0.43437153685062196,0,0.4242337351278601,0,4.56127650781452,0.7952879011460089,2.7384492844100157
600047,2018,C,制造业,0,0,21.612482558338794,14,0.07745515263042443,0.6061776101991712,0.09033846989391345,0.2952625112211266,11,0.4223173480505669,0,0.41921364349313467,0,3.584664942520125,0.8381761632283761,2.3365251422422246
600047,2019,C,制造业,0,0,22.41541130352815,15,0.15500784041297527,0.3793327935913406,-0.06259115142040034,0.09427647679039937,13,0.46105824424721326,0,0.4312515256892222,0,4.479742060953917,0.7888291818452531,2.9276903020622904
600047,2020,C,制造业,0,0,22.61260247389848,16,0.10464903787617415,0.35344024113817996,-0.044961151567376664,0.12308773890412997,12,0.46693580099520293,0,0.4250733870015389,0,4.677792364660318,0.6769820863846863,2.877316141304883
600047,2021,C,制造业,0,0,22.39467903741618,17,-0.00042930626103967334,0.572585958762784,0.08595338303518495,0.2629564017812785,11,0.451641423543377,0,0.41716476623320714,0,4.387905213054556,0.4846044692882406,2.0523640038510824
600047,2022,C,制造业,0,0,22.67607555054749,18,0.07639246794474192,0.4400709482939577,0.36544691713200306,0.06417488201149685,11,0.43540814322843974,0,0.41874898417348067,0,4.661645480767018,0.8635261829050199,2.775963871967242
600047,2023,C,制造业,0,0,23.99644298197767,19,0.03320415347399852,0.6481801337550965,-0.04307277662166939,0.13849944715541826,13,0.42835022647555676,0,0.4235585287139222,0,6.300275452651291,0.942052128136879,3.1032183452450366
600048,2013,C,制造业,0,0,20.95365384442075,13,-0.06058416847526886,0.7037491151107385,-0.39063705159822865,0.18324076143689133,6,0.3547941743083933,0,0.17669010812431948,0,2.9888237292099817,0.05,-0.23126225147834004
600048,2014,C,制造业,0,0,21.213929221613732,14,0.058432184561677855,0.6972259376766932,-0.35241910159775686,0.14417250324450515,8,0.4043214285849845,0,0.17645148720901221,0,3.219468130005042,0.05,0.3895918354278833
600048,2015,C,制造业,0,0,20.64735784518537,15,-0.010161169895895005,0.35282169037555,0.21530301159308993,0.01,8,0.39496326506981705,0,0.18806123173601416,0,2.567768620522806,0.05,0.7531792338381065
600048,2016,C,制造业,0,0,22.239134148758893,16,-0.027318847150892903,0.3276682071032125,0.0576976899723662,0.01,7,0.37591107573056104,0,0.15971889468669576,0,4.300946741779958,0.05,0.5188784754818119
600048,2017,C,制造业,0,0,20.149857097322755,17,-0.022504996737532337,0.5004681456140234,-0.029441017107729686,0.19856801584182368,6,0.3713217499801056,0,0.21353406927546156,0,1.989454839976148,0.05,-0.006680286682119979
600048,2018,C,制造业,0,0,21.090876767629823,18,0.0456776497947434,0.6172624893484772,0.14069811670507487,0.1514165754608125,8,0.3810059738580132,0,0.1951208450800837,0,2.9260165307442305,0.05,-0.029525475187767436
600048,2019,C,制造业,0,0,20.855250430319238,19,0.022604502326381632,0.8317531289532982,0.5235684447946792,0.04691106628063127,8,0.366717667055809,0,0.13784831935236908,0,2.6361389761038767,0.05,0.010414100298200113
600048,2020,C,制造业,0,0,22.25875956549376,20,0.09548404402913384,0.6378050252395622,-0.014656317353172216,0.05613401743677668,8,0.39457208418152107,0,0.15895982040766435,0,4.154631596965384,0.05,0.6012009835092899
600048,2021,C,制造业,0,0,22.288935602647438,21,0.07135302206810423,0.5522350136251278,0.09379028515072357,0.11818516568979459,6,0.36516688997079105,0,0.1936710045182958,0,4.151721581418754,0.05,0.6851727266849463
600048,2022,C,制造业,0,0,21.21143112491207,22,-0.010275278469875686,0.48132483948540367,0.07253317371525587,0.16374197895268658,6,0.3621353267883464,0,0.18456557466830162,0,2.8874184878033633,0.05,0.6947813457443958
600048,2023,C,制造业,0,0,21.39799612086202,23,0.06247274652425931,0.47338503348930516,0.34785075586401804,0.2949937438623885,6,0.34515512556204,0,0.16845295141514044,0,3.06774316528299,0.05,0.2074414310780194
600049,2013,C,制造业,0,0,21.240635484946754,0,-0.018796702180106862,0.7419151698327007,0.25889690243002195,0.11371426372925153,10,0.376253212020017,0,0.3298274965065951,0,3.7883214057680603,0.14606790133755443,0.8721369303621066
600049,2014,C,制造业,0,0,20.951924252875965,1,0.06707125745319771,0.5591155922345783,0.38492636543075337,0.15325686629195376,11,0.4074523812197566,0,0.36944339604055837,0,3.432432033652912,0.08596574289963446,1.1033686553984867
600049,2015,C,制造业,0,0,21.810000618566466,2,0.01643399640560237,0.35027160440256067,0.27509876765813296,0.2732299618412718,10,0.39554962956794715,0,0.2986142109664146,0,4.3427713871290035,0.18069035462027466,1.0251930224313588
600049,2016,C,制造业,0,0,21.03397284158329,3,-0.0060836754936927015,0.7378415178519673,-0.026430657937642835,0.18537020672128465,11,0.4261267813292692,0,0.3490227490195688,0,3.437206220867095,0.09565227478708657,0.9190502845316398
600049,2017,C,制造业,0,0,21.986158749372507,4,0.0349033498882549,0.7860057109500489,-0.08655274841781085,0.28392004201618365,10,0.365469073259051,0,0.3243608148371287,0,4.4515168959051925,0.4393135813330804,1.0848684455186952
600049,2018,C,制造业,0,0,21.465350429941676,5,0.03137912519250696,0.5263037274161625,0.14020533268292237,0.09911811273657326,11,0.3968017962505701,0,0.3170466540228343,0,3.8286192572961695,0.2972785166903509,1.054135513012315
600049,2019,C,制造业,0,0,22.58563296072487,6,0.041418648563670696,0.5367711258390886,-0.0496379313400972,0.19538389864227138,11,0.4251928651019017,0,0.34336030151443026,0,5.0943917452860195,0.05,0.8128884124068106
600049,2020,C,制造业,0,0,22.76337325611462,7,0.13767177443837486,0.7201203496919546,0.01891300124554593,0.1712678080029188,12,0.39163585663106504,0,0.33012334746483074,0,5.2505908649966795,0.05,1.4109540208904257
600049,2021,C,制造业,0,0,22.83240476933648,8,0.07564631250445203,0.23476969058737068,0.18826260614949014,0.08966199273090482,11,0.373119988852632,0,0.346426115811993,0,5.288746898798357,0.4558916614373997,1.8294762794574582
600049,2022,C,制造业,0,0,21.877698711353982,9,0.07171834271858338,0.455910694865577,0.08276176435161904,0.22937420443604162,10,0.39380192047711193,0,0.32007913194943,0,4.111039596249264,0.35245935032895925,1.882354779995189
600049,2023,C,制造业,0,0,22.36848526832389,10,0.07517242952688974,0.6880484013717321,-0.044276363307265074,0.01,11,0.35953338662634793,0,0.3270780065579074,0,4.641353564724681,0.5133865738967531,1.8296018058267935
600050,2013,K,房地产业,0,0,22.753653563460396,3,-0.02341049953810339,0.5003343888699517,0.3357497749681023,0.3083781110508057,15,0.3649555448448759,0,0.3901200837472083,0,5.378552097186389,0.3608899848965188,2.16574414453542
600050,2014,K,房地产业,0,0,21.48914917270063,4,0.02831958137927789,0.5307890512514372,-0.1040004866815335,0.1961240960741908,14,0.33618546521499276,0,0.4316969499398342,0,3.8742487418713005,0.6016126907259446,1.7004869907338156
600050,2015,K,房地产业,0,0,21.950921971152518,5,-0.012857930737652921,0.36764221123843616,0.4476711277236252,0.05545501943686856,13,0.32909696146750833,0,0.45382864153572644,0,4.354754079676444,0.6576844391929579,2.0224732761068887
600050,2016,K,房地产业,0,0,22.22424249973819,6,0.09247356059026426,0.4923512126073633,-0.08084595911597225,0.15963177135675574,15,0.3773454182564974,0,0.417207222640028,0,4.626145391858291,0.25821121772572714,2.0269851735675113
600050,2017,K,房地产业,0,0,23.05121943290999,7,0.023180667068258505,0.5151514488869846,0.37289106136125555,0.2033535797775864,13,0.34780882521157613,0,0.4025094434299384,0,5.571693457723076,0.7047995737272336,2.246431620844661
600050,2018,K,房地产业,0,0,23.045800439185935,8,-0.007303760951955979,0.3509770247612981,0.5160056456219421,0.13668320002742815,15,0.34588191300380855,0,0.4228614973812244,0,5.53111066211786,0.38959090953302694,2.4741923404679462
600050,2019,K,房地产业,0,0,22.517239284205733,9,0.08023922186941108,0.2782144949835268,0.4753336009664578,0.04331274259705409,15,0.3671320901852474,0,0.4495450710011782,0,4.828325019855536,1.100951428187739,2.7624662669205926
600050,2020,K,房地产业,0,0,22.28999455657653,10,0.014311627533532746,0.4177238367568083,0.15100291265285512,0.37854627772489385,15,0.3563108308498309,0,0.46194699055448235,0,4.528078586568218,0.7195376265017238,2.264106019607632
600050,2021,K,房地产业,0,0,23.027733230916567,11,0.03886349196937886,0.24426354887600318,0.41098417064568904,0.06602073511625448,15,0.38171537154735463,0,0.43707685906521154,0,5.373121487302985,0.7568934405354387,3.0087461546786356
600050,2022,K,房地产业,0,0,23.559645929239874,12,0.029355567766028063,0.43796810092881977,0.3030595433584685,0.09056512186689518,15,0.35118892493033443,0,0.4281392826177454,0,5.991682016936127,0.8988764819408157,3.2639784326405565
600050,2023,K,房地产业,0,0,23.668668780159322,13,0.02824862141131522,0.3909775543840474,0.41562784135704445,0.19860794943777332,14,0.3468969386797982,0,0.45946232846607865,0,6.092748195734483,0.9688933466283487,2.76707397731137
600051,2013,I,信息传输、软件和信息技术服务业,1,1,22.205448421881943,5,0.04601801788711718,0.5320944602695515,0.020975385535315708,0.24658847094447317,14,0.4116996087295676,0,0.3140068080403422,0,4.653767296693424,0.4067392789030225,1.7809988426981065
600051,2014,I,信息传输、软件和信息技术服务业,1,1,22.134447961573713,6,0.08860948253673695,0.4450375186505668,0.14496902122770988,0.13648669811153116,15,0.3751550166326033,0,0.3425675836710794,0,4.5137683443461025,0.6400671491720893,2.015938075749337
600051,2015,I,信息传输、软件和信息技术服务业,1,1,22.55817197231868,7,0.06234363987654672,0.4026475059706701,0.37663294307378625,0.241421681858221,13,0.3823350577855396,0,0.33277104220894077,0,4.966523029357075,0.8844529185151991,2.7130883240491905
600051,2016,I,信息传输、软件和信息技术服务业,1,1,22.1355472901977,8,0.04809115813945761,0.5752045722861704,0.3560866298471363,0.17914625936156509,13,0.38199650312990424,0,0.3675609588298218,0,4.42795320775501,0.8454211821255267,1.9779594996665841
600051,2017,I,信息传输、软件和信息技术服务业,1,1,22.17404972142006,9,0.07569378851073678,0.5628354846406203,0.26785118374308764,0.19016954026542482,13,0.3719824188560611,0,0.36225094172738526,0,4.439059836321993,0.6342255097512997,2.2891106619748727
600051,2018,I,信息传输、软件和信息技术服务业,1,1,22.913265861676134,10,-0.013000467582699626,0.5536356814523813,-0.07957093945240648,0.1037704431167462,13,0.4077892916494403,0,0.32977420099365584,0,5.271601495295258,0.9832108228100935,2.641130284314448
600051,2019,I,信息传输、软件和信息技术服务业,1,1,21.961394061348688,11,0.07400865607396838,0.5629318520612748,0.6233395280420473,0.25620960870681664,15,0.37426284029254475,0,0.35728334767333714,0,4.09968693534478,1.1009562156699304,2.1113852227812013
600051,2020,I,信息传输、软件和信息技术服务业,1,1,23.120093746162567,12,-0.004412529214517548,0.25220893434042146,-0.019304641724462362,0.01,15,0.33951895907774937,0,0.38067154242514634,0,5.446198780754859,0.9693186440922196,2.845551909195751
600051,2021,I,信息传输、软件和信息技术服务业,1,1,22.98413185001353,13,0.10459801541027082,0.5674205288273089,0.04102846703888087,0.3614844255483932,13,0.3976245498451555,0,0.3256366225401339,0,5.226919505728517,1.2242009160977938,2.8599428375913893
600051,2022,I,信息传输、软件和信息技术服务业,1,1,23.95077372284483,14,0.05787357903312845,0.5591127235376704,-0.09695995340358488,0.33875728982723746,14,0.3796819556291223,0,0.30485604843091085,0,6.429165179586447,1.002727491483321,2.7679949323609674
600051,2023,I,信息传输、软件和信息技术服务业,1,1,22.25844647316803,15,0.09430602170807026,0.41337106910306337,0.12237438754917139,0.11488984633608505,15,0.3745244445831783,0,0.32750359437931065,0,4.275308476290654,0.741455746449341,2.679241782004879
600052,2013,C,制造业,1,0,22.209876754742947,9,0.01830944750074518,0.4213820061262331,0.30176960982950174,0.01,9,0.30446209088439535,0,0.38767290162042145,0,4.459019654561815,0.9995014101780018,2.721192031955283
600052,2014,C,制造业,1,0,22.061358444244984,10,0.1315675284677963,0.4239629282615541,-0.3052251126402512,0.04396205538259987,9,0.31104319169320016,0,0.4032817305758776,0,4.250620774063127,0.7374843603966748,2.7658381421907676
600052,2015,C,制造业,1,0,22.677221262426958,11,0.09049478541765685,0.7704529146909859,0.18470232065885983,0.07842886878964746,8,0.3,0,0.3916281433027933,0,4.946089240890326,0.8523465153298648,2.845156177083136
600052,2016,C,制造业,1,0,22.716683594106858,12,0.014519231866090818,0.49261417793645296,0.2633914618099159,0.15833245651406425,8,0.3406396213591486,0,0.39751871916498166,0,4.936163242293954,0.7268711114924357,3.145788339311395
600052,2017,C,制造业,1,0,22.178946018508384,13,0.058805223054763,0.37208400789147816,0.2979617103598501,0.058385859528371914,7,0.32830130068876406,0,0.39596937665035964,0,4.259780300551212,0.8797818346160142,3.024699287257495
600052,2018,C,制造业,1,0,23.325375202032713,14,0.03064172343414282,0.4269666051947741,0.17290283262767925,0.14283130777177241,7,0.33687800938561097,0,0.39066894461859236,0,5.620634992918463,0.8992579446901895,3.4355829309284074
600052,2019,C,制造业,1,0,22.769118639700633,15,0.08731928927093505,0.3014808529553185,0.16942785440554292,0.01,7,0.31574238492836953,0,0.3828306246470802,0,4.883775368684205,0.865751155978703,3.3325362225559063
600052,2020,C,制造业,1,0,22.961373273896267,16,0.06493881973314511,0.7507663614039755,0.7854377753849899,0.0313428145683704,7,0.3271614264760255,0,0.37769584792987504,0,5.078379238113712,0.9296243241936071,2.995578522035366
600052,2021,C,制造业,1,0,23.435920069892397,17,0.04563556667136427,0.5079472615557499,0.024156105627758467,0.18879775123252113,9,0.323259268216691,0,0.402829044786444,0,5.627216165522844,0.984207525927769,3.52408537147629
600052,2022,C,制造业,1,0,23.54372129462155,18,0.0712852562827209,0.40369276061410464,0.4718916248209334,0.2139514055382085,7,0.33569789967608427,0,0.3931628907902315,0,5.732157494600207,1.1631046419729596,3.501365703985535
600052,2023,C,制造业,1,0,24.099765008819087,19,0.07564842466478519,0.3800972884561441,0.02533298533727371,0.23042976771778076,7,0.342027253848907,0,0.41418524093177,0,6.422490461540788,1.1416759975586344,3.509472319058333
600053,2013,F,批发和零售业,0,0,20.836972153566084,15,-0.058071798130598734,0.2445354220132822,-0.163941642811939,0.30826760988824276,12,0.3286090022667744,0,0.534578983011992,0,2.7420945528259626,0.37108230295959743,1.1809154767057541
600053,2014,F,批发和零售业,0,0,22.769006094630488,16,-0.02893896167140869,0.4152883442572511,-0.37756364095807626,0.30180909251328303,10,0.3466056048083866,0,0.5238637040423725,0,4.902368174873067,0.2487646161468966,1.395665243243155
600053,2015,F,批发和零售业,0,0,21.486384828075074,17,0.03539724099106597,0.6834067693115399,-0.2340163143335677,0.08626337576443902,11,0.3,0,0.5461658275441433,0,3.3699345721839817,0.25227184725278506,1.104130205749465
600053,2016,F,批发和零售业,0,0,20.950075132159885,18,0.06192003493409572,0.5777108092309481,0.5005721534672334,0.12522231487702207,10,0.35045311768468956,0,0.5368410857056093,0,2.736452572376493,0.05,1.4608161052674073
600053,2017,F,批发和零售业,0,0,21.25637204140101,19,-0.021165665390717632,0.19300470770938788,-0.19589580509649818,0.1197886418268923,10,0.3635465516500094,0,0.5181173332270322,0,3.028970211354988,0.12244291288171841,1.3396002143612682
600053,2018,F,批发和零售业,0,0,21.730977396339714,20,0.16353336188645953,0.2938409285162349,-0.19554616931989263,0.29322138508580814,12,0.3345736379033686,0,0.5571840554631952,0,3.526414953174142,0.48892962382651145,1.2242064571271871
600053,2019,F,批发和零售业,0,0,22.275841754261112,21,-0.048394333536552384,0.3166124597426534,0.4812469110731057,0.4212621740927391,12,0.37234576960744936,0,0.5660531280215316,0,4.099666797430346,0.5168142417722544,1.6225085842385119
600053,2020,F,批发和零售业,0,0,22.11758251819499,22,0.15258230378738713,0.3759761363201986,0.03126943463138448,0.2567340409566701,12,0.3331097936881929,0,0.5614462055676059,0,3.881942288094332,0.3786645917134042,1.6865776619039283
600053,2021,F,批发和零售业,0,0,22.42497113829729,23,0.0796225088279359,0.44952823075798043,0.16640884794563132,0.01,11,0.3796170233340547,0,0.539839345236947,0,4.195929104906739,0.2539469007745577,1.9394828308781262
600053,2022,F,批发和零售业,0,0,22.308049897480732,24,0.0037083821759686802,0.35269757953275666,0.13188637055416544,0.34393331650120207,10,0.37041853408646486,0,0.5608578345532435,0,4.022328078756391,0.058278339854769545,1.3227133759118894
600053,2023,F,批发和零售业,0,0,22.852814987380402,25,-0.022541014888761132,0.37555058355288035,0.022233710385736377,0.08604191413461813,10,0.3656351009721759,0,0.5816417432373621,0,4.62596389376556,0.37272757290251884,1.7992580178536755
600054,2013,F,批发和零售业,0,0,21.384226754868997,17,0.0644215991453454,0.5243376752519502,0.11380421990627612,0.01,13,0.3461751372629945,0,0.5000622433980891,0,3.277355258386642,0.05,0.5414616099509497
600054,2014,F,批发和零售业,0,0,21.5370666101436,18,-0.020233287903430756,0.4579984198550481,-0.02719995793336427,0.18484466282901857,12,0.33608491363070503,0,0.4961934890915464,0,3.410223529597172,0.05,0.1207046993991735
600054,2015,F,批发和零售业,0,0,21.34775714883484,19,0.07526410951214128,0.2878561761659232,-0.10272843114827562,0.011225227542345062,13,0.35190550675397386,0,0.5082435097608263,0,3.158758652908809,0.0809203939358121,0.8334013515363091
600054,2016,F,批发和零售业,0,0,21.416057690461887,20,0.03793052473007513,0.515846961117343,0.1110433540330798,0.01,11,0.35000456163390653,0,0.46246749333488807,0,3.1919873675905923,0.05,0.6400756850134324
600054,2017,F,批发和零售业,0,0,20.942129584944112,21,-0.056456362212385564,0.6466358319894717,0.5394224014228675,0.01,11,0.35511064905097045,0,0.47237715775814554,0,2.6398874913895485,0.05,0.500898141156557
600054,2018,F,批发和零售业,0,0,20.928204441101194,22,-0.021501098513654785,0.5266720896447561,0.03325203059176486,0.05317030173617615,13,0.3326870088204308,0,0.5016046067834525,0,2.566469668358214,0.05,0.6082675177793586
600054,2019,F,批发和零售业,0,0,22.204622958456348,23,0.0006020451712049936,0.8981516109639378,0.025611759260235428,0.0715823882101378,11,0.35048979991162604,0,0.4831826721615423,0,3.9561794539423496,0.1809919549724981,0.8400827068094818
600054,2020,F,批发和零售业,0,0,22.469480104120173,24,0.03329178083588478,0.5639072804599196,0.12680546182412378,0.1466026013359212,11,0.3202427183567016,0,0.4930379026307388,0,4.225083307828484,0.14000534032981224,1.2202264230475999
600054,2021,F,批发和零售业,0,0,22.100202042533436,25,-0.008374584894343784,0.5452707479600097,0.2656638205173123,0.20852507573293394,11,0.3125315455138539,0,0.4943306773216353,0,3.7460563445987916,0.14521726988023578,0.9145436773567663
600054,2022,F,批发和零售业,0,0,22.361052668577017,26,0.12921955995148454,0.44424780092280625,-0.08981393703538776,0.16219932975859852,13,0.32047171791280077,0,0.48108442888025116,0,4.022287199397138,0.3414081428004423,1.1176425973037925
600054,2023,F,批发和零售业,0,0,21.569299593924686,27,0.10752179131064027,0.4236065614683442,-0.26252201121121405,0.23190860563979393,11,0.36994442513917,0,0.4941806629115939,0,3.05370261186487,0.05,1.0800740292368822
600055,2013,C,制造业,1,0,20.260506189120612,0,-0.02025118746162446,0.5819762160419172,0.04474711813605553,0.38966657185601217,10,0.38261724693692045,1,0.4549790948992142,0,2.784552174568492,0.05,-0.07096145199760999
600055,2014,C,制造业,1,0,21.265704993374754,1,0.013609971009130545,0.3525659090503927,0.17734815435621565,0.12034037429838615,8,0.37592364291031,1,0.4857892837595343,0,3.794731814623925,0.05,0.245424222774063
600055,2015,C,制造业,1,0,21.98014731186945,2,0.0014241730104134556,0.43264822780788237,0.10079292544363722,0.24855059977897184,9,0.3395299378841001,1,0.4406148738136032,0,4.554923637014667,0.10281230192435997,0.49094150495943323
600055,2016,C,制造业,1,0,20.47673249277237,3,0.03643232470247087,0.26349384309252183,0.42577930255387586,0.19187280787677435,9,0.35498430332690156,1,0.45218695590702035,0,2.8772886134994047,0.05,0.1384745433739998
600055,2017,C,制造业,1,0,21.3190442520071,4,-0.0026296970942372155,0.5966439147292492,-0.21615382453176488,0.1881715774690956,10,0.38829420729934194,1,0.4570910182266948,0,3.727144114762404,0.05,0.30819977122715175
600055,2018,C,制造业,1,0,21.750803081855278,5,-0.01659141594810523,0.38629995899098474,-0.19540170659348838,0.012480149949134545,9,0.384079891426323,1,0.4388477072050737,0,4.168375768328276,0.08925030861754699,0.735149526964159
600055,2019,C,制造业,1,0,20.91905392469849,6,0.03824939815991255,0.5052236110298252,-0.26186867712152684,0.11309096825430257,10,0.3655718069700883,1,0.4588683738658461,0,3.2218354929635797,0.05,0.2669931072654437
600055,2020,C,制造业,1,0,21.1030589987274,7,0.00210316396077637,0.3063435367016374,-0.2511878941615769,0.20503449942154317,10,0.33143438136405357,1,0.4500239337270129,0,3.384498013942405,0.05,0.054776273940729064
600055,2021,C,制造业,1,0,21.519801409358955,8,-0.03739175610603972,0.20883352676400257,-0.1549711268394526,0.24478178618718027,10,0.41072229257167625,1,0.4267711398722781,0,3.8007738021916495,0.05,0.43698351878621955
600055,2022,C,制造业,1,0,21.55005670871342,9,0.007749999076096302,0.4493371734512225,0.05954568468764426,0.01,8,0.4081707414359295,1,0.4586960656353143,0,3.781982720154117,0.05,0.6934269656148884
600055,2023,C,制造业,1,0,23.174755974482185,10,0.0496599953820947,0.2791577899889244,-0.04887123749311534,0.01,10,0.35791035868553844,1,0.4553155860252449,0,5.6676518027492575,0.05,0.8468337094566315
600056,2013,I,信息传输、软件和信息技术服务业,1,1,22.855678560949052,15,0.06865965220841766,0.6429699151705396,0.21427841107939122,0.11388864795094623,8,0.3925843245423502,1,0.3599262565428505,0,5.003590452648464,0.7487532026126754,2.6983396463509934
600056,2014,I,信息传输、软件和信息技术服务业,1,1,21.755269892552164,16,0.0492388994659349,0.4440393035780841,0.16029084492841034,0.21740524677945944,8,0.407201525126332,1,0.3379451345881147,0,3.6558274042675145,1.0217808171265097,2.5199643486678873
600056,2015,I,信息传输、软件和信息技术服务业,1,1,21.48182348402708,17,0.014147173425216035,0.5707207041317252,0.10379729274809818,0.05438731828677809,8,0.391321521091278,1,0.35236547900324494,0,3.297915111463634,1.0795445059637478,2.8144877146418485
600056,2016,I,信息传输、软件和信息技术服务业,1,1,22.594074318912785,18,0.057332715874140655,0.6388391504088665,0.3902350297672431,0.3594259602203933,6,0.3651813478057269,1,0.3934116611023499,0,4.55113654601576,0.9204564165877834,2.709715729161686
600056,2017,I,信息传输、软件和信息技术服务业,1,1,22.3352543252723,19,-0.007319993629014837,0.29008850641803685,-0.07304679765865199,0.46544830653939095,6,0.4336333723705757,1,0.34799664939878017,0,4.196900987512649,1.1485023039606745,2.886990156577567
600056,2018,I,信息传输、软件和信息技术服务业,1,1,21.911282247953157,20,0.12214749251390856,0.35807135282579516,-0.24246711037031807,0.2539544716648154,6,0.3642465835648144,1,0.33207078847839017,0,3.6699793893076653,1.1589898131226017,2.9717902227770807
600056,2019,I,信息传输、软件和信息技术服务业,1,1,23.304440585567512,21,0.06943555661561823,0.5604046964989189,0.2897008834855843,0.10079254600569544,6,0.37427428522972056,1,0.3317345504870368,0,5.307158092792028,0.9905158676192096,3.161239358410157
600056,2020,I,信息传输、软件和信息技术服务业,1,1,22.750914082759408,22,0.052522987708338936,0.3635735868940698,0.7496359098819297,0.26069814836631716,7,0.37373484215930386,1,0.3625727520311833,0,4.583643942300768,0.9308801016967997,2.9020799347748634
600056,2021,I,信息传输、软件和信息技术服务业,1,1,22.82990883632274,23,0.11818874037568924,0.5203180789125701,-0.06590988753168772,0.084410480844733,8,0.3680708892978078,1,0.3665601488848974,0,4.626174067328194,1.2146222570373715,2.9571347764144504
600056,2022,I,信息传输、软件和信息技术服务业,1,1,22.705824026470587,24,0.07717572791683826,0.40053953484606525,0.38680515793291703,0.12522510982448465,7,0.35450177318329806,1,0.364879747158311,0,4.43461505070367,1.2217305732928705,3.4314470080895805
600056,2023,I,信息传输、软件和信息技术服务业,1,1,23.438496331061728,25,0.0761006963253996,0.26434741300324155,0.011843803942852227,0.2319168335086578,6,0.3459700825667107,1,0.3608601069679174,0,5.302768772961582,1.2168273261240534,3.4273392384400507
600057,2013,C,制造业,0,0,21.286551329413054,3,0.02061459408428135,0.8229326248721076,0.10376399409878947,0.19577248370748646,10,0.4105571860017547,0,0.2079515418766185,0,3.7359383355125204,0.05,0.4505986088020566
600057,2014,C,制造业,0,0,21.427167454535322,4,0.05299414482893003,0.4318199949709549,0.16887897201651525,0.2305859316483811,9,0.40986843474104573,0,0.14207047644089849,0,3.8418409345992557,0.05,0.685118349507441
600057,2015,C,制造业,0,0,22.112680601413036,5,-0.010075024218128541,0.7088539222163296,0.1113450080797875,0.12421515681219597,11,0.39575103668768563,0,0.21960806774996125,0,4.585484291115204,0.05,0.7069991697631123
600057,2016,C,制造业,0,0,21.277111654103248,6,-0.0014465164131000456,0.46753797463889535,-0.13280111127503108,0.21855948470284584,9,0.3825821805423011,0,0.15191817750380024,0,3.5900383046739766,0.05,0.7975982380634785
600057,2017,C,制造业,0,0,21.277324074233007,7,0.051013932591726145,0.2633234770985524,0.14401514101094498,0.03814409032009451,10,0.37957920987374927,0,0.16413438276594508,0,3.5501094057963236,0.05,0.8767888615313045
600057,2018,C,制造业,0,0,21.440955886754388,8,0.008717626863936755,0.46181057286200516,-0.0708415071737257,0.01946433332701719,10,0.38146418588629866,0,0.16101587579150106,0,3.6927238364795074,0.05,0.592440935696081
600057,2019,C,制造业,0,0,22.030646311442506,9,0.07108763823794492,0.4114142060628453,0.05473278462850148,0.24862607067710696,10,0.39009656827696465,0,0.17252978545502248,0,4.31766751130997,0.17822611635445185,0.7185310899707993
600057,2020,C,制造业,0,0,21.6891394493948,10,0.06799782947893326,0.39770386966885385,0.14886052127855745,0.2657870722252679,9,0.4139305572025831,0,0.17848868160916462,0,3.8775292145741282,0.3063521797976603,1.2273418524252155
600057,2021,C,制造业,0,0,23.28835648382907,11,0.061577055369549376,0.3886156709639502,0.05031586913227876,0.1939888228589477,9,0.36330058211625776,0,0.15284144013240084,0,5.752380715087574,0.13434724857867653,1.4602790793952487
600057,2022,C,制造业,0,0,21.6733198739533,12,0.04264833116790094,0.502897338515331,0.3523904789203983,0.07041267971540303,11,0.3496815961961957,0,0.1629711472018058,0,3.7887657067133667,0.13314948309913122,0.8393485934195588
600057,2023,C,制造业,0,0,22.172629226914605,13,0.08469559492536653,0.46296075100422407,-0.41722259130684963,0.1670919382355697,9,0.37406711987232877,0,0.14623600585822713,0,4.315361236684303,0.05,0.8476347316825794
600058,2013,G,交通运输、仓储和邮政业,0,0,23.02406989941415,16,0.007651734527674647,0.48806961762844414,0.17657260921727427,0.1798150455636857,13,0.43131398773576307,0,0.41409380431950754,0,5.175584383065932,0.6670721682522386,2.8168340619552543
600058,2014,G,交通运输、仓储和邮政业,0,0,23.031581882009636,17,0.06723541344038678,0.42435629130462127,0.050370857811882955,0.1661882944338151,12,0.4520330817100676,0,0.39817739877232866,0,5.140848193722481,0.975789079169314,2.9596591347288963
600058,2015,G,交通运输、仓储和邮政业,0,0,23.19565388244333,18,0.08146827060675374,0.2584324332841184,-0.006296559419928571,0.3732433700590679,12,0.413962366539185,0,0.4190110735240984,0,5.309559011097914,0.829545732723188,3.032993511245122
600058,2016,G,交通运输、仓储和邮政业,0,0,21.93648670666768,19,0.009621958756013411,0.2562555134661272,-0.11772155294176798,0.2747760762871525,14,0.4534228737254419,0,0.3942371472806,0,3.757186036598101,0.8149848770869733,2.494420870435223
600058,2017,G,交通运输、仓储和邮政业,0,0,22.08496540686656,20,0.10369473370459498,0.722847857595482,0.5712895317405879,0.09192938621619917,12,0.4466613130354177,0,0.46994311103401704,0,3.882764864773656,0.7966716089323042,2.7990073413066883
600058,2018,G,交通运输、仓储和邮政业,0,0,23.475120076885997,21,0.055799423298033994,0.523959375101068,-0.2092199986070853,0.0957418116664417,14,0.447557089591206,0,0.43994881352603077,0,5.536385542528686,0.6473945153269747,2.933065338873964
600058,2019,G,交通运输、仓储和邮政业,0,0,23.164060353043833,22,0.09560980782471774,0.4291369383588703,0.3131900458511253,0.2579078440145458,13,0.44557330338989004,0,0.42174778245588707,0,5.100311050724673,0.9777832834616836,2.829016524198662
600058,2020,G,交通运输、仓储和邮政业,0,0,23.444647232386558,23,0.031281240362994074,0.6131158173697995,0.19660088429660463,0.08573125132975987,14,0.4206870240511697,0,0.44942589108680786,0,5.409669460262254,0.9383362213679726,2.8827934705320355
600058,2021,G,交通运输、仓储和邮政业,0,0,23.89314256004831,24,-0.019843279209188783,0.346650479091129,0.27521600689539166,0.1443269638545741,14,0.43437239136783723,0,0.41601275782724456,0,5.934057443711089,1.188767821038817,3.6632674523811475
600058,2022,G,交通运输、仓储和邮政业,0,0,22.486366440709475,25,0.03658412295358346,0.49837340292407967,0.19119998312945102,0.3124744336167429,12,0.3994927255771673,0,0.4025318037073784,0,4.142777963944235,0.8330497528925428,3.112402372923415
600058,2023,G,交通运输、仓储和邮政业,0,0,23.0694966861193,26,0.04397860738342934,0.6018965773486407,0.30713087472654477,0.37828928985275534,13,0.436660349651501,0,0.4062554279966841,0,4.801579945043175,1.048081509854911,3.0917070636014765
600059,2013,C,制造业,0,0,22.481640034497012,3,0.1179375720634048,0.3865417757025879,0.11062088920723925,0.01,7,0.4359522903087031,0,0.3705805146977528,0,5.049780093276086,0.6699441842010806,2.3382413909366315
600059,2014,C,制造业,0,0,21.532661800051212,4,0.07866244549960168,0.6628649892001397,0.0067329459827988325,0.07720950054222753,8,0.4247681093744954,0,0.3055290321676115,0,3.9110452676026624,0.5156952923401916,2.173247728715245
600059,2015,C,制造业,0,0,22.298616125285008,5,0.029420129500843193,0.25591894649844926,0.027970747500870197,0.08055559405553961,9,0.40639499059829454,0,0.3044546429416833,0,4.741095983690045,0.7355609673333421,2.441644082211394
600059,2016,C,制造业,0,0,21.51022680693646,6,0.0005537028062561344,0.3441664298227708,0.3102733390719834,0.01,8,0.42983586440640537,0,0.32260227826683313,0,3.7902237687607805,0.9386760461121139,2.186604683402404
600059,2017,C,制造业,0,0,22.157674844150737,7,0.01262793938463138,0.36474640639044176,-0.3311995686858176,0.311913500961794,8,0.407740473619204,0,0.30116121588069517,0,4.483762105551229,0.8289082714179125,2.713423719001859
600059,2018,C,制造业,0,0,23.522747479710382,8,0.05521590306327168,0.5494904583225619,0.08767821331707087,0.01,8,0.44481343222074093,0,0.3179950567562744,0,6.119583216419162,0.935025518328613,2.860671105890546
600059,2019,C,制造业,0,0,21.93901556634475,9,0.08498983759298731,0.5293217363317286,0.7276468285707023,0.14343848692481578,9,0.4319758808424009,0,0.34552002959178196,0,4.158704294221594,0.8043773216233258,2.4229310434917894
600059,2020,C,制造业,0,0,22.45221078955163,10,0.10883114831239857,0.28804590764290083,0.27083198023668154,0.20054957606291968,8,0.44457359626833676,0,0.3337713107639949,0,4.719028906755804,0.3866526702436325,2.5641530229570533
600059,2021,C,制造业,0,0,22.117465355085287,11,0.06990994980578336,0.4377360302575362,0.3784934479707595,0.27645628023824653,8,0.44353257866698453,0,0.2976381060712404,0,4.277071992174914,0.6909510528186316,2.5283323540539637
600059,2022,C,制造业,0,0,23.703461403740096,12,0.061334069871866674,0.6881100156163482,0.6667829253070987,0.02275793619774824,9,0.41943958930187286,0,0.3268082190347236,0,6.177401120576402,1.1557622254959594,3.1210022684831045
600059,2023,C,制造业,0,0,24.193598516987095,13,0.1434675789365663,0.5390842322599252,-0.07461049962054098,0.16014441941199486,7,0.4466322233349213,0,0.30707371889205454,0,6.7910060326648845,1.0831364833188362,3.2821952887690173
600060,2013,C,制造业,1,1,21.19573673817614,17,0.10128799127493678,0.406499345191595,-0.24199257990123807,0.1566918598505112,12,0.34498209515082134,0,0.4133931234050245,0,3.0592986796488524,0.05,0.8171048889300836
600060,2014,C,制造业,1,1,21.93566800233335,18,0.02017124920698842,0.5264708865394465,0.14679888431043628,0.08626055543405747,11,0.3624436920956816,0,0.3752498321366624,0,3.8481877395304593,0.1387105328070293,0.9619250361580937
600060,2015,C,制造业,1,1,22.059323615689305,19,0.06306358384720616,0.44018003621610874,0.3963735375437107,0.05799878712068221,11,0.32636683401155864,0,0.39804061368913946,0,3.9421466871062893,0.46166403189083655,1.247546485609329
600060,2016,C,制造业,1,1,22.03323943279816,20,-0.013133927096247895,0.6070375925625329,0.16272018051940762,0.12215186725515265,11,0.3246773413322859,0,0.365735075440741,0,3.8721286843551233,0.05,0.8087881270730419
600060,2017,C,制造业,1,1,22.09902396990192,21,0.014663559864265038,0.7384967562541255,0.24844594264905506,0.17664253278308076,10,0.3595162481186187,0,0.3708300106669907,0,3.901171178188481,0.2044525200548955,1.2052238551807684
600060,2018,C,制造业,1,1,22.369289063781242,22,0.05304367224851772,0.3431242760447145,0.05187576090046601,0.22759894295882538,10,0.3454985821708329,0,0.40914876422309776,0,4.170994398246273,0.1281683062242571,1.7604538557224207
600060,2019,C,制造业,1,1,22.729176506826377,23,-0.02171240773337331,0.6103067838689908,0.33855507129419943,0.1387449065078365,12,0.32688361141317374,0,0.3851295360390582,0,4.553767618898003,0.18955847871896314,1.7345666623811637
600060,2020,C,制造业,1,1,22.191108020155383,24,0.020651202624753926,0.5034912721221823,-0.2090590755115757,0.24494977644211874,12,0.3377728110466806,0,0.39269701322518835,0,3.87573526987876,0.643918794527119,1.6032240609769217
600060,2021,C,制造业,1,1,22.375772230040006,25,0.09883110337317598,0.5807215257278315,0.06872371080324635,0.23268434525705464,12,0.34421182567230146,0,0.4213003742437677,0,4.040913642787048,0.6507221639206584,1.9496545031284873
600060,2022,C,制造业,1,1,23.360174922743994,26,0.028702549089736004,0.3518297969419672,0.25311025877789906,0.21830332028359753,10,0.33490160281723014,0,0.4093881945307837,0,5.194607623812151,1.0349610678162826,2.52047817563095
600060,2023,C,制造业,1,1,23.623760564188046,27,0.1427645744666554,0.38508452256240233,-0.19716740061313887,0.04401841061966111,11,0.322419689383023,0,0.37670758747343047,0,5.497491630169943,0.8916671767337174,2.241986512758245
600061,2013,C,制造业,1,1,20.235596015903546,4,0.06246580642483558,0.721630070345149,0.15203460398533086,0.2954777643421608,8,0.4744830204699979,1,0.31922825615310035,0,2.5650015457043445,0.05,0.9620308781894504
600061,2014,C,制造业,1,1,22.43273327397147,5,0.0759007255915149,0.8055534786972783,-0.24588777961083128,0.3049997107791642,7,0.43829149620814506,1,0.32080223205833897,0,4.94410714735906,0.076049364014913,1.4173402065993013
600061,2015,C,制造业,1,1,22.485174638990728,6,0.02558914651760233,0.5768161353111882,-0.5016689594155234,0.42421667247993905,9,0.4417403991710231,1,0.3121234107555645,0,4.9566606342346375,0.33565011198707884,1.4232598310822964
600061,2016,C,制造业,1,1,21.476417486609186,7,0.04041882805328726,0.543293161327437,0.1178538350511566,0.10446525550127406,8,0.4411160922974323,1,0.3177732902404449,0,3.7613400635185212,0.05,0.9260350980302785
600061,2017,C,制造业,1,1,21.439598516959215,8,0.06459966310581201,0.35628330150216864,0.04106701100552367,0.22995061495284785,8,0.4571143995871362,1,0.31352902749008077,0,3.667740490375171,0.40028598662664494,1.2965642696316881
600061,2018,C,制造业,1,1,21.892278660166415,9,0.03056613458764728,0.13798195919944184,0.15477143970932342,0.01,8,0.454237842420844,1,0.3124062065524021,0,4.1402882086529225,0.34587663551039677,1.6793251595853498
600061,2019,C,制造业,1,1,22.35174830572836,10,0.08715487854816184,0.588528161604526,0.055764977205918935,0.33724679367722515,7,0.4889492280257455,1,0.3277780592244196,0,4.614346268313398,0.7097919608299303,1.7511089656120564
600061,2020,C,制造业,1,1,22.987187063536993,11,0.11919479015917178,0.39143779130061934,-0.11635386774104248,0.13369147612971832,8,0.4625739604858556,1,0.33722766255737036,0,5.355086338561385,0.2523538053003048,1.992731818358776
600061,2021,C,制造业,1,1,23.140673486062028,12,0.07129359858181263,0.4026939822966832,0.15027059267826484,0.01,8,0.47716432152602356,1,0.3335476949442146,0,5.506937384314605,0.05,2.0432870804927785
600061,2022,C,制造业,1,1,22.437058685768857,13,0.05765890134948203,0.33062366468103893,0.6775182802394523,0.29513573357744544,9,0.47591367159592285,1,0.33882080651307767,0,4.5907350618861695,0.541215211734104,2.111915940201156
600061,2023,C,制造业,1,1,21.881758516089135,14,-0.04185556257391524,0.67994314872819,0.18397149428713974,0.16592635501144917,7,0.41197327072258805,1,0.3029190153646573,0,3.909588948152,0.5058285019289238,1.3160203635647405
600062,2013,C,制造业,0,0,21.86524904546685,16,0.05676499175267613,0.6610263245809398,0.3276971199677139,0.08682312050520823,6,0.39221409729974777,1,0.4023124141307952,0,3.8228478369696006,0.27004655474559996,1.4999170664356747
600062,2014,C,制造业,0,0,22.309703989210636,17,0.002489146562658723,0.5307397373418072,0.1849467704961394,0.14598834524971696,7,0.406229492927741,1,0.4458676598835339,0,4.306186352692576,0.22388987049595996,1.761524037437116
600062,2015,C,制造业,0,0,21.32269039138083,18,0.06316961514821094,0.590740671710974,0.11321757786803356,0.4308045350332151,7,0.4055826766194753,1,0.43081351663502926,0,3.135851993083353,0.36119125650458517,1.5580223501669568
600062,2016,C,制造业,0,0,21.545532589938205,19,-0.03395599952189636,0.377373911356764,0.08173167990878231,0.17991847008365414,7,0.44113596986119175,1,0.4186279002947606,0,3.3376935390693587,0.3951547979929731,1.2948998835877394
600062,2017,C,制造业,0,0,21.240114875204277,20,-0.004053877017261322,0.5706570034472079,-0.1427495737137867,0.046998037374703816,6,0.3957718994581318,1,0.4277276184445856,0,2.9658527403242942,0.6491376092028968,1.3835630587688525
600062,2018,C,制造业,0,0,22.206920324510545,21,0.0774121119932525,0.22594129734204504,-0.08920691323214222,0.03384796943416793,8,0.395647837294808,1,0.46926951100172754,0,4.01873078153427,0.4168767676986407,2.02432795131399
600062,2019,C,制造业,0,0,23.28589374838689,22,0.06322314325274657,0.32533593186996845,0.26972481916283786,0.13273101946270252,8,0.41478651226901025,1,0.4377429945492612,0,5.288470534912348,0.471827515909321,1.9777911523802643
600062,2020,C,制造业,0,0,22.044996414554806,23,-0.006294764665836894,0.2792988588749705,-0.0807441881697733,0.22052517400547542,6,0.41004697923982114,1,0.4319009182628692,0,3.7472343231316727,0.3514951667293924,1.7006248566485884
600062,2021,C,制造业,0,0,23.72674406426191,24,0.060434995412836194,0.5022880589018496,0.3872070857954049,0.0997652637903819,6,0.3985598625366327,1,0.3947482193341133,0,5.781768519099105,0.1533980413310663,2.201524941571943
600062,2022,C,制造业,0,0,23.38958331124472,25,0.014542430537111118,0.6057283843616463,0.17163715081990827,0.0931767498348774,8,0.3817449841089487,1,0.40787841652122375,0,5.2974898489834015,0.6525401991952529,2.1390484088500186
600062,2023,C,制造业,0,0,22.21577685694319,26,0.05426843233093639,0.5252429826705499,0.08867515609201354,0.07299058060879922,8,0.40110114584775935,1,0.4279471227581039,0,3.821317045917208,0.6910350110017782,1.521819948066082
600063,2013,G,交通运输、仓储和邮政业,1,0,20.949518499102467,5,0.0718556366554826,0.5517720225721348,-0.10177847128567505,0.22421697712140032,11,0.4116888028067099,0,0.5423688029889292,0,3.273886996922745,0.05,0.7849456775796293
600063,2014,G,交通运输、仓储和邮政业,1,0,21.501739371022953,6,0.06318113575511891,0.5729909873077251,-0.13695627312221886,0.01,12,0.39235429730055355,0,0.5374338488372332,0,3.8344222356460644,0.16638608602820054,0.9719812278467763
600063,2015,G,交通运输、仓储和邮政业,1,0,21.835067510149635,7,0.12299739342646315,0.5761771415422482,-0.24130991412325853,0.32342629443451787,12,0.38870035445112716,0,0.5418243212974264,0,4.148511366797381,0.08996851542352402,1.6170020021113958
600063,2016,G,交通运输、仓储和邮政业,1,0,20.572443899154543,8,0.023539258713970532,0.33494331019693646,-0.14753325971354148,0.1895012901656668,11,0.35790323160123044,0,0.5463568383550729,0,2.7487713287461726,0.12860646602456333,0.8847566519073545
600063,2017,G,交通运输、仓储和邮政业,1,0,21.970770441422708,9,0.04363162030134242,0.6327287109643863,0.0018939885271800488,0.14279691221428517,12,0.37287190590515773,0,0.5292477744833064,0,4.222759971679656,0.38262996450231335,1.5829832107092032
600063,2018,G,交通运输、仓储和邮政业,1,0,21.7609637712778,10,0.09373611778062221,0.58766399700078,0.19772961228301245,0.10845990337364675,12,0.4090968134246012,0,0.5742423722670649,0,3.945036425665737,0.06925619677271155,1.5567008839254188
600063,2019,G,交通运输、仓储和邮政业,1,0,22.753425740727945,11,0.036822592638902744,0.44494097530528126,0.382155020459937,0.24344180932575454,12,0.3936928704682242,0,0.5370506731538511,0,5.071004004575034,0.425802461303992,1.7871899241074214
600063,2020,G,交通运输、仓储和邮政业,1,0,22.60026293138534,12,-0.000425565875544244,0.5160559214297279,0.16900759837060153,0.15987246350808176,11,0.3697611202979707,0,0.5526635064042921,0,4.841936865382353,0.43151223311423065,1.8291512558146037
600063,2021,G,交通运输、仓储和邮政业,1,0,22.947067063375542,13,0.009787268132694128,0.18870314968948776,-0.06474455145869874,0.040807145541275736,10,0.4185924002269591,0,0.5567768841903644,0,5.213879448243567,0.7019958507726136,2.185696972293432
600063,2022,G,交通运输、仓储和邮政业,1,0,23.326172073818533,14,-0.01376082268022119,0.29111179199842974,0.34556672659164756,0.12896268777561296,12,0.4129377060610863,0,0.5071033989770009,0,5.64755909057442,0.28504985089996443,2.30301836562764
600063,2023,G,交通运输、仓储和邮政业,1,0,23.23915780090739,15,-0.013936535632047727,0.1744144545669173,0.3898589344983471,0.32856154320180425,12,0.39163388404533206,0,0.545697559587275,0,5.498549653917188,0.6442080543533744,2.0087578291412167
600064,2013,B,采矿业,1,0,20.990113991594736,8,0.07352620931728351,0.4780944169797852,0.1388931100099246,0.05346405206995537,9,0.3770639602937333,0,0.35226315248522727,0,3.2021437532959514,0.05,0.83934171007732
600064,2014,B,采矿业,1,0,21.7918662740073,9,0.0029323239116885343,0.6595073586963095,0.09169024165404682,0.14617268144739098,9,0.35819665868616307,0,0.3818374428744124,0,4.052090374320213,0.05,0.6547727200059505
600064,2015,B,采矿业,1,0,22.50378173221008,10,0.07797468306686477,0.5862224991528093,0.09032342033881405,0.3756498471079248,10,0.3238563613745295,0,0.4013390666288448,0,4.8187327743356585,0.16471863486498722,1.5255195082514585
600064,2016,B,采矿业,1,0,21.403131655257297,11,0.10049188509512594,0.24806081341321407,-0.005533808910441584,0.3101313070090542,9,0.340760686702435,0,0.40658398686456965,0,3.522576523343971,0.05,1.193133143994678
600064,2017,B,采矿业,1,0,21.282879001138504,12,0.08170125854886713,0.600052461316064,0.11898936663563309,0.09114122396735606,8,0.3568777024619847,0,0.39877047886464123,0,3.3427239732732095,0.2587812092483077,1.1819179215170217
600064,2018,B,采矿业,1,0,22.429401065845596,13,-0.012891900911902524,0.5126144618725315,0.2909110073836121,0.01,9,0.3217808925218813,0,0.3915574424639302,0,4.615489843442996,0.07647736269499375,1.624080764663473
600064,2019,B,采矿业,1,0,21.15388570045934,14,0.09794538645386783,0.4374491726635687,-0.04760662223322931,0.01,9,0.34486662887447345,0,0.3631725669166378,0,3.1296317213564997,0.28919753488418204,1.1365914675797855
600064,2020,B,采矿业,1,0,22.064942027974553,15,-0.024801268641617753,0.35608975457245007,0.21128134777030994,0.16437756945851578,9,0.3644433943154922,0,0.4137725558740633,0,4.090524564993647,0.11305795624405357,1.5864167080696003
600064,2021,B,采矿业,1,0,22.485848408964372,16,0.026385889121184204,0.5683051798079665,0.11518788037095387,0.06753540445328168,8,0.33097693504593156,0,0.380380670303101,0,4.549727617983027,0.476079904238851,1.8762024861930342
600064,2022,B,采矿业,1,0,21.22300539003621,17,0.004736525704169478,0.45945492524380094,0.12079139231395629,0.13860106622620882,10,0.3634966884783386,0,0.3772841592138323,0,3.072664125279761,0.5392387646967767,1.1081812825519715
600064,2023,B,采矿业,1,0,22.1975441172285,18,0.07853894434306984,0.06327882417554404,0.31604190913170316,0.19572328354484464,9,0.3543981310691184,0,0.3776964984427027,0,4.135569364907229,0.37315922579936833,1.1872765661755849
600065,2013,G,交通运输、仓储和邮政业,1,0,21.78000525757093,10,0.01886735108828147,0.5160455084302578,0.13514653058164272,0.10353728229447154,13,0.3460215147864072,0,0.1466412338170304,0,3.9889173188608162,0.07245571151370764,1.1665389262809827
600065,2014,G,交通运输、仓储和邮政业,1,0,21.574137595899973,11,0.11864004146859239,0.47711243821275595,-0.25300375404474057,0.3131781799688472,12,0.38976299245127344,0,0.19205032616534962,0,3.707179629447361,0.2389069505331016,1.1008153083170156
600065,2015,G,交通运输、仓储和邮政业,1,0,21.869096952531777,12,0.032137814961326346,0.6095683828526638,-0.3109698553506059,0.09818625687317015,13,0.35324802317293125,0,0.16374085967910035,0,3.993866545431223,0.23161465591572059,1.4442386863811827
600065,2016,G,交通运输、仓储和邮政业,1,0,22.35478799008864,13,-0.007846297726448993,0.47931551220895063,-0.11941035316662219,0.15324755185650224,12,0.32232851274001834,0,0.18256453449532267,0,4.51392672439172,0.40932804138625767,1.2009190219046597
600065,2017,G,交通运输、仓储和邮政业,1,0,21.652197144771645,14,0.0629023219199606,0.44184847050162596,-0.03510930631318243,0.23485917064370543,13,0.34339375314756954,0,0.16759779360865526,0,3.658006874764356,0.42686077489338536,1.4566132433363133
600065,2018,G,交通运输、仓储和邮政业,1,0,21.954177759771895,15,0.034729315555291344,0.7317261418596922,0.15400490497148478,0.2310152901799015,13,0.3559893383272427,0,0.12569484511511586,0,3.967319502296337,0.5826169996465864,1.64405045801528
600065,2019,G,交通运输、仓储和邮政业,1,0,22.28817762279504,16,0.024541105945819337,0.2652491967063664,0.10329812806825475,0.05799537447750652,12,0.3238415621251748,0,0.21554202126599653,0,4.312791443873767,0.10835135493425518,1.2837537341530596
600065,2020,G,交通运输、仓储和邮政业,1,0,21.89375284883914,17,0.14936554662450677,0.44887766506632215,-0.04826794401781513,0.17608953186490675,13,0.3127149892547254,0,0.13462519387369695,0,3.803231086535809,0.4342174732648164,1.9612287802155302
600065,2021,G,交通运输、仓储和邮政业,1,0,22.005129544708648,18,0.0027804195643577265,0.6478374357540555,-0.13056334611950685,0.07339584452358265,12,0.3414271766405493,0,0.14335577105615835,0,3.885422893464059,0.63554600747306,1.8403887612148422
600065,2022,G,交通运输、仓储和邮政业,1,0,22.340637317720017,19,0.03212959154696139,0.49854034409057396,-0.01768378394391107,0.18645147311977983,12,0.3225243483283027,0,0.18110906698219062,0,4.231470608175643,0.7411641009558907,2.100270294076034
600065,2023,G,交通运输、仓储和邮政业,1,0,23.139851511391697,20,0.03571164185755275,0.22330410382636778,-0.03639545822072063,0.027033451722776297,12,0.3052982814638636,0,0.16622647555657497,0,5.172855818403831,0.5202444888025414,1.9818995092536837
600066,2013,C,制造业,1,0,22.146204617761658,10,0.11637525796257289,0.5248740616554173,0.003034770563071068,0.1970958155166918,12,0.3561435453734552,0,0.06213956526805713,0,4.371297885917396,0.640776489780741,2.17662642669966
600066,2014,C,制造业,1,0,21.73273531942829,11,0.0327498759378557,0.44025132068490525,0.10606827444468567,0.08556098506566971,14,0.3899635358068484,0,0.1009488137595672,0,3.8479486441579547,0.5913822661530433,2.1205314837866243
600066,2015,C,制造业,1,0,22.87877235084138,12,-0.0021203578526036507,0.22608427777914852,-0.04633575183670462,0.29988809984580944,12,0.32944949127453776,0,0.05520725075651251,0,5.164546608613768,0.7937658829002278,2.511793792333027
600066,2016,C,制造业,1,0,21.45420418744037,13,0.037331612873478755,0.5792527526987389,-0.031218876152980107,0.26711267689141893,13,0.38491742147589797,0,0.07005579846111862,0,3.467110446261707,0.3164080593420927,1.594144125772019
600066,2017,C,制造业,1,0,22.871252658635004,14,0.011164172034151112,0.5665683461170745,0.006912773789562926,0.2637658510168229,14,0.3662005039177344,0,0.0919375442457061,0,5.07936719023001,0.716041439570799,2.154636355204887
600066,2018,C,制造业,1,0,22.705055190821128,15,0.01774763302275762,0.505016422577162,-0.013808467211912673,0.23387923358691254,13,0.36909990316576097,0,0.060150710584761166,0,4.822763072656022,0.7136654307200313,2.5269611644267562
600066,2019,C,制造业,1,0,23.19854407870955,16,0.08690184600657672,0.7454252947272355,0.04869758749567121,0.2766330544410731,14,0.3601618069038988,0,0.0577674547538228,0,5.400342100019356,0.6460893449700031,2.244197365384448
600066,2020,C,制造业,1,0,24.40261779635114,17,0.04107606140142842,0.5315400695216326,0.16208044045246328,0.34371035477879097,12,0.37331800346897653,0,0.05609349143873027,0,6.928795697292599,0.7753641854971236,2.970731554133974
600066,2021,C,制造业,1,0,22.534567534584053,18,0.0624732935491787,0.6116115809301232,0.025130490958422028,0.3128093816275238,13,0.35521049823378276,0,0.07680765144148348,0,4.506402859452314,0.668189577693836,2.4201817704938877
600066,2022,C,制造业,1,0,23.067109423146434,19,0.09509838679809499,0.3329176002559099,0.23512669195553207,0.2567621218616414,12,0.38572840111029233,0,0.08526668746997783,0,5.121854708870205,0.5464994109847804,2.665292099345265
600066,2023,C,制造业,1,0,22.829802269939997,20,0.07268875755189765,0.4009126292742934,0.2396508784779564,0.16267215760972786,12,0.3914251950456499,0,0.06519726594568108,0,4.777437874659939,0.718951121697033,2.513754694568024
600067,2013,C,制造业,0,0,22.322221707732098,16,-0.01441966283334517,0.4338627018661187,0.2354217438240117,0.24786521593545086,9,0.3,0,0.289403170802027,0,4.3435107993363955,0.4974705298232858,2.2776866904998614
600067,2014,C,制造业,0,0,22.35906678197305,17,0.046207494353329444,0.48286787612138204,0.22088701516557557,0.20350905500297384,8,0.3,0,0.25805692213505826,0,4.331211191895148,0.7035837793269589,2.387332921044545
600067,2015,C,制造业,0,0,22.36059278648345,18,0.019064564257698216,0.562560215642071,-0.08918903316931484,0.04343333642749869,10,0.3,0,0.28097679405561043,0,4.294191288538729,0.6443165947126996,2.214991762934752
600067,2016,C,制造业,0,0,22.082864766368388,19,0.030266091553447623,0.3141667790627777,0.4891934563300448,0.2978866610334172,9,0.324025204270555,0,0.2851230856248193,0,3.9254712188697107,0.5795201410666067,2.2054160687805484
600067,2017,C,制造业,0,0,22.873502128341606,20,0.06113630126812373,0.5723458798430527,0.07480393133957394,0.2177555692597916,10,0.3029992646345879,0,0.2757218368861309,0,4.814838403762982,1.0442471600203083,2.936685395640502
600067,2018,C,制造业,0,0,23.231619967321382,21,-0.05749570078002318,0.34870050286239185,0.2590344231582601,0.21913136029851568,10,0.31109352351233527,0,0.27575949198906596,0,5.210043782696393,1.0446550740455416,3.188709438485661
600067,2019,C,制造业,0,0,23.46311903174655,22,0.03933943406460843,0.2638677334394845,-0.08416782378191878,0.24104520057765566,8,0.3,0,0.3026130104181989,0,5.460643358195091,1.3579880157558035,3.0751393430113723
600067,2020,C,制造业,0,0,23.615711964776533,23,0.12939011759292912,0.6734439919643458,-0.11250610704306824,0.058561675620442705,8,0.3217957926830729,0,0.2874373532656255,0,5.606575622454018,0.9837050279995929,3.4797326278825746
600067,2021,C,制造业,0,0,23.386957817046405,24,0.12852851760441705,0.4906392393897983,0.026147144643498765,0.27605496716338696,9,0.31821153753690823,0,0.26723430904518164,0,5.276478302174978,1.0002418421925716,3.604330290376022
600067,2022,C,制造业,0,0,23.866950067843838,25,0.11148391467931348,0.28087009615958386,0.16111904271033,0.05774632800624516,8,0.3,0,0.27330092230820635,0,5.845681427691844,1.1358841590773099,3.8845379503604733
600067,2023,C,制造业,0,0,24.637489634242,26,0.07018269875043612,0.6194017104309884,0.27977078000877353,0.2582700583464242,10,0.3,0,0.2926768594650082,0,6.829430200927886,1.5666667043637832,4.5324857899617745
600068,2013,E,建筑业,0,0,21.38555426512931,4,0.03360069971877343,0.46363956123348465,0.0688012318902514,0.11321233358051,7,0.33918377846812875,0,0.3129704894812985,0,3.7658858040673646,0.2829710540192334,1.5911669697006177
600068,2014,E,建筑业,0,0,21.98905629483203,5,-0.006864945381683259,0.4856629459492985,-0.07287293695105346,0.2810131966954079,7,0.35403659879619764,0,0.25293553781223277,0,4.40210252231537,0.31837261402784567,1.8536604248600634
600068,2015,E,建筑业,0,0,22.783561841866323,6,0.11091670749301188,0.3279976565095803,0.35383700594949463,0.21580554435815846,7,0.37624564136264516,0,0.29469844743472184,0,5.3007634892488,0.1958111995540896,2.3137392707031723
600068,2016,E,建筑业,0,0,21.64586064576367,7,-0.032389523520082154,0.24985490965750115,0.10700776790461175,0.20737541572064608,8,0.35544333797863925,0,0.2867184117218318,0,3.92833264221563,0.1323240454246371,1.6344345027750122
600068,2017,E,建筑业,0,0,22.45525549385896,8,-0.012225122373150932,0.5228645874423018,-0.2545771684029544,0.1164480530401345,8,0.32563182211453834,0,0.280585723747229,0,4.809799109957516,0.619399566530276,2.2242464104627593
600068,2018,E,建筑业,0,0,22.848668388599446,9,0.055257105318134284,0.2936164707272324,0.3234266953499948,0.19111105375991647,7,0.355258985866719,0,0.27691825440775975,0,5.243503939090913,0.6697827096705101,2.723673742231562
600068,2019,E,建筑业,0,0,23.038111113829498,10,0.047345694633294536,0.4241025418696337,0.07311877695674762,0.10205494880916766,6,0.328078371810441,0,0.2573921988904193,0,5.430265728401301,0.7859357092538272,2.4702217598340246
600068,2020,E,建筑业,0,0,22.893256871374266,11,0.08815440047767314,0.34001200938704507,0.3518425991849289,0.3416169189671938,8,0.3531816381119104,0,0.2754051091609845,0,5.198528101423927,0.9041561624988141,3.016329950978382
600068,2021,E,建筑业,0,0,22.787615858242486,12,0.05793852222457953,0.1736263488964137,0.32483782530485295,0.35239694234067925,7,0.3387431054284443,0,0.2965801129598276,0,5.036468810957319,0.7246767848566991,2.5648540408645273
600068,2022,E,建筑业,0,0,23.010678686381564,13,0.014045524078656092,0.22985429936246748,0.1821936862624311,0.097210020007121,8,0.3760578330015691,0,0.272823777552829,0,5.252237662038952,1.1663931092663666,2.831287853189929
600068,2023,E,建筑业,0,0,23.16989403886548,14,-0.0006173448434507733,0.03,-0.2343246740290847,0.09705418808438347,6,0.32417417001682836,0,0.294399355224974,0,5.406359001907992,0.9607293806886104,3.3883453306931743
600069,2013,C,制造业,1,0,20.686567166991846,9,0.043488622614017244,0.6758254860230644,0.15881958514658054,0.13841356776490252,10,0.36974949640993754,0,0.20208639462906808,0,2.838497889725483,0.09058381984164617,0.48795742829158617
600069,2014,C,制造业,1,0,21.431683062814713,10,0.08550988105791318,0.6367938488652622,0.3322396403647694,0.21733251972806644,9,0.3430217790179677,0,0.19997750322801552,0,3.592346113208387,0.21919687621000272,0.9708036671043222
600069,2015,C,制造业,1,0,21.85000641172794,11,0.023223153192976034,0.33683123410568727,-0.042169066117716925,0.057538271303198274,10,0.34304555996707276,0,0.20001730078403002,0,4.014189133540562,0.32295932374149267,1.551194104772337
600069,2016,C,制造业,1,0,20.947164875819684,12,0.08796960541726401,0.5667558235184484,0.17105442257656797,0.01,9,0.30152431874958063,0,0.20260557143112382,0,2.9910827763465555,0.331785076608902,0.6557448392488804
600069,2017,C,制造业,1,0,21.38154970929637,13,-0.006672754523061861,0.22436922693326677,0.3109323807867671,0.27144929484329094,8,0.3477538634063746,0,0.2186228639386472,0,3.4058308983874896,0.22281224019442908,1.265084715108267
600069,2018,C,制造业,1,0,22.38473536617364,14,0.10602112858775486,0.4765966890283348,0.4427152797061108,0.20239739541504548,8,0.3337192178394543,0,0.20696203375945865,0,4.515775957793163,0.4354267657793492,1.7743779982854704
600069,2019,C,制造业,1,0,22.469364763764247,15,0.06254180683730116,0.6303415206967239,-0.12951970105531227,0.16490864854503656,10,0.34174548878402017,0,0.1960485671741644,0,4.565947394334506,0.39090909225144627,1.4191761766264175
600069,2020,C,制造业,1,0,22.566205887661436,16,0.1224841594683791,0.42349149044001694,-0.006118260059811462,0.19809201408401222,10,0.3685027361440456,0,0.26096549723088247,0,4.638952487092716,0.42351181633109386,1.677403790383507
600069,2021,C,制造业,1,0,22.354610541967663,17,0.06055294585602808,0.396363670958539,0.26653217476650237,0.24313114099262922,8,0.34410524018838984,0,0.21849492197304907,0,4.3300037694160425,0.7447372634635034,2.0953891855014177
600069,2022,C,制造业,1,0,22.95923663208537,18,0.058247750278661595,0.3345150755103348,0.26194373970500995,0.15139843681788365,10,0.35291492519791706,0,0.2160571987585021,0,5.027782256898551,0.8210882006425027,2.0537947297696872
600069,2023,C,制造业,1,0,23.999523290321655,19,0.0768023205509599,0.5669748822629429,-0.08801020389925975,0.20432838088464403,9,0.34073487610273,0,0.19640721190866162,0,6.315198178490742,0.9389344253157503,2.491656678394861
600070,2013,I,信息传输、软件和信息技术服务业,1,1,23.049564524280655,12,0.026046175999239862,0.335681945844122,-0.020594850921308694,0.04075435884085912,12,0.4528547864162238,0,0.32173562989110016,0,5.361909553010862,0.6708094591791119,2.8503511688366774
600070,2014,I,信息传输、软件和信息技术服务业,1,1,22.97622294010937,13,0.04664218351223565,0.5509775243493682,-0.04411918620287289,0.22746480808731553,14,0.42392875084682985,0,0.3256218252777545,0,5.210910730282196,1.0149123203765964,3.2646998891305565
600070,2015,I,信息传输、软件和信息技术服务业,1,1,22.543961418390683,14,-0.08250376524054331,0.7165971140449673,0.2676484323770265,0.29420698177476573,13,0.3762075344064111,0,0.28631175178257595,0,4.649628311678374,0.9377322571589005,2.9352019025946743
600070,2016,I,信息传输、软件和信息技术服务业,1,1,23.150731283975485,15,0.056915605362141714,0.12505960074342498,0.20249805889716832,0.35242416008368005,12,0.42710014314761935,0,0.3529286119600781,0,5.357470198163218,0.9805029733939509,3.0911227351804045
600070,2017,I,信息传输、软件和信息技术服务业,1,1,22.189541790223036,16,0.047269990457485735,0.2565067898904733,0.9081544567586252,0.20067074410662067,14,0.4247218606399269,0,0.2759811008655662,0,4.1594295641578025,0.7238890940328624,2.6946076865336135
600070,2018,I,信息传输、软件和信息技术服务业,1,1,22.379407435570457,17,0.09015223101952753,0.3854266964958112,0.06047071699853716,0.3646616359542013,13,0.44592079363484266,0,0.3070061910975899,0,4.327683205410399,0.8901386343544125,3.5177163920434054
600070,2019,I,信息传输、软件和信息技术服务业,1,1,22.580604313962947,18,0.08430913998130785,0.3564944686131839,0.44278784232868373,0.12253890527110675,13,0.43717373361675615,0,0.2791829378284522,0,4.5330407517378335,0.9566273938788522,3.0668579686742787
600070,2020,I,信息传输、软件和信息技术服务业,1,1,23.23342826823972,19,0.045236154208643256,0.34835551503762074,0.394468685927884,0.15702608961370967,12,0.42167063031638535,0,0.33968859213624103,0,5.296938618080589,0.8676893232880172,3.255718401240757
600070,2021,I,信息传输、软件和信息技术服务业,1,1,23.880639439829956,20,0.04449359827675021,0.29974787454164686,0.16147193844658736,0.4600855014899071,12,0.39741358546679223,0,0.3292208652598188,0,6.093260615896692,0.7166168013571759,3.340045197592061
600070,2022,I,信息传输、软件和信息技术服务业,1,1,22.937602264963683,21,0.060872005502815164,0.12932662834788983,0.42327896266372533,0.01,14,0.4309440268707724,0,0.3236548443837285,0,4.843250214319155,1.1355677323029885,3.3189515947818107
600070,2023,I,信息传输、软件和信息技术服务业,1,1,23.169813012254775,22,0.09803713562952993,0.710436311810277,0.4499887494679271,0.1628204374744555,12,0.40784763016519787,0,0.32344928727011113,0,5.09113807960805,1.4092915993494375,3.524080824193798
600071,2013,D,电力、热力、燃气及水生产和供应业,0,0,20.383629026592892,17,0.0017383567780771651,0.6743231350488216,0.4356863027246255,0.24208061254216964,13,0.3991598707439183,0,0.6508118458420946,0,2.2062384945014717,0.05,0.8857247076453061
600071,2014,D,电力、热力、燃气及水生产和供应业,0,0,21.15316439417476,18,0.04652073641789771,0.4050591850302333,0.6181637708818881,0.01,13,0.42780733803992554,0,0.6783283734693626,0,2.9558970085885616,0.22676346560462857,1.4288163607025313
600071,2015,D,电力、热力、燃气及水生产和供应业,0,0,20.757297796718568,19,0.08029675531998795,0.5709471450537428,0.17802749660263245,0.08045233639968846,13,0.3826686864168344,0,0.6821458451986625,0,2.491349856725103,0.20147995811115538,1.5333863790672932
600071,2016,D,电力、热力、燃气及水生产和供应业,0,0,21.90494209499058,20,0.07620551313078702,0.521191175843547,-0.047180452461649064,0.13641141208146687,12,0.3893863254879804,0,0.6752818521440207,0,3.7090322422616566,0.5314541777874581,1.42213580583906
600071,2017,D,电力、热力、燃气及水生产和供应业,0,0,21.57134382248238,21,0.0983799870072195,0.3728783161764813,0.26557099616493307,0.10803600787172288,12,0.38068314962956173,0,0.6623520947143877,0,3.2907200168993525,0.3133663228316052,1.5880888353991858
600071,2018,D,电力、热力、燃气及水生产和供应业,0,0,21.77823318703012,22,0.05791494090779619,0.6274742126705025,-0.07851919406404503,0.13339866414414903,13,0.40498615584676767,0,0.6564607812562636,0,3.4709667803157305,0.7668901183476148,2.1147302999899424
600071,2019,D,电力、热力、燃气及水生产和供应业,0,0,22.921915433724138,23,0.05657698928692869,0.5244973184393966,0.14761426731574556,0.3719657950368202,11,0.39038979427516796,0,0.701316536359728,0,4.778832944384728,0.5689601758324504,2.4693929744433323
600071,2020,D,电力、热力、燃气及水生产和供应业,0,0,22.231144763701362,24,0.13674866357097598,0.6508515369449891,0.05609376148795657,0.2673191555953693,13,0.3938239128214587,0,0.6851030724247599,0,3.9037731134816362,0.7983374939393708,2.1970300536141543
600071,2021,D,电力、热力、燃气及水生产和供应业,0,0,23.215480758459726,25,0.06330104680652346,0.3280738384460682,0.22389852894061268,0.05131475997626986,11,0.39813720822255394,0,0.6747488362366568,0,5.058243092078019,0.9149556921844917,2.421188911385208
600071,2022,D,电力、热力、燃气及水生产和供应业,0,0,22.91059940750087,26,0.04728337382075559,0.5056442349726336,0.3790676268383809,0.24204567819148742,13,0.3952351089426529,0,0.6850027375241058,0,4.606836975334397,1.2274772470754725,2.95105714672539
600071,2023,D,电力、热力、燃气及水生产和供应业,0,0,23.834891336686297,27,0.07657208039837268,0.48346240115685124,0.037160566402994685,0.2832582108984286,11,0.37705002471588317,0,0.6408262579589254,0,5.755380174507755,0.9302612773459025,3.2254710626654663
600072,2013,E,建筑业,0,0,21.630165552319447,15,0.0632941777584422,0.6358968278839617,-0.30437054522435014,0.18409460811715986,13,0.3808776647568893,0,0.5224206778085776,0,3.5867741745089075,0.3752763588701822,1.8127074993925758
600072,2014,E,建筑业,0,0,21.931226855724237,16,0.04773568872129773,0.47893029802051307,0.24807311525811343,0.07003254756985691,13,0.3214490095049356,0,0.5123699779391306,0,3.8977725049144913,0.13462268958537188,1.7156708829469316
600072,2015,E,建筑业,0,0,21.75050540050334,17,0.06359490969837023,0.37589498925652537,0.2650951496824083,0.01,13,0.3177884647266124,0,0.5064574238986074,0,3.6414181487426434,0.411474726989385,2.0606998661813862
600072,2016,E,建筑业,0,0,22.41397435693212,18,0.059213308322610334,0.7485654506634418,-0.24174954915575486,0.15583944877622388,14,0.3395087458404172,0,0.4492735445807899,0,4.388068596647335,0.29620367619792787,1.3853201795764363
600072,2017,E,建筑业,0,0,22.892440142424036,19,0.008301497812900259,0.49773873690273357,-0.12058090025140286,0.07808720664959917,13,0.352470114565559,0,0.46591654570192825,0,4.9100688605848095,0.43880354261516363,2.129750457722104
600072,2018,E,建筑业,0,0,22.412714119463935,20,0.029719964883431774,0.576752483243202,-0.182768803284573,0.118088217325276,14,0.3219626916805858,0,0.47559882970512435,0,4.280203714935142,0.7611787074047545,2.319880221803712
600072,2019,E,建筑业,0,0,22.34757219141607,21,0.001352236834715026,0.32363445945488434,0.011476040343138136,0.22924708241677935,14,0.31097339034597027,0,0.5090820553396439,0,4.1644586056573685,0.5919412324468941,2.118401709006654
600072,2020,E,建筑业,0,0,23.63743047569485,22,0.0667073326343811,0.3533435969049689,-0.04029581349590278,0.13444593335124896,13,0.3329592779316044,0,0.4640142238625538,0,5.714508386477837,0.776750121156782,2.7446501912356513
600072,2021,E,建筑业,0,0,24.24451728206882,23,0.14996749960712824,0.08935193031454391,0.3809276579299452,0.3679862765044146,12,0.34391214581826746,0,0.49169501572364005,0,6.476939371048564,0.4983054588645599,2.9659186252670606
600072,2022,E,建筑业,0,0,23.70218348724578,24,0.1400664343044676,0.5626539951116478,-0.023075227737710563,0.2376223327961113,13,0.3205819619032672,0,0.4792812391121031,0,5.702409410414786,1.0260294285970648,2.8523348445764753
600072,2023,E,建筑业,0,0,22.745021971333763,25,0.06577099475727125,0.43537479638250265,0.015909311803742998,0.07216265160645209,14,0.33129405128974987,0,0.4902056732010432,0,4.458957867492325,0.9651326825129362,2.6022091172681936
600073,2013,C,制造业,1,0,22.561813355985855,11,0.0761351123847063,0.5756960720484433,-0.15240682279871157,0.33549908525184313,14,0.41525193758158985,1,0.43477992136247806,0,4.839490550816269,0.44850663878059194,1.999059114653811
600073,2014,C,制造业,1,0,22.484397310658284,12,0.07453847091332311,0.19855681649788193,0.08377353879224204,0.21711803395993734,13,0.41718600202818656,1,0.46966246814547136,0,4.688401582038041,0.6444268026513911,2.1493720268225793
600073,2015,C,制造业,1,0,21.758928410973834,13,0.10040836612060294,0.2723550574309729,0.08248326563230754,0.14935338597388703,13,0.3943448673438629,1,0.4633617271966051,0,3.8005804221479775,0.5415317348280655,2.5745604812337213
600073,2016,C,制造业,1,0,21.719535940266887,14,0.046176883141441125,0.341530260040507,0.09576988516547673,0.313874454930533,13,0.40945680006923457,1,0.45122520643737785,0,3.7029020817171308,0.6715339004990839,2.4202412862058997
600073,2017,C,制造业,1,0,21.807725887963567,15,0.059641217016930814,0.2228577113947667,-0.10395176115278751,0.050820192802243036,12,0.3846467603830444,1,0.46019600867064514,0,3.7612349934016818,1.071382347590966,2.2518309630560105
600073,2018,C,制造业,1,0,23.0257536548947,16,0.07288444114023865,0.4274140475620729,0.06316657570634408,0.13726639123078094,13,0.4068593464514141,1,0.4655644559140646,0,5.159790764577764,1.0238658878907945,2.752415391632727
600073,2019,C,制造业,1,0,22.798084067606176,17,0.009562221360398027,0.38136377032732083,0.7255641017662369,0.0879374992134149,13,0.41739900037267724,1,0.4490710335741279,0,4.842616160576527,0.9590824894266784,2.580345921284626
600073,2020,C,制造业,1,0,23.211504504540994,18,0.11014624089195868,0.287975421458874,0.26152897894932087,0.05862320737221921,13,0.40133381038225135,1,0.4646888180478438,0,5.305946819376303,1.2928393726332352,3.384868818362742
600073,2021,C,制造业,1,0,23.377964304915327,19,0.05343055822861972,0.5030599340417758,0.24386758938581216,0.2452818497056264,12,0.4030556259654438,1,0.44762454645292665,0,5.480564179699984,0.8459712415768634,2.9735595694940815
600073,2022,C,制造业,1,0,24.083224760178414,20,0.1163731365808022,0.4346484125295826,0.17228508524488567,0.2324810906144762,13,0.4095686560328045,1,0.5079181301747154,0,6.346716885010674,1.2631572190432105,3.6349315263694577
600073,2023,C,制造业,1,0,23.290387951324004,21,0.016491817982631975,0.5617579528447205,0.6280281220958617,0.13124530217248448,14,0.3807679302106823,1,0.4717049112621101,0,5.2774847583460485,1.4641494584229928,3.1865254180049627
600074,2013,C,制造业,0,1,22.125514469745486,17,0.00670020908764303,0.5101839151345218,-0.060219709814948105,0.1279199053726939,11,0.42926964944047374,1,0.5416501153276335,0,4.090814679356438,0.37355424259196846,1.3227885944379962
600074,2014,C,制造业,0,1,21.33406866062364,18,-0.01241891076521131,0.39482664026632763,0.16100904662802068,0.013815883823427355,9,0.40089783371413534,1,0.4774633126443723,0,3.1637051923873236,0.1578254636760771,0.9459110399409351
600074,2015,C,制造业,0,1,21.179197251695495,19,-0.020081209165944032,0.36834172491178435,0.7911143487858882,0.17167632249823692,9,0.4013693832483938,1,0.5194697310523858,0,2.9396161216668792,0.20287481874841182,1.6048238203385188
600074,2016,C,制造业,0,1,21.907343455260776,20,0.0331534937044291,0.278188857280415,-0.24823736832829263,0.11480904152616361,10,0.4259095008720053,1,0.5258710421296876,0,3.6973811031461015,0.5037703562872313,2.055197735667874
600074,2017,C,制造业,0,1,22.56047301105171,21,0.009043394079202488,0.4744374798548128,0.03628977869129735,0.15821965091782436,11,0.38965203992896497,1,0.5002395058382726,0,4.424959365573423,0.585644085185339,2.0067808306371706
600074,2018,C,制造业,0,1,22.647786817926434,22,0.05592293643552967,0.630082538200038,0.6952601422681781,0.16351524972802065,10,0.3833131327474048,1,0.4942217229871144,0,4.482596461782018,0.7571197818576973,2.319765325191288
600074,2019,C,制造业,0,1,22.803556104703773,23,0.06143523475742003,0.4731148158257937,0.24539934417161485,0.38868559294040883,9,0.3791101388195923,1,0.5275128675055768,0,4.6168314673415045,0.4087230733986456,2.3434228742854795
600074,2020,C,制造业,0,1,23.416534328717596,24,0.07577782824464305,0.5225079849219523,-0.11605365215890673,0.01,10,0.41394791717424784,1,0.478128163889037,0,5.351785603330592,0.6651508635890764,2.5205522479516436
600074,2021,C,制造业,0,1,22.09602454613619,25,0.002448681001537528,0.19942606229141369,0.4124414132169115,0.22356294306016117,10,0.39011394866230986,1,0.5095566265532187,0,3.7018741056840807,0.9769324607140597,2.1197559814024127
600074,2022,C,制造业,0,1,22.707783068855466,26,0.11693446199299393,0.46153088553855803,-0.09703167609566524,0.2770030244924072,9,0.42110412807733205,1,0.5105776529012415,0,4.377654877102763,0.9517297863461942,2.6827382042957035
600074,2023,C,制造业,0,1,23.250864435157016,27,0.034966409200197404,0.3028895366399769,0.5392062164297502,0.29379808876610286,9,0.4166752292280846,1,0.5383259235480706,0,5.007066681807931,0.9606855181977758,2.8083559310575428
600075,2013,C,制造业,0,0,20.625065983919857,1,0.019009675998339675,0.3516663464436033,-0.22576237807420185,0.24510986550566544,11,0.5207205820850901,0,0.5271268433644637,0,3.1083662389973385,0.05,0.3546478490491828
600075,2014,C,制造业,0,0,19.715049114207005,2,0.02032995061139974,0.5401170284514683,0.032176285905498925,0.01,11,0.4942798704552729,0,0.506793433950413,0,2.163668337284923,0.05,-0.05997799638594602
600075,2015,C,制造业,0,0,21.928871172833922,3,0.03382991347029542,0.6513641462747868,0.32076988593158606,0.15473944140362367,11,0.4732005821337321,0,0.5024823440129697,0,4.456975284899077,0.05,0.6183132665597393
600075,2016,C,制造业,0,0,21.078309708106048,4,0.03668612860427343,0.6553355183925005,0.22428418787414353,0.20512976937206012,11,0.4673503827514826,0,0.526428739089522,0,3.46127505661181,0.05,0.5412190865587664
600075,2017,C,制造业,0,0,21.475702835873143,5,0.07975792564702008,0.6168841919047231,-0.2089360725659636,0.2058927299389199,9,0.4991220459798083,0,0.5295588758096261,0,3.8451020813894363,0.05,0.6650353852480076
600075,2018,C,制造业,0,0,22.10567873192008,6,0.04441868264247889,0.5254406552616133,0.2550175346093972,0.029592881851841307,9,0.46285496447120794,0,0.49193966916630694,0,4.523541689667709,0.05,1.1437486840321394
600075,2019,C,制造业,0,0,21.261101562664557,7,0.0364798802813424,0.5179835620856694,0.06738949410488393,0.11396875377993282,10,0.4999491710588829,0,0.5338060137558098,0,3.5192618786656444,0.05,0.6368897901755444
600075,2020,C,制造业,0,0,22.079337676817232,8,-0.016973025923907037,0.6514110787067036,0.12842543227082662,0.19216589857123642,10,0.45973149326626866,0,0.5170991501850212,0,4.394851081862357,0.05,1.2700220808652
600075,2021,C,制造业,0,0,22.432083178508492,9,0.014521818589706945,0.4090709279439894,0.08042698991898581,0.07156156527999503,9,0.47005061590651565,0,0.5496805508956871,0,4.7587524577649996,0.5325523159224244,1.8331862838803896
600075,2022,C,制造业,0,0,21.70811857535912,10,-0.0013448335164221933,0.507523569893364,0.3128658846699882,0.19947826735126545,9,0.49087963649854766,0,0.49134889093768425,0,3.8943893511412773,0.06964542320221515,1.1557115563290694
600075,2023,C,制造业,0,0,22.24403796954557,11,0.03505077593840035,0.6526129301274332,0.10644389749095855,0.12648661209108508,11,0.4843296459880737,0,0.49341250339096704,0,4.449389118355716,0.4652340754305343,1.6177213370875074
600076,2013,F,批发和零售业,0,0,21.968232020142544,2,0.04341050378385668,0.5984554942580398,-0.14617837832178043,0.2466629167195214,11,0.39339580637146765,0,0.13896547702225576,0,4.495078575221056,0.48288902817046286,1.6935209146167667
600076,2014,F,批发和零售业,0,0,22.50734717790566,3,0.08237021152336313,0.29449024908523325,-0.05487731618909361,0.1944136209972958,11,0.3353250627072363,0,0.1601378054963273,0,5.0844887014956415,0.2361866457407405,2.2860730728205816
600076,2015,F,批发和零售业,0,0,21.83675950254922,4,0.09972530595601492,0.3792328187280338,0.08346107732411362,0.16043057153054074,9,0.3758661941999913,0,0.17049680959660962,0,4.255267477543021,0.8019883611768313,2.053708043522903
600076,2016,F,批发和零售业,0,0,23.043194227208154,5,-0.006034363685803491,0.2865378582474599,0.25548321264521046,0.2604251994533099,10,0.33397508072620324,0,0.20451552939893256,0,5.651049998110984,0.8005173744792713,2.0106084038037286
600076,2017,F,批发和零售业,0,0,22.170922991596708,6,-0.003543196784788004,0.3744230855757509,0.23973173964970357,0.011246969373336746,11,0.3675638775183669,0,0.17982982423927626,0,4.556871500306171,0.7754277622501647,1.9333881447782002
600076,2018,F,批发和零售业,0,0,21.127193221552698,7,0.10637666198178936,0.5514416600666526,-0.01028300834182616,0.3165763937648109,10,0.3612576528472179,0,0.15707782857099012,0,3.325973513520067,1.3287786814657112,2.2924794223026357
600076,2019,F,批发和零售业,0,0,22.7180787867445,8,0.09167966047933325,0.17136200949858021,0.089301563246344,0.01,9,0.34471226635531255,0,0.13748070063210588,0,5.128604735817665,0.6501172924916435,2.349069707177855
600076,2020,F,批发和零售业,0,0,22.822445641665578,9,0.03516647643539992,0.37804825088372307,0.3884819705362651,0.4107443111750755,11,0.35658710764627166,0,0.16259575538359766,0,5.202642809130454,0.7507155200888224,2.525068088824953
600076,2021,F,批发和零售业,0,0,24.03828495382347,10,-0.006620562639262723,0.4732407888289818,0.06250925786515756,0.16826884291153307,10,0.3765798518324032,0,0.112643920499378,0,6.711583169596826,0.9114752779734442,2.823388023940046
600076,2022,F,批发和零售业,0,0,23.154553076319264,11,0.010566407932144917,0.3514153923307819,-0.07648092958669642,0.11040569177016096,9,0.3732847729751395,0,0.19979472626821204,0,5.532759967965984,0.6763803704739219,2.779390464005469
600076,2023,F,批发和零售业,0,0,23.032124570939263,12,0.016159123155243843,0.2562148245788708,0.32500549000387025,0.1371148376014942,9,0.3926475160985696,0,0.16500215001299004,0,5.324223964164206,1.178982834057986,2.840059644865055
600077,2013,D,电力、热力、燃气及水生产和供应业,1,0,20.64945824759577,8,-0.002605332799751822,0.4804858721687602,0.029547447161482217,0.01,7,0.34174097493935046,1,0.24291856244924426,0,2.8542625890514755,0.17097441693457072,0.37507939531313156
600077,2014,D,电力、热力、燃气及水生产和供应业,1,0,21.20414732439533,9,-0.040307116682108665,0.16148361502602526,0.1311491999285695,0.13507582497513157,8,0.3275242146260606,1,0.22554014917242268,0,3.4020852850807985,0.05,0.2846217472857265
600077,2015,D,电力、热力、燃气及水生产和供应业,1,0,21.37287874083044,10,-0.04512128675890273,0.4905651555810985,-0.09633074913806841,0.3179443794234753,8,0.3334944931584478,1,0.2186644131610494,0,3.5276038160219096,0.05,0.8912371824593335
600077,2016,D,电力、热力、燃气及水生产和供应业,1,0,21.767454780377253,11,0.0909616796258411,0.7993748923774002,0.30071734668593575,0.015689103759425116,6,0.3191812255300212,1,0.22783063203811826,0,3.9345105052074336,0.2279156314742687,0.969304918063929
600077,2017,D,电力、热力、燃气及水生产和供应业,1,0,22.467153637248295,12,0.03494031152961322,0.42740557096855275,0.184778394907553,0.12096950096225004,6,0.3770420549421436,1,0.19990361166212892,0,4.695697708930254,0.19883765391461314,1.4139101892809802
600077,2018,D,电力、热力、燃气及水生产和供应业,1,0,21.36150818155123,13,0.0791933475395816,0.3804142458993112,-0.017916148822523043,0.11513647037563923,6,0.3503903561728397,1,0.2360011151416994,0,3.3870130023602627,0.05,1.1643406573115378
600077,2019,D,电力、热力、燃气及水生产和供应业,1,0,21.31555312864588,14,0.04726934084624396,0.5320155524751828,-0.17651834533448743,0.37513894231043066,7,0.30764004799571626,1,0.22966061469536123,0,3.2861300810842096,0.3357113067893112,1.168684547437184
600077,2020,D,电力、热力、燃气及水生产和供应业,1,0,22.685398183041276,15,0.10683475570267467,0.3473592766979354,0.2939679145240982,0.2510854866685265,7,0.3548600598856766,1,0.24549117833660847,0,4.821003441344792,0.49395287551791717,1.9054138268576277
600077,2021,D,电力、热力、燃气及水生产和供应业,1,0,22.642804003990417,16,0.03892908698003287,0.19945638503354374,-0.17232687082178422,0.17471032530151037,8,0.33540542062414486,1,0.2704705940249397,0,4.736149616507705,0.12479332358532702,1.7829601865691365
600077,2022,D,电力、热力、燃气及水生产和供应业,1,0,21.970705559015613,17,0.11829014721599004,0.22999945809497513,0.22963353109919898,0.09008019296586182,8,0.34947334913427364,1,0.2312881789474928,0,3.893254637972817,0.30742616787181154,1.5154325741738692
600077,2023,D,电力、热力、燃气及水生产和供应业,1,0,22.255743418729875,18,0.03008353999250991,0.4298902115961934,-0.03863509222502408,0.3373427367177114,7,0.35137783541875384,1,0.21706892718765808,0,4.174226165593954,0.6667678783045706,1.71820190588088
600078,2013,C,制造业,0,0,22.26855013083501,13,0.015020489341777299,0.29261178751621286,0.49187431274520704,0.19668692469647336,13,0.39076594798733744,1,0.243501502161249,0,4.38424919388151,0.8086751802387502,2.6946894839621525
600078,2014,C,制造业,0,0,21.515684255398615,14,0.0137820985570914,0.80680850556945,-0.33600595333378336,0.10863476844308434,13,0.3924818391331085,1,0.2681620277212474,0,3.4841923124964773,0.7429612203697723,1.8789484262360783
600078,2015,C,制造业,0,0,23.493256058822652,15,0.08926124988061626,0.10899713432224306,0.33438027296227146,0.016627681119431914,15,0.3786489161069598,1,0.2374588799664261,0,5.798207552963563,1.0435634300698453,3.647015347921765
600078,2016,C,制造业,0,0,22.183882670731162,16,0.07134650984295443,0.44229337723993906,0.34802877899892853,0.20036346505991498,14,0.3722777982864683,1,0.2065329942261266,0,4.153163497096679,0.7995559069568744,2.626982489823141
600078,2017,C,制造业,0,0,23.38084296287708,17,0.07336882352658153,0.7814305390638578,0.6479311890477407,0.1790190522622695,14,0.40170019778271304,1,0.16814153431885076,0,5.584188302846717,0.6609328994974508,2.964024811964049
600078,2018,C,制造业,0,0,22.507941700008843,18,0.05152164853666356,0.44163292518567066,0.38905992364208125,0.2796285003938452,14,0.3588059159076869,1,0.18850941047272213,0,4.453089240654349,1.283471820214733,3.163326630154514
600078,2019,C,制造业,0,0,22.393550171871272,19,0.019869090429441398,0.46017639957781814,-0.07819699172509195,0.12409183403786382,13,0.3866135261892297,1,0.22843234134722618,0,4.283368457162738,0.7258174819783636,2.3307730306151004
600078,2020,C,制造业,0,0,22.846085483190357,20,0.15347051061826983,0.504296301671715,0.4003151542642219,0.12880490592063107,15,0.37318175256312136,1,0.22691447391364042,0,4.791224076101157,0.8435429440683987,2.7533217000846646
600078,2021,C,制造业,0,0,22.511039457667582,21,0.0612429944053865,0.5095698697486458,0.20828139328776393,0.2825275238339714,15,0.351913402647097,1,0.22353828975883774,0,4.327072387769472,1.193967423634041,3.175170641201029
600078,2022,C,制造业,0,0,23.72243858861823,22,0.07664996361329421,0.48140937412427937,0.08733298180332437,0.1832562683106934,15,0.395368052962594,1,0.24831555895507954,0,5.805339589343589,0.9050486374945301,3.438651845680214
600078,2023,C,制造业,0,0,24.058504874776744,23,0.041757205413378094,0.3972093631113264,-0.19723018434208167,0.15027547346034492,14,0.3590253154717306,1,0.26023532135098415,0,6.197341211231494,1.1508742954096294,3.1759379452672802
600079,2013,C,制造业,1,1,23.333528823857428,14,0.04112702024514849,0.6444575459292443,0.10273320911467193,0.28967997473816715,11,0.32496774904636905,0,0.28349958167890177,0,5.647408857784264,0.9940410677545146,2.633977294157156
600079,2014,C,制造业,1,1,22.382970418637683,15,0.008656465384420796,0.22186312779393236,0.09005083372710221,0.09894133193508316,11,0.35739678047791984,0,0.291761020912661,0,4.44760443828042,0.5664943924559502,1.980908645873852
600079,2015,C,制造业,1,1,23.15923413867962,16,0.13743684589508043,0.6096409371774494,0.15424736294757846,0.24585223656041094,12,0.3566114541763302,0,0.28087277918308406,0,5.341820095775392,0.7994632068494415,2.7611869582778024
600079,2016,C,制造业,1,1,21.990464419481363,17,0.028319030087639203,0.46242747070039975,0.19816192580979355,0.20815735522505532,12,0.354391846745718,0,0.2734473294744528,0,3.903247344497289,0.7216213599707952,2.4418514984020128
600079,2017,C,制造业,1,1,22.745892814799248,18,0.07388021942093238,0.27883253507987593,0.09830082505737253,0.06541538617928577,12,0.3266461908580896,0,0.28306703091127533,0,4.767270489326882,0.2539220013652121,2.2523295814345334
600079,2018,C,制造业,1,1,23.027175065126226,19,0.027808722978882348,0.47189319914331856,0.2212047691258688,0.31802631761543665,13,0.3257849871764856,0,0.2512542715400354,0,5.050521415029949,0.9994518939224296,3.1804177235183877
600079,2019,C,制造业,1,1,23.029131440979047,20,-0.009593701294795795,0.7517677851711722,0.45812394639450926,0.01,13,0.33447807062393664,0,0.2696059449849331,0,5.026382195657481,0.6963561438754621,2.18306021492661
600079,2020,C,制造业,1,1,23.135743353636897,21,0.05088259008355811,0.5653251084222399,0.18514304798945885,0.31523796293185435,11,0.357184192405427,0,0.3008470729170642,0,5.108870728929171,0.7424849847096582,2.8823564120149157
600079,2021,C,制造业,1,1,24.220342807827436,22,-0.03445055591120732,0.2378173637325932,0.21328985756203425,0.10720797835089335,12,0.3224815304800586,0,0.277737488634836,0,6.478929833573215,0.5814009704145435,2.698271591933319
600079,2022,C,制造业,1,1,23.122110803671745,23,0.06834038756598504,0.4302708690468744,-0.09579617567263807,0.17694942421621665,11,0.3497652837278688,0,0.28738469163350994,0,5.009065859276404,0.8740692698058654,2.923273392342445
600079,2023,C,制造业,1,1,23.236099497367825,24,0.030730104094403108,0.03,0.4500305025886435,0.1471160604849716,11,0.3682958942892336,0,0.2775238058070958,0,5.115540299674137,0.7856255475603486,2.468097105656356
600080,2013,F,批发和零售业,0,0,22.686109131568095,16,0.10298306647301689,0.6882071522800602,0.47151981861464765,0.07912407884400435,14,0.36122564525835665,0,0.4090074288038822,1,4.77190818058935,0.7447013548475855,2.5492458488475735
600080,2014,F,批发和零售业,0,0,21.427020186996344,17,-0.020870511961999336,0.6096544203176095,0.004766732700235435,0.14318017843988956,14,0.4135836057500797,0,0.40522565524608456,1,3.2736648033735256,0.5623190103276581,1.6806973288732203
600080,2015,F,批发和零售业,0,0,22.377072124058312,18,0.08131738638833937,0.292576255767134,0.28898166769222244,0.08450237043605381,12,0.380968843872138,0,0.41988479418922564,1,4.31002172100573,0.5833726182467406,2.6614258012958456
600080,2016,F,批发和零售业,0,0,22.547091179793323,19,-0.049918374157296844,0.39982645119895677,0.05628935846346636,0.23849335027875848,13,0.3737438429590359,0,0.38649712359421307,1,4.461613932552954,0.8165392548747739,2.668221964443829
600080,2017,F,批发和零售业,0,0,21.999400877074216,20,0.0806737905884782,0.07109194089364818,0.11446305457585926,0.21262321002317872,13,0.3736957744946263,0,0.42477986823252706,1,3.784384884528643,0.420167260453625,2.825783779554738
600080,2018,F,批发和零售业,0,0,23.70673243227754,21,0.04855461855219056,0.1742127914854717,0.637583036677437,0.16725293032171487,13,0.40862596295011167,0,0.42135778876873675,1,5.82686602453081,0.9556852690254635,3.3919291532524456
600080,2019,F,批发和零售业,0,0,22.648778863356018,22,0.0359582175570835,0.3817867748567046,-0.20031931228778888,0.01,14,0.3628060295028029,0,0.40457815230056415,1,4.4615142657183435,0.7507677350869743,2.497868625896765
600080,2020,F,批发和零售业,0,0,22.58535284579634,23,0.07877972141048958,0.15932756672769538,0.1205809959536076,0.3112647580036312,12,0.39607647975984867,0,0.4148009697280588,1,4.341464103637612,0.9531851646885582,2.692678079353084
600080,2021,F,批发和零售业,0,0,23.85897376524779,24,0.06367227437625748,0.5717412767753325,0.172072037917027,0.19966779926520867,12,0.4143994243251926,0,0.4117183316966148,1,5.888133399392244,1.3008923808810016,3.5443393670962213
600080,2022,F,批发和零售业,0,0,23.3351681459258,25,0.0483998950736053,0.3409007849519866,0.3813885691101403,0.10291874066987097,14,0.394064285116956,0,0.3867116016813302,1,5.171699712814393,1.1318363153129205,3.375361378312156
600080,2023,F,批发和零售业,0,0,24.680838807923028,26,0.049570997474984696,0.4160687142140258,-0.03891133579116579,0.24433465101909016,14,0.36955964000844044,0,0.42149212568411143,1,6.905001860943814,1.3120225472613698,3.7370994178637362
600081,2013,G,交通运输、仓储和邮政业,1,0,20.12009995239067,3,-0.006945102137782242,0.7736954351594809,0.042902259724223325,0.01,8,0.3535207391758361,0,0.5278658215372267,0,2.5393872081851927,0.05,-0.4355559768299677
600081,2014,G,交通运输、仓储和邮政业,1,0,20.44909368707796,4,0.031886614162122004,0.5453081385000156,0.3443949837369884,0.03924377670803253,7,0.38144032284140306,0,0.5279487949136482,0,2.810475737618538,0.05,0.08723210158485724
600081,2015,G,交通运输、仓储和邮政业,1,0,21.57299881710472,5,0.020549510615900754,0.6977455267177184,0.17520201471219465,0.21768096137933468,7,0.37940483524722185,0,0.5251432928153394,0,3.981702919625261,0.05,0.14443993167805114
600081,2016,G,交通运输、仓储和邮政业,1,0,20.953695042025043,6,0.0630699472295908,0.5732966398748911,-0.49058228825274397,0.22525883088537157,8,0.3523423314727116,0,0.5266104735988404,0,3.2528603846353357,0.05,0.5412131043461574
600081,2017,G,交通运输、仓储和邮政业,1,0,20.885798838768494,7,0.05640112499603836,0.6151768920468492,-0.1332057397643721,0.14455535933736802,9,0.42248008912219,0,0.518266238131956,0,3.14442900722949,0.05,0.5505422248867269
600081,2018,G,交通运输、仓储和邮政业,1,0,21.759503461371477,8,0.03055866238024576,0.5122273479771753,0.11675136907639258,0.21069103161774716,7,0.42407431403227763,0,0.5401493987285667,0,4.05327766562512,0.05,0.9464473150966384
600081,2019,G,交通运输、仓储和邮政业,1,0,21.303691888458022,9,0.06671317698192285,0.23148889204977008,0.3198570067389353,0.10725957217412543,9,0.3892680941043745,0,0.5187709940030305,0,3.5151760029243655,0.05,0.5751050199886543
600081,2020,G,交通运输、仓储和邮政业,1,0,21.107085534922334,10,0.024300747477783997,0.23162857985543378,0.12089629173376379,0.07374047995658108,9,0.3811160145388272,0,0.5107182875420416,0,3.259053582016046,0.05,0.3804770675649176
600081,2021,G,交通运输、仓储和邮政业,1,0,20.78949512636376,11,0.06565313217356401,0.7098716526829726,0.27927103687898985,0.21696133093836673,8,0.3943742395903379,0,0.5633229876825108,0,2.8724842765412597,0.05,0.6501044501848369
600081,2022,G,交通运输、仓储和邮政业,1,0,22.185858660790654,12,0.06209217882121834,0.5945905098221579,0.18084545644211852,0.11060951302390566,8,0.3699100906524925,0,0.5310937789050424,0,4.378057956525,0.05,0.7952764567755553
600081,2023,G,交通运输、仓储和邮政业,1,0,21.59359004177062,13,0.07457396819328535,0.5908657043043445,0.009215996298889091,0.06688099045400964,7,0.3832811097950798,0,0.519239576259806,0,3.661291161160712,0.14544912945885596,0.47016143081436723
600082,2013,C,制造业,1,0,22.283644287872793,0,0.03316425247287225,0.203209055171383,0.07800206224653834,0.06880755913537978,11,0.3560325933498687,0,0.34537238573651946,0,4.925576938940792,0.6724293309134048,2.527013497826288
600082,2014,C,制造业,1,0,22.429250936622488,1,0.047927688739690825,0.2546501369874762,0.13361187784828615,0.09684174639579018,12,0.389927091931725,0,0.3071616147673346,0,5.055990586042252,0.7445416226624763,2.2623333866193303
600082,2015,C,制造业,1,0,22.631440094560322,2,0.03410677700601489,0.6351719711699617,0.4327176696787985,0.12389878266352,11,0.4131663372075227,0,0.3410107203338439,0,5.262076981867808,0.6141379431709337,2.8071181968986547
600082,2016,C,制造业,1,0,22.30074344601044,3,0.051321062051164,0.44063296759450976,0.29753767775868545,0.20350249585632374,10,0.3626756261880977,0,0.344480333839834,0,4.8284571807338645,0.5746522765848086,2.1953092111910895
600082,2017,C,制造业,1,0,23.396004798275765,4,0.07857895048043306,0.6229823286961096,-0.16003414105556524,0.267516398477397,12,0.4085503947342934,0,0.30480896642923716,0,6.129751460149167,0.6257408768610321,2.5539143502412225
600082,2018,C,制造业,1,0,23.08917072466688,5,0.11599107515669829,0.364055412768672,0.19168591623418213,0.01,11,0.4062453872643673,0,0.3728920623318452,0,5.706712557105453,0.3615706014134739,2.9711590080300883
600082,2019,C,制造业,1,0,22.025476736937744,6,0.03634954074464711,0.4787530632683411,0.1613436826282778,0.22411887392977112,12,0.37781636974524196,0,0.32473774798586075,0,4.386717799609056,0.4799078226308594,2.2526866721028935
600082,2020,C,制造业,1,0,22.868817517669875,7,0.013056584554889235,0.6007785238249789,-0.0875354126095576,0.19995546244181495,12,0.3369426046728134,0,0.30933941813875365,0,5.352603787294669,0.6462359910347868,2.3320527108461913
600082,2021,C,制造业,1,0,22.957531372838062,8,0.1122759815117497,0.29203769791057055,-0.1637670698982942,0.01,11,0.401854009385832,0,0.3248963790148581,0,5.434888781266056,0.5747156437016652,2.317457117216098
600082,2022,C,制造业,1,0,23.047275618218958,9,0.06829426570943281,0.49919323477229355,0.5156420687153005,0.15994189942027118,10,0.38394198651450573,0,0.3474055735930458,0,5.491576854029753,0.8356629479589298,2.4855244569789328
600082,2023,C,制造业,1,0,22.974333186017713,10,0.10594863754228082,0.31005279444954115,0.23400790693130796,0.32501910490111907,12,0.34411878195057444,0,0.2986913546411669,0,5.359665164558476,0.7784921558710146,2.750029056134898
600083,2013,C,制造业,0,0,21.41257900899146,7,-0.044786208816589436,0.7040490754619128,0.09803676144835503,0.1394560725397512,15,0.46623565420400825,1,0.2982263662856606,0,3.7079397423588047,0.05,0.4300209641511469
600083,2014,C,制造业,0,0,21.47532014670897,8,0.030168288818830827,0.32717077367746167,0.35015810436085626,0.23403445176224338,14,0.40652314688512475,1,0.302388017914327,0,3.7320046895924075,0.06495531729670011,0.7792420630080477
600083,2015,C,制造业,0,0,20.49457892356613,9,0.07207351414413354,0.5680142327519375,0.10672225913999014,0.14001397668057186,13,0.48310932023506953,1,0.30723377159763415,0,2.6448878739428534,0.32143416599980607,0.3617460439735503
600083,2016,C,制造业,0,0,21.63917428763116,10,0.005626941870975295,0.29135778014792235,0.2542149367694111,0.01,15,0.4425259482033711,1,0.32043190918927517,0,3.8229832728944886,0.17833886264294266,1.1280220383750414
600083,2017,C,制造业,0,0,21.557748170302318,11,0.07779696844461789,0.524697558561123,0.19961583104829317,0.05847128451971978,14,0.41344086197149865,1,0.30904006950371465,0,3.6889388694702445,0.10590950891532341,1.0251527921424095
600083,2018,C,制造业,0,0,22.340626958643206,12,-0.027693831337041112,0.35224075337884875,-0.16969426470846033,0.21396885607877483,14,0.4086787490652814,1,0.31831193672792973,0,4.548450641507192,0.2290468258457777,1.23874541117192
600083,2019,C,制造业,0,0,22.866597462300206,13,0.05237841042230604,0.5376302690430422,0.17320267411527385,0.1268045262016638,14,0.46130013212213355,1,0.29649311844897625,0,5.140575501854034,0.2592712450388838,1.421923223058842
600083,2020,C,制造业,0,0,22.325169098937756,14,0.0015798923854510732,0.6294597844455794,0.2896703177302502,0.3931046582264892,15,0.4070408098927252,1,0.2985244731910105,0,4.438922707629126,0.38057362586804555,1.6205542775397705
600083,2021,C,制造业,0,0,22.83072580025149,15,-0.0023031894076732395,0.5655672926925478,0.5410001783165214,0.11219451137444342,14,0.4578303255896646,1,0.31494145011018326,0,4.998620339357052,0.17492501595252957,2.0262077410154724
600083,2022,C,制造业,0,0,23.042598085566574,16,0.0041149285119081655,0.6604654608342905,0.040619330554248836,0.3506822985648086,15,0.40926626272227884,1,0.30970021937519926,0,5.221529895481019,0.45698012375450725,1.7392465890942808
600083,2023,C,制造业,0,0,21.398941799750265,17,0.12175889080660451,0.43829275358287095,0.05552254380279979,0.043437647178180966,13,0.44414589351048755,1,0.29180147932334105,0,3.2341804450324143,0.6765385301205329,1.6884410473921463
600084,2013,I,信息传输、软件和信息技术服务业,1,1,22.207370934132523,4,0.044406252068014296,0.46908695948203327,0.36421298361454824,0.24354117595513386,10,0.3326168677678255,1,0.5321129275925471,0,4.642320906483424,0.9500784724809745,3.3890550236014247
600084,2014,I,信息传输、软件和信息技术服务业,1,1,23.026263095288773,5,0.07975369023180515,0.4128437467057776,0.4265836881288674,0.020061171923491966,10,0.30238049468829775,1,0.5414792134675731,0,5.592937753418265,1.1559530961305495,3.2586217489228546
600084,2015,I,信息传输、软件和信息技术服务业,1,1,22.675703292691704,6,0.04945925735878025,0.6976433133590605,0.31295081684919446,0.12702858536770018,12,0.32506929727642747,1,0.5303945659224404,0,5.122612335307296,1.239724080376542,3.4516585009174614
600084,2016,I,信息传输、软件和信息技术服务业,1,1,23.472174270368864,7,0.06911102407252902,0.3296361389998749,0.1816121299014832,0.24838408599326878,11,0.3014566171784655,1,0.5690068830987749,0,6.075913227076573,1.2861739396723515,3.2464687769483027
600084,2017,I,信息传输、软件和信息技术服务业,1,1,23.566265011927925,8,0.07838580570863415,0.36221083227835266,0.04961645797329872,0.016622736593033816,10,0.32781126569038704,1,0.556125668370834,0,6.138062373556261,1.4370747755293816,3.9468388163531194
600084,2018,I,信息传输、软件和信息技术服务业,1,1,24.492774316472747,9,0.0730572372987459,0.6283569107638551,-0.263983063858239,0.1935710653209834,10,0.3021073058731976,1,0.5956364179760572,0,7.318074264958591,1.508080493014993,4.375592291347895
600084,2019,I,信息传输、软件和信息技术服务业,1,1,24.316951641717925,10,0.04449516428732872,0.29287697914021754,0.16898967305126333,0.12389122050084389,11,0.30533624203774223,1,0.5829688897913413,0,7.036530294368738,1.603713920826678,4.133491019833428
600084,2020,I,信息传输、软件和信息技术服务业,1,1,22.713561456437876,11,0.09627505322853086,0.5329463841087874,0.022037500901600365,0.28599456861381417,11,0.3,1,0.5689475127280966,0,4.9400995783200194,1.3015688778403716,3.7706284283045206
600084,2021,I,信息传输、软件和信息技术服务业,1,1,24.44030417836502,12,0.039726396550802824,0.25464186674614236,0.057192726560099355,0.2808111663063072,12,0.31872065982952225,1,0.5897152842416071,0,7.1235275264096956,1.882840602960087,4.131830584801677
600084,2022,I,信息传输、软件和信息技术服务业,1,1,23.16076303021893,13,0.023658392557405455,0.22908526239124005,0.3120170628437617,0.49483511542163583,10,0.3129059947908556,1,0.585378119028747,0,5.3950483329836745,1.692850420968517,4.183258300790843
600084,2023,I,信息传输、软件和信息技术服务业,1,1,24.89849920173649,14,0.01721945670844635,0.3464679138516067,0.08544462457832272,0.2499119164208642,10,0.32781347761954227,1,0.593991399866441,0,7.65714482251761,1.6641498532424202,4.534569415368265
600085,2013,C,制造业,0,0,23.877594035509937,4,0.10465903649466385,0.5675410936487586,0.08204462421194236,0.3837653573799248,8,0.33194283985136125,0,0.3789377912691796,0,6.705998381424851,1.1362912087597814,3.93934776406895
600085,2014,C,制造业,0,0,23.291523310401587,5,0.006878987238078352,0.44760653285226926,0.0940623608580424,0.16723864351078738,8,0.335445878805566,0,0.3593662194261608,0,5.915948573390447,1.1244559531772875,3.615581826765908
600085,2015,C,制造业,0,0,22.607611605174682,6,0.06555499080900788,0.3706578445359956,0.369248233250814,0.27213287776924155,7,0.35293752365209147,0,0.3170072550814338,0,5.0312733624832555,1.189519386972763,3.7601079328324047
600085,2016,C,制造业,0,0,22.200545726002616,7,0.09402708301618552,0.4878968833595061,0.10713681896795271,0.01,6,0.3227017194515142,0,0.3515490623430063,0,4.490955440972852,1.6041302624543983,3.8784530132509945
600085,2017,C,制造业,0,0,23.93378097070631,8,0.03372017531294513,0.2427229804760875,0.5366200638560994,0.297996645427682,8,0.3444430109653751,0,0.35107107523295267,0,6.615407876402663,1.5718518702099122,4.327580629880069
600085,2018,C,制造业,0,0,24.347646390217655,9,0.07924719348122142,0.45386869476827396,0.2058335259524886,0.3441394133839548,6,0.310228782276082,0,0.3518071848104082,0,7.116935674150426,1.5220693555437,4.595328341683927
600085,2019,C,制造业,0,0,24.29150821803474,10,0.13685593457248707,0.4217233727495915,0.04613871727511781,0.2991875745010551,6,0.31504106668030785,0,0.3395672402445136,0,7.000656939528584,1.559318058367829,4.536350278217664
600085,2020,C,制造业,0,0,23.74995200689544,11,0.15871078925851267,0.3089729235293937,0.2609885364402322,0.2917203036053079,8,0.31736664094301725,0,0.3465322841840125,0,6.234912166544542,1.801182522678551,4.450522004920374
600085,2021,C,制造业,0,0,24.320211053455306,12,0.11425291689025463,0.03636715781745575,0.203403125983135,0.23086068986356315,8,0.3100958411570574,0,0.3198692425972489,0,6.944405162288423,1.7429522617215327,5.130112681882088
600085,2022,C,制造业,0,0,24.433490531613657,13,0.13478125360298676,0.26602017253645416,0.14202869481378008,0.21388943349569203,7,0.3100076019442117,0,0.33842913984601547,0,7.058787278279221,1.7745689946408867,5.252405251675178
600085,2023,C,制造业,0,0,23.949906383663976,14,0.15969275555813683,0.27616462650801643,0.41079445581401297,0.1522879882131339,7,0.3311972144690273,0,0.34525302705605504,0,6.3748399937878535,1.6027096696567138,4.81368705926445
600086,2013,G,交通运输、仓储和邮政业,0,0,21.816254240516006,10,0.04636904074238711,0.35624465447161474,0.4915755213852243,0.1897681492408489,14,0.3,0,0.5947567660151752,0,3.989270785576349,0.6208279652343716,2.5031088735788805
600086,2014,G,交通运输、仓储和邮政业,0,0,22.108072842138828,11,0.052683769988752106,0.5166313033414235,0.4391712632181559,0.29317029018695384,13,0.3,0,0.6164646173905216,0,4.27663465668036,0.49277034440677825,2.2054113786096474
600086,2015,G,交通运输、仓储和邮政业,0,0,22.113358413776968,12,0.04193804888689047,0.4998375835777188,0.20524855566587424,0.12226431746172141,14,0.3113603042146635,0,0.5826757807006165,0,4.253777399130113,0.5197565417476204,2.425087610725933
600086,2016,G,交通运输、仓储和邮政业,0,0,22.473009345570528,13,0.00023041664857745975,0.2038187240322986,0.560183932305897,0.01,14,0.3,0,0.5752297989159031,0,4.637095172199498,0.5005674353691918,2.679109748312322
600086,2017,G,交通运输、仓储和邮政业,0,0,20.78764094568689,14,0.09906055154809534,0.3302037572790317,0.16515772022197334,0.1440825898959312,13,0.33536474431789043,0,0.6043396653049748,0,2.695116268467044,0.8678752923637192,2.2846228883795874
600086,2018,G,交通运输、仓储和邮政业,0,0,23.580494288989954,15,0.08129209109083037,0.3225820937819667,0.3901701709088419,0.05275610660145444,15,0.3463293051725613,0,0.6087255013023668,0,5.916331528716296,0.9611049823737606,3.2387888747693245
600086,2019,G,交通运输、仓储和邮政业,0,0,22.741242243099286,16,0.03136175233505711,0.5461663548082822,-0.0123094331484611,0.239153499990592,13,0.3251963595616017,0,0.5894958741459158,0,4.835747480224955,0.5232077231116091,2.332174756597957
600086,2020,G,交通运输、仓储和邮政业,0,0,23.495276050619605,17,0.03416339510223146,0.48903482511644564,0.2565293258074141,0.29091483501745896,13,0.3100935386221144,0,0.5631224750974572,0,5.7093807406768375,0.9605176984955998,3.1991248820235514
600086,2021,G,交通运输、仓储和邮政业,0,0,22.673182266414027,18,0.07648004875142252,0.8011102361529254,0.22439517754468807,0.156164114206837,13,0.3,0,0.6044049829159102,0,4.669428398769628,0.814781066495977,2.752083973900673
600086,2022,G,交通运输、仓储和邮政业,0,0,22.7564252399673,19,0.07911647160070576,0.4286966298335488,0.31172648712002166,0.0390220698738884,15,0.3,0,0.6138286678784675,0,4.724298441946823,0.8143179319758512,2.7443041650447006
600086,2023,G,交通运输、仓储和邮政业,0,0,23.794003101455214,20,0.002528070093234254,0.638048025263539,0.23437062461493233,0.29267763512204886,15,0.3,0,0.6188858731545692,0,5.981559116729338,1.217592418459663,2.9750675609776334
600087,2013,C,制造业,1,0,21.128224332853446,10,0.0360534897104453,0.49426059605209377,0.23274394830390222,0.45580980729166376,7,0.5994212144754663,1,0.254947661616273,0,3.2345600992772483,0.15799286882575492,1.6815618137226125
600087,2014,C,制造业,1,0,22.342069967074256,11,0.029562654920134893,0.35012335982713644,0.48266722300885556,0.45432670045474516,8,0.5604614518466443,1,0.23498261190410508,0,4.545768770473656,0.7088162144465147,2.8565528016138355
600087,2015,C,制造业,1,0,22.457607571096133,12,0.090591219528018,0.5734768425395489,0.19623518960709507,0.1953096334370975,7,0.6,1,0.2708408932868247,0,4.653361081838167,0.5695986161498819,2.766112069366382
600087,2016,C,制造业,1,0,22.70992487683605,13,0.04139125069950815,0.6712985892439267,0.4931157717351376,0.2011400906832567,7,0.5893007077323716,1,0.2416198038809647,0,4.904080790603456,0.8151950214666771,2.544291032484616
600087,2017,C,制造业,1,0,23.26656786487675,14,0.004576766337693633,0.5118481045629297,0.014513745180135484,0.11723471689662279,9,0.6,1,0.25504644334444426,0,5.547360031261311,1.0141465102324783,2.660088135334065
600087,2018,C,制造业,1,0,22.80126896537351,15,0.02733634954579655,0.4887615674889918,0.41438915422507155,0.2277815286721278,8,0.5868405612876874,1,0.30461756872656326,0,4.9258987098116105,0.9278795743886169,3.421879391963385
600087,2019,C,制造业,1,0,22.56548095729033,16,0.02422915908655207,0.24963977812172733,-0.19088015266489622,0.2169899681094095,8,0.5819337464731056,1,0.25757170556170655,0,4.588076909321848,1.1587013114145512,2.9797354982995725
600087,2020,C,制造业,1,0,23.085590136981548,17,0.034308301239591346,0.6386904643680833,0.2584287339464277,0.38990292716291963,7,0.6,1,0.27398647053307684,0,5.18679574945795,1.3273869507399865,3.3047793867220503
600087,2021,C,制造业,1,0,22.803516829509352,18,0.02546064184144603,0.35084592378830204,-0.34911420678828153,0.20380985655960632,8,0.5915858653720758,1,0.31016210277271083,0,4.789184978891218,1.2692935599657715,3.3077381774313794
600087,2022,C,制造业,1,0,22.918988991157104,19,0.04540659519552598,0.32783600619449216,0.29681696918166856,0.26179598316684904,7,0.6,1,0.2865202990345009,0,4.879094210953625,1.3312047091149504,3.6844537557795296
600087,2023,C,制造业,1,0,24.60706154603995,20,0.05227118802603037,0.3595573234895479,-0.020607352837581194,0.042524628084513266,9,0.5873103138132696,1,0.28522032623695587,0,7.047506576125746,1.2337801775798214,3.7016109679376172
600088,2013,C,制造业,0,0,21.2812653495464,14,0.037204068393866585,0.33535915585141357,0.3277104020796445,0.022158685451756394,14,0.4663280680428452,0,0.21977950138577598,0,3.244623130661852,0.6086552090908212,1.7276775225949477
600088,2014,C,制造业,0,0,22.016134173588988,15,0.04475949299949708,0.32482282290957054,-0.1362969200370854,0.060235029303623136,14,0.5055573083470858,0,0.2374678563175409,0,4.024372231018702,0.6039977663761473,2.1901464058661166
600088,2015,C,制造业,0,0,21.612953810592934,16,0.11120298606390328,0.3411153974862299,0.36562106128591076,0.2912069598187846,14,0.4940095563562623,0,0.23973657346385818,0,3.5047106725719726,0.6507040229133338,2.5413947536086994
600088,2016,C,制造业,0,0,22.541763938301727,17,0.049431378712340324,0.23648590440746545,0.25489342356998673,0.022272326157295824,12,0.4720173331463269,0,0.2270989405858196,0,4.534386369223303,0.9551694994253118,2.794251848769014
600088,2017,C,制造业,0,0,23.516633335960144,18,0.07124546932114809,0.5917535229486294,-0.0802081686094317,0.2321831917753512,12,0.49226888583576506,0,0.2195917860504182,0,5.698999455743352,0.9748457150366927,3.1868688419825886
600088,2018,C,制造业,0,0,23.115433395026834,19,0.06031204115680349,0.2952995400471383,-0.192198534224735,0.27208841910455106,13,0.4552902919784478,0,0.24843280738234405,0,5.146472536937005,1.1667988009875463,3.376239636514584
600088,2019,C,制造业,0,0,22.764119852478313,20,0.06709825661876821,0.32476656600444354,0.20463937875598848,0.4647880161741613,12,0.48966629600482264,0,0.1859953142709598,0,4.675677893781244,0.9151466728546371,2.924401209263895
600088,2020,C,制造业,0,0,23.02150303830306,21,0.0267875456645583,0.3410590653201603,-0.3626756112646017,0.01,12,0.4565510111954611,0,0.22639490894883438,0,4.950879122654244,1.0615424545513052,2.9493920765546746
600088,2021,C,制造业,0,0,23.170950634365845,22,0.02258912544273607,0.30464342180984205,-0.3420250503983488,0.26778023290626163,12,0.4439814790272958,0,0.2495426179004191,0,5.094724498358449,1.1826062111039888,2.978453202322232
600088,2022,C,制造业,0,0,23.624615879486587,23,0.05661633084843729,0.37797547785993135,0.08488878117143885,0.11278113013305134,13,0.5120895522908316,0,0.2525690996253341,0,5.624447606089567,1.074204751712569,3.60531183473671
600088,2023,C,制造业,0,0,23.87621204836451,24,0.0160201025890443,0.4789636111642468,0.13385021283207418,0.3201220450617276,12,0.501274386513526,0,0.23992157931595937,0,5.897370096028841,1.2233251596215609,3.8140268674944044
600089,2013,C,制造业,0,0,23.184359974129332,17,-0.005472100600813795,0.33224455830275135,0.3138595034035937,0.35425606943168686,6,0.35044395570627734,0,0.37996312049136755,0,5.319608335170389,0.9348140026361611,3.4409890086234403
600089,2014,C,制造业,0,0,23.237036311394665,18,0.07253479362108639,0.5232756451072372,0.18470213883198763,0.11096278726811237,6,0.37539188788710426,0,0.3776038118023894,0,5.3443298788283515,0.9986214438891216,3.544536135308299
600089,2015,C,制造业,0,0,22.460485888673762,19,0.07051696676151642,0.18483691540738906,0.19301114804023037,0.12116254630185017,8,0.34718463646941167,0,0.32394843960765235,0,4.335746616494148,1.195566880212872,4.0137240800610225
600089,2016,C,制造业,0,0,24.301561744439518,20,0.013293381396926027,0.40599400519870454,0.6072869170536263,0.178665538377821,8,0.3427698653417032,0,0.32611137314348326,0,6.650033482486936,1.2371037397796618,3.751569865215838
600089,2017,C,制造业,0,0,23.69804607572907,21,0.07907758751544444,0.3914869693727456,0.20867169242183203,0.01,7,0.3721442461701977,0,0.33707979338137545,0,5.802454355385427,1.131670457728055,3.8339516315306277
600089,2018,C,制造业,0,0,23.088882433660352,22,0.02628896403579936,0.3214284132208687,0.1221301615260319,0.18157063452824718,8,0.3726388053176005,0,0.35832237702592223,0,4.992612197510146,1.068150294007378,3.5915151451981466
600089,2019,C,制造业,0,0,22.874232897359246,23,0.07142273350102836,0.4787594626419084,-0.11271655221519403,0.2090363238854236,7,0.36932585627687065,0,0.31456571709272024,0,4.674431013374568,1.0985737644662765,3.191861881870094
600089,2020,C,制造业,0,0,23.744426022803992,24,0.030931648796827325,0.42345430692547614,0.3561173800889879,0.3900879531296749,6,0.34552823080238837,0,0.35340278008977277,0,5.737374837114231,1.0076931720424984,3.8320145068708653
600089,2021,C,制造业,0,0,23.626031714791345,25,0.14209223596256643,0.5922418731114881,0.17455686683589333,0.18168173170185056,7,0.3521159619474267,0,0.32388311100612194,0,5.536461779845062,1.2414298180250083,3.639437005689407
600089,2022,C,制造业,0,0,23.321094639784118,26,0.03941098884238888,0.3271860399623683,-0.1199824302483567,0.1928968406148689,7,0.3525057617525655,0,0.33159853474699,0,5.099271962382493,1.418052909048719,4.144090700691876
600089,2023,C,制造业,0,0,23.969025089425152,27,0.019877213562280407,0.05507482537223207,0.35605371157305166,0.20871144991631502,8,0.37924064710011934,0,0.3704894783400129,0,5.9105886294463525,1.1905401744272022,4.043739941373568
600090,2013,C,制造业,0,0,21.628455824764032,2,0.06919306127730451,0.6401897517271216,-0.2973006669465632,0.01,7,0.3223570713347556,0,0.3803755076192043,0,4.148370180489379,0.05,1.050893831061189
600090,2014,C,制造业,0,0,21.590108919667315,3,0.013457695662329513,0.3142988361108686,0.46862978968731095,0.0846415834728856,8,0.3082220873412178,0,0.3534405354899724,0,4.068217443457655,0.05,0.37847952784251904
600090,2015,C,制造业,0,0,20.281111830677986,4,0.02878170321591171,0.5666247375577037,-0.2014660448626429,0.2692924481227319,8,0.3129757988938904,0,0.38641328871726993,0,2.6327000896263124,0.05,0.38889881131176735
600090,2016,C,制造业,0,0,21.37038163430552,5,-0.015864163282625236,0.34298297861542537,0.018192157029710984,0.08785666203533964,8,0.3,0,0.4122071899420141,0,3.7253177819149257,0.37806558216799596,0.9497350003636008
600090,2017,C,制造业,0,0,22.010607715866836,6,0.0009780740993590373,0.11300340298009293,0.1494474919365119,0.01,9,0.3,0,0.38034795288300227,0,4.411580719274068,0.13881085071451532,1.2629263470927459
600090,2018,C,制造业,0,0,21.874716956470447,7,0.10693599786289931,0.822040713640763,-0.16298662619503845,0.2751801455320919,8,0.3,0,0.37449481901367043,0,4.219355689653843,0.1081587950636273,0.8698011608774914
600090,2019,C,制造业,0,0,22.03095098167067,8,0.04928631904051081,0.6331634756132434,0.07297685971353135,0.11794601685354966,8,0.3403363271547776,0,0.38479432203012814,0,4.365099597632109,0.05,0.5336289063696508
600090,2020,C,制造业,0,0,21.439475222804212,9,-0.06697562502419513,0.4978607279893069,0.09452735395513487,0.1144529945200924,7,0.3080401923782912,0,0.3965436634342725,0,3.658585212851226,0.06872861936797367,0.5651192305555448
600090,2021,C,制造业,0,0,21.45987261854997,10,0.023135937111473714,0.3953721672118825,0.4032669536085723,0.01,8,0.3005404478498585,0,0.39868273133323145,0,3.6298017072095434,0.26018125427268934,1.2929991748273777
600090,2022,C,制造业,0,0,23.04501137278206,11,0.04579177249941073,0.5461011562159622,0.1356054471116785,0.19961958151270714,8,0.3,0,0.36288262111345726,0,5.441537173847881,0.3239416435759888,1.6661375964441871
600090,2023,C,制造业,0,0,22.866283339410717,12,-0.012044442471562094,0.6743710202675328,0.029016565748413325,0.22838293807231488,8,0.3082867002456665,0,0.3833752134739118,0,5.187312574800622,0.05,1.3664389630934728
600091,2013,C,制造业,1,0,21.91588856395743,2,-0.0743374683704766,0.8024497339003243,-0.08112639441467251,0.06085907934464352,13,0.42228805497062516,1,0.2962458332295824,0,4.467517942342797,0.05,0.6439017041160436
600091,2014,C,制造业,1,0,20.89087614061832,3,0.027982546809663347,0.5060795374676742,-0.06987136744416228,0.1503709916168436,13,0.44291537174616863,1,0.35533753254603256,0,3.295275194381074,0.05,0.45606214691008196
600091,2015,C,制造业,1,0,21.821309554673576,4,0.11105024963788879,0.4646556566046381,0.32323263456911644,0.2296294822021102,13,0.40430994239443147,1,0.3346039882486553,0,4.281973954849661,0.05,1.0132833801562355
600091,2016,C,制造业,1,0,22.598342594942753,5,-0.011653380960690546,0.5616787759755825,-0.3318277835945358,0.23242794435715866,13,0.4521159911776644,1,0.33130393544409653,0,5.136250684491634,0.21693804438815206,1.0439824246545724
600091,2017,C,制造业,1,0,22.065120707403576,6,0.024311706198141658,0.43202704777441536,0.08109630735566362,0.20805688924678273,13,0.38078207342763337,1,0.3467451080239007,0,4.466795727219695,0.4429837484614384,0.9239716398162569
600091,2018,C,制造业,1,0,21.34681364755664,7,0.020007522329400874,0.5656545844134054,-0.022231307234563763,0.06900504765425665,11,0.4379854063281918,1,0.329208906492562,0,3.609946167605117,0.35068515076572326,1.371775038891051
600091,2019,C,制造业,1,0,24.243311598490447,8,0.07540453857920504,0.7041131033700947,-0.4540958347883073,0.014871478645049785,12,0.4088655789541523,1,0.308785474444169,0,7.102909301127837,0.18463869987901976,1.8284940583010934
600091,2020,C,制造业,1,0,22.524840116647464,9,-0.01489038161657899,0.5126495299010452,-0.0006771761450354852,0.08220002962667025,13,0.43788645625216926,1,0.3575023351085811,0,4.889006508900769,0.05,1.5053678991280812
600091,2021,C,制造业,1,0,21.94652828488094,10,0.033612998888613556,0.5784042941376042,0.18693787118934918,0.33368548649785634,12,0.4329422698108721,1,0.3028148948135668,0,4.17516318173924,0.05,1.0723717378430062
600091,2022,C,制造业,1,0,22.693254661450194,11,0.0015151256719208896,0.5078978377626284,-0.18064768515754742,0.011679117458688049,13,0.405590744213974,1,0.3143448752057053,0,5.011879980827592,0.21920240386216447,1.7126295047833635
600091,2023,C,制造业,1,0,22.624773600287615,12,0.012412426046335846,0.5153827073478013,0.28965986472102184,0.170523258859292,12,0.41780953614681154,1,0.3364617679867927,0,4.878588238765015,0.24917478563354292,1.2887915471094213
600092,2013,I,信息传输、软件和信息技术服务业,1,1,20.806941772497883,2,0.09822752911070476,0.6888689418224854,0.15302523713761151,0.3489190277719019,14,0.4035972178730914,0,0.3782646255914185,0,3.2284872790917203,0.37564851321105835,0.8502671566962847
600092,2014,I,信息传输、软件和信息技术服务业,1,1,21.59247583680527,3,0.07291486687091758,0.2712068174690705,0.037645096074606976,0.29359275415165903,15,0.32713922557024006,0,0.34078500238962794,0,4.033691457897071,0.28454019572143874,1.6329230435991935
600092,2015,I,信息传输、软件和信息技术服务业,1,1,21.254352284068847,4,-0.0005045967900528803,0.34526061555080356,-0.0435738372084605,0.37375579515630264,13,0.3999766430735308,0,0.3768062199210721,0,3.6273321801346983,0.26667013957690816,1.0158137184444298
600092,2016,I,信息传输、软件和信息技术服务业,1,1,22.745939741969785,5,0.04078468263966714,0.5609356206475411,0.0473833255946852,0.22191887673990182,14,0.3811126127318765,0,0.336842277323493,0,5.300878221382491,0.5044026298407014,1.5402127952119358
600092,2017,I,信息传输、软件和信息技术服务业,1,1,22.737358090960136,6,0.018602633501302986,0.24724982510751403,0.17501842573713206,0.01,15,0.34522330154697733,0,0.35284130996695595,0,5.244465249072737,0.38917720776419246,1.6966359175581727
600092,2018,I,信息传输、软件和信息技术服务业,1,1,21.315712474287686,7,0.029275442774295828,0.5776018062634549,0.5380258952308459,0.05482487239928607,13,0.3878552981502924,0,0.3724035414911672,0,3.5464484878748332,0.7472505688178096,1.984491470971369
600092,2019,I,信息传输、软件和信息技术服务业,1,1,22.83161987827507,8,-0.02732709970310096,0.6184187512865114,0.26340451505051804,0.16115901337018118,15,0.4090936708313021,0,0.38586692519194093,0,5.284337478003828,0.37754577282606794,1.4856185885626783
600092,2020,I,信息传输、软件和信息技术服务业,1,1,20.929082386966307,9,0.04752587279573846,0.5104673627146217,0.18087611222545227,0.4564038558647849,15,0.3906393062905676,0,0.3430487897841809,0,3.054060291634561,0.6219403803509561,1.6215924486703401
600092,2021,I,信息传输、软件和信息技术服务业,1,1,22.000849487142588,10,0.0338932180116694,0.32005362021008726,-0.014693869194810902,0.061837756309234826,13,0.3616713234931247,0,0.3820104511776039,0,4.201875989484564,0.6864731916864748,1.8869680429338727
600092,2022,I,信息传输、软件和信息技术服务业,1,1,21.828125863849245,11,0.03465737672203967,0.4955508769086596,-0.12474489343653866,0.1341887579355755,14,0.38127272944166907,0,0.3408286503252946,0,3.9529438688802228,0.6663093172526321,1.7512268455463171
600092,2023,I,信息传输、软件和信息技术服务业,1,1,22.704574570615407,12,0.07367696272630349,0.17439461044901555,0.18389883820725503,0.2133382250700983,15,0.3914712488862717,0,0.35089083759327566,0,4.944034294847664,0.6261607867165899,2.0987139520609635
600093,2013,C,制造业,0,0,21.147827689970704,5,0.11565383966066883,0.5289875154233252,0.020311319114772478,0.16597230209933556,11,0.3,0,0.1635757377977704,0,3.490013264518236,0.05,1.1692531987622887
600093,2014,C,制造业,0,0,21.804387438489364,6,0.08507270445506603,0.6402630441814099,-0.1427770014461065,0.1570064262618552,13,0.3377833463254617,0,0.21232951450686371,0,4.173875190671565,0.05,1.2200250915124256
600093,2015,C,制造业,0,0,21.598973841323083,7,0.0613798717792367,0.3025084045165335,-0.06351939653242894,0.06408349184769754,13,0.3418808405546415,0,0.18737737255871775,0,3.892339461192279,0.3539414082143168,1.6246365220710026
600093,2016,C,制造业,0,0,21.56351432193933,8,0.01747271263347992,0.47750006309645343,0.08882728534307525,0.1337744807926223,12,0.3158692079613125,0,0.13825950311348179,0,3.7997711486159154,0.41928346818569023,1.7038736657017397
600093,2017,C,制造业,0,0,21.418347774279546,9,0.0644378174821209,0.3560878093105235,0.11765367350261129,0.18844494555738572,13,0.3,0,0.14981215067350429,0,3.6021923711048167,0.22455599053811026,1.5114550045066981
600093,2018,C,制造业,0,0,22.01717348381648,10,0.09339452125402992,0.43187571655223916,0.3996929413899901,0.171223161365613,13,0.3369120849565965,0,0.15876486701088596,0,4.231136890603217,0.6248058774071734,1.9393898871628998
600093,2019,C,制造业,0,0,23.25821987542662,11,0.06271280662560792,0.5280707675829655,0.007508156994647991,0.2657284978216755,11,0.34619350008365773,0,0.15310474723007997,0,5.681617453283379,0.7135762846427209,2.0879781576988448
600093,2020,C,制造业,0,0,22.62899499251548,12,0.06744086166590628,0.5288567276428227,0.13559569149185335,0.29484287784317736,13,0.30952073755104687,0,0.17614521193678329,0,4.868227522336737,0.5769576133939118,2.0240429136892253
600093,2021,C,制造业,0,0,21.78425239129558,13,-0.04759729076555592,0.33873601453984,-0.0879584098127513,0.19306365816440996,12,0.34136256930656345,0,0.16367195334533738,0,3.8257333384428285,0.6700916155524432,2.28365132550116
600093,2022,C,制造业,0,0,21.467677877402544,14,0.1271156532394661,0.4077001443389722,0.05203006145794936,0.3888387220277697,13,0.3121498042587383,0,0.19023762602887098,0,3.4239891169787424,0.43509743331887796,2.3817394356008625
600093,2023,C,制造业,0,0,21.579623844161205,15,0.00578209134709947,0.47167978088946605,0.17817494781407067,0.01,13,0.3088795368812371,0,0.1827480377482298,0,3.5065259229553147,1.0378613452682444,2.07698576999887
600094,2013,I,信息传输、软件和信息技术服务业,0,1,21.893183007699832,12,-0.0032337961576006657,0.5144730678859168,0.19957409254376712,0.23154996102446201,13,0.34203965655302204,0,0.46981791873328826,0,4.024230335781301,0.4146986779404911,1.0567495574506949
600094,2014,I,信息传输、软件和信息技术服务业,0,1,21.880421364899654,13,0.14211171192966687,0.43874930872181794,0.19423595476252264,0.01,13,0.4204178134977031,0,0.46819133639064175,0,3.9593620042870166,0.3870642881145995,1.5367192403344976
600094,2015,I,信息传输、软件和信息技术服务业,0,1,21.79116913794177,14,-0.010123209597428004,0.6489705094868423,-0.07554589179822509,0.20543517060255673,11,0.34600086112269474,0,0.44153614038882166,0,3.810037218795386,0.6075689505284182,1.7376302383510178
600094,2016,I,信息传输、软件和信息技术服务业,0,1,21.853986353697543,15,0.07091552976203373,0.4734131216787278,0.27484103934866067,0.01699109279904054,12,0.32401427891564494,0,0.494650280890055,0,3.830187515822025,0.9154621686287991,1.9295070135720331
600094,2017,I,信息传输、软件和信息技术服务业,0,1,21.619689875376448,16,0.028052389439292648,0.28091320687683796,-0.18634432517681512,0.2947377325636966,11,0.35841983345085665,0,0.48057067946799437,0,3.5328731524362498,0.4500367283717922,1.5403183765127395
600094,2018,I,信息传输、软件和信息技术服务业,0,1,22.509374367782044,17,0.10341512528331989,0.5774646722706609,0.5216396777451625,0.13215603468433879,11,0.3457632585079542,0,0.4609810876743746,0,4.522930158720736,0.4137063694532085,2.1936822494437855
600094,2019,I,信息传输、软件和信息技术服务业,0,1,21.807037933240462,18,0.03399407168369728,0.41403640312597273,0.017578830285929728,0.23229330786341273,13,0.3613709042606525,0,0.45692871734245305,0,3.665592119213812,0.5627668461723869,1.4799858828992927
600094,2020,I,信息传输、软件和信息技术服务业,0,1,22.214784497896424,19,0.12440564749079273,0.8454835073859724,-0.06361379735260017,0.3303511490146016,13,0.3394844854650628,0,0.44239105691172487,0,4.08848019100127,0.29363024689646255,1.8756274573522527
600094,2021,I,信息传输、软件和信息技术服务业,0,1,22.290545113353463,20,-0.02877235078960859,0.3068037153486455,-0.0052350103256249975,0.011551816704614942,11,0.3385559461315263,0,0.4767744761589934,0,4.1374714091847915,0.5584012971232037,2.084032996401622
600094,2022,I,信息传输、软件和信息技术服务业,0,1,23.232480363879944,21,0.13657764946370876,0.6034951983588462,-0.26931895646135956,0.3610292744297583,13,0.35514495610045893,0,0.4562815932530919,0,5.240768176225405,0.5839219816226179,2.3512410920036517
600094,2023,I,信息传输、软件和信息技术服务业,0,1,21.792177128651147,22,0.021076262496244783,0.5688566232955781,0.2202391256571949,0.13874706495843345,11,0.35193405254030313,0,0.4607249549183709,0,3.468181908854582,0.7908442511432515,2.0804639387163464
600095,2013,C,制造业,0,0,21.195629294374847,8,0.01895787759173436,0.25580220251406083,-0.4379836989845989,0.29644617526148154,12,0.35099419920541824,1,0.4527318442005553,0,3.4109710207394537,0.05,1.2799536051803861
600095,2014,C,制造业,0,0,21.493770461813998,9,0.03580892270077072,0.8108183433871852,0.04287179530983814,0.26287717871998484,12,0.36964903576145197,1,0.4567794136940817,0,3.687307182481271,0.3316815901805136,1.3034457438844336
600095,2015,C,制造业,0,0,21.518525193477576,10,-0.002795753375001632,0.6045914957318037,0.05546323912851271,0.01,11,0.347624156704861,1,0.49938406582927203,0,3.66615918568803,0.46113111220395375,2.04150146861074
600095,2016,C,制造业,0,0,22.74425678455829,11,0.04951526009844376,0.45123255036491017,0.24337400985596924,0.2222701762589917,11,0.37351273836537924,1,0.4501470912549634,0,5.045926858828306,0.34111181982475186,2.1149930424844148
600095,2017,C,制造业,0,0,23.44555523104877,12,-0.010587901074582663,0.33132713493752625,0.20502184288672243,0.14101356165640458,11,0.35278812137503923,1,0.47816765653302845,0,5.889054074133872,0.2808383016940291,1.9536332021510945
600095,2018,C,制造业,0,0,22.309656568737147,13,0.11449690006749409,0.448566494636105,-0.02870313989781248,0.28635135522777144,12,0.36882670455893246,1,0.4676851489652916,0,4.4459916481151565,0.3459270001694609,1.996174398464103
600095,2019,C,制造业,0,0,21.917677434666054,14,0.03688870677491078,0.389788524835577,0.19640704935146425,0.1413758001463432,11,0.3331293926281587,1,0.4443648269012317,0,3.963375124756738,0.506576772610781,1.568753217769163
600095,2020,C,制造业,0,0,21.9242882117665,15,0.010454937190882412,0.698232632222906,0.34759361095209096,0.13364532321793898,11,0.33838762637628095,1,0.44351932518385834,0,3.924583992023686,0.3066960854375208,1.632590276173656
600095,2021,C,制造业,0,0,22.93459587820572,16,0.11227920781488408,0.49340448516229757,-0.14171050387189663,0.01,11,0.366692519851021,1,0.5028591977938529,0,5.074134625743995,0.7695862374284193,2.357001562397124
600095,2022,C,制造业,0,0,23.586893846769833,17,0.12066215858726673,0.35754044884566544,0.46573417396008554,0.16922006121511624,12,0.364628178962934,1,0.45953481045526007,0,5.86435547676197,0.6258283501833928,2.743284737155676
600095,2023,C,制造业,0,0,23.154717454918266,18,-0.019431381996497743,0.5265924741243521,0.19554949888671846,0.28047833248179194,12,0.39886192048954083,1,0.4834021933619975,0,5.262525838124665,0.8602352799501057,2.309812976696237
600096,2013,C,制造业,1,0,21.69846435009111,5,-0.09765598940901604,0.6532312902449826,-0.1723025110227629,0.01,8,0.30846951972419195,1,0.32117392661537303,1,4.068412082143744,0.22927447477659355,1.4592214176618818
600096,2014,C,制造业,1,0,22.582054588774636,6,0.02847950951398273,0.31061385215920617,0.18164300846149076,0.1632415701266533,9,0.32072580745686613,1,0.30960280970058895,1,5.052406869087994,0.7241589407413425,1.7598504463310618
600096,2015,C,制造业,1,0,22.58552521588597,7,0.14026936527878725,0.2990558957185245,0.0838764543859155,0.1583271141637897,8,0.3,1,0.32710356094376347,1,5.009498188585343,0.5386504720472819,2.6569500179829717
600096,2016,C,制造业,1,0,22.34730448783481,8,0.13795850106797847,0.5058326715410935,-0.07211335047009272,0.01,8,0.33832023039803655,1,0.2860693729722659,1,4.681037558137525,0.5977593230901255,2.2048805063434247
600096,2017,C,制造业,1,0,21.535092099754827,9,-0.0018656266772152583,0.30569682129173315,-0.14106413923709513,0.10510375462953911,9,0.3,1,0.26256124399951986,1,3.6980329728540835,0.8256287384943953,2.5726372114686824
600096,2018,C,制造业,1,0,23.28616111533469,10,0.0644752699275897,0.5455115416243194,-0.16441540594389334,0.14460901963671496,9,0.30536764744455647,1,0.3096332433411096,1,5.732985538453201,1.0808121658360077,2.9705026059678064
600096,2019,C,制造业,1,0,22.6835977334528,11,0.08811850247000025,0.39831592701312263,0.1362139210996096,0.3086332368294423,9,0.30971144498598324,1,0.29999947252855375,1,4.938348784668431,0.9025973369731687,2.5584094790254417
600096,2020,C,制造业,1,0,23.464733139305874,12,0.09137785720670442,0.20927068044976718,-0.3717844543626484,0.2173376539353314,7,0.3262711612561704,1,0.29797207108108115,1,5.867122617684323,1.1583604901480902,3.0427670451669173
600096,2021,C,制造业,1,0,22.30087835432777,13,0.021216984824913916,0.47560798816876615,0.14632578653704287,0.27036252271832373,8,0.3247829234231191,1,0.32159716588170356,1,4.401746333447552,0.8443797344885214,2.5899991685150017
600096,2022,C,制造业,1,0,24.32965064392788,14,0.10719011934147876,0.23728123259006714,0.11271472803994287,0.19533941791657095,8,0.3141211077290128,1,0.3088559218972124,1,6.923244361683005,1.0316496685969216,3.492270976330761
600096,2023,C,制造业,1,0,23.234651297487932,15,0.023111161981446457,0.13405078930093245,0.20142412111455743,0.24281093565589404,8,0.3,1,0.3012651988266408,1,5.432227306675456,1.4872344811539697,3.4671126698059984
600097,2013,C,制造业,0,0,21.757185875334976,10,0.03528946579402735,0.7522733160008632,0.439517687666092,0.1733628158437864,8,0.3900113107680603,0,0.2590363886875004,0,3.9152882246366296,0.5642520265684404,2.1031194158587243
600097,2014,C,制造业,0,0,21.4040568975459,11,0.03599559908578328,0.4694830569817008,0.1689336032004882,0.1023385657991311,6,0.3729875663560992,0,0.24349091182721966,0,3.4818239808278766,0.6692921340448854,2.144111442550061
600097,2015,C,制造业,0,0,22.62946557173887,12,0.09406180871141478,0.5306787161750348,0.08828319289987792,0.03169518552123657,6,0.3993198876618169,0,0.29149810858756914,0,4.857348852085223,0.5877542706353216,2.6624364026063705
600097,2016,C,制造业,0,0,22.08988796076865,13,0.05721562612454279,0.29759181777637866,0.02685558960179496,0.3839198373420665,6,0.40710036345683687,0,0.2966961730385526,0,4.154476539490458,0.8907811945763403,3.0272525425433265
600097,2017,C,制造业,0,0,22.96745553540582,14,-0.019467884479081585,0.36724033372060483,0.28788172406207535,0.3191213536487768,6,0.372169154214998,0,0.25872252759779296,0,5.168725967240287,1.07491901775226,3.118908542456737
600097,2018,C,制造业,0,0,21.980033494728563,15,0.09843406811721825,0.16047028020680443,0.15260714744035753,0.20930738872152224,8,0.34807361295612027,0,0.25511466645092035,0,3.9456919457332496,1.0145060178590972,3.2624597917145968
600097,2019,C,制造业,0,0,23.304558119428552,16,0.09218256241721062,0.5228875005959339,0.35281464134544926,0.142695977535549,6,0.3805397811603773,0,0.2735970987267386,0,5.49628879027317,1.45723841575715,3.4234778565628776
600097,2020,C,制造业,0,0,23.279626881543855,17,0.02082657469509854,0.3847428457926101,0.23482066954836112,0.01,6,0.3607153958637944,0,0.3005067443247617,0,5.43351669162819,1.109779441394819,3.3028227437355575
600097,2021,C,制造业,0,0,22.515068086406234,18,0.023184745977607675,0.26389425579811027,0.6350018751571691,0.16733899069967792,7,0.38151285380809474,0,0.2561026883403542,0,4.449486259529636,0.9466281747090255,3.523170029221337
600097,2022,C,制造业,0,0,23.611557574267803,19,0.06969972919890603,0.41680236017977507,0.23943884895145762,0.03971040450783539,8,0.3931372786963589,0,0.29544432424402656,0,5.76432499455451,1.3828269526427779,3.886016713519085
600097,2023,C,制造业,0,0,23.644532281018424,20,0.05633000972187455,0.33330410614911127,0.16072195804719372,0.013362268568624797,8,0.3843744498026099,0,0.2534381869661725,0,5.7619119693555065,1.2931953092134238,3.6012406882359813
600098,2013,G,交通运输、仓储和邮政业,0,0,21.39334592795061,7,-0.04991502256410773,0.6504795560123096,0.1995191609220694,0.1577191857001359,7,0.31461046441013113,0,0.505479466841236,0,3.6554111337585646,0.5492369412089076,1.5189871449956045
600098,2014,G,交通运输、仓储和邮政业,0,0,21.796004932314492,8,0.1197068125030798,0.21672928876699749,-0.29211968464089916,0.4137126735403775,8,0.30240954273920173,0,0.47929402962410633,0,4.0682387545643195,0.25817296313651716,1.5820071714697923
600098,2015,G,交通运输、仓储和邮政业,0,0,22.03068853868016,9,0.06313343545242037,0.5637222230102208,0.20671716227098375,0.01,7,0.3029250147949761,0,0.45694858187804127,0,4.303932181674178,0.186030202328553,1.6652418636843365
600098,2016,G,交通运输、仓储和邮政业,0,0,22.7107501361738,10,0.038888284498336596,0.31098442270040805,0.2263623095982476,0.10036023421250562,7,0.3,0,0.5258546628311216,0,5.076713032526315,0.09026803009752357,1.7211453186455037
600098,2017,G,交通运输、仓储和邮政业,0,0,22.159148265365587,11,0.056444633892896404,0.47682510129124644,0.11661276145843578,0.25970930065813547,8,0.30710234064398845,0,0.5181163391183042,0,4.363608663531536,0.5182708811094927,1.5274427319631263
600098,2018,G,交通运输、仓储和邮政业,0,0,22.943862236816162,12,-0.03264617439165577,0.7040522786704172,0.24961905312253835,0.03826770510802305,7,0.3283428401177735,0,0.4871727247700841,0,5.271023754828446,0.2785546445014981,1.807372921151552
600098,2019,G,交通运输、仓储和邮政业,0,0,22.448780043949387,13,0.009461013242145037,0.46069012162095213,0.4046567723875031,0.07165889143370006,9,0.3157822594824969,0,0.4835982344417058,0,4.629183689517545,0.13861768939955693,1.5907025897466718
600098,2020,G,交通运输、仓储和邮政业,0,0,22.534248326383786,14,-0.03466780460829707,0.4755504576862914,-0.15559780366038145,0.11262128311761901,9,0.3499120772749,0,0.4913526721451809,0,4.687990258048495,0.13279784878720702,1.3834485476273537
600098,2021,G,交通运输、仓储和邮政业,0,0,21.54282706074283,15,0.032760175947404824,0.45785133670280376,0.10677691988695512,0.07759501299633932,8,0.3,0,0.4683966380487838,0,3.510559560998048,0.05,1.1660741510304284
600098,2022,G,交通运输、仓储和邮政业,0,0,22.663494772280977,16,-0.03362696855972703,0.3605167887976162,0.24134460083273235,0.01,7,0.3,0,0.4995430453443227,0,4.760601028920977,0.07751256705350995,1.8004298608683138
600098,2023,G,交通运输、仓储和邮政业,0,0,22.77657022446394,17,-0.03357545399529312,0.3150147096889294,-0.1481744844786591,0.19282570160168497,9,0.31409146512541825,0,0.4996641755481325,0,4.856110064658665,0.7138031031246828,1.8711724708167337
600099,2013,C,制造业,0,0,21.384574769838913,12,-0.042035505383563314,0.5334147711827155,0.24633391809392466,0.16903227404203683,10,0.42601505402789613,1,0.16758141205484547,0,3.458732716716306,0.09244616990624437,1.012223387201772
600099,2014,C,制造业,0,0,22.078795327417343,13,0.0034016314635408537,0.45488236355493855,0.3286716832601939,0.23204174436536845,10,0.40705645578574057,1,0.16274244044885217,0,4.207070504723475,0.30814541597678813,1.128237749496216
600099,2015,C,制造业,0,0,22.648891640561857,14,0.0889629357559905,0.5587808401142239,-0.14188652009466046,0.07360821113599249,12,0.42454333834206276,1,0.17624856434383399,0,4.826204890831634,0.11050467734568725,1.9693609244579982
600099,2016,C,制造业,0,0,21.437559321675614,15,0.047778730462899904,0.42964807499640423,0.08922278443886596,0.054810776118426524,10,0.41858490486390415,1,0.1669404090959149,0,3.4007985231510127,0.05,1.1584713021194706
600099,2017,C,制造业,0,0,22.30836953833009,16,0.07152861833244245,0.44079813893366565,0.342970536665338,0.15961230266736257,11,0.45057095028909394,1,0.16192127770906348,0,4.344808214289674,0.5016224822098679,1.4563013762677752
600099,2018,C,制造业,0,0,22.425347778430854,17,0.06923387400384848,0.5508120234066947,-0.18066792461001205,0.15500187245464125,11,0.41486034872575606,1,0.16662468439811454,0,4.433371021057987,0.4563114814160076,1.6887181352213678
600099,2019,C,制造业,0,0,22.26910746096897,18,-0.026743002531260163,0.49651694496614085,0.11132944051610941,0.13510416791549062,12,0.45875065064195797,1,0.18509205802097486,0,4.214020746161377,0.5294607319642729,1.4652812644460849
600099,2020,C,制造业,0,0,22.238469215873955,19,0.0627236952450381,0.7424158633785218,-0.09717376408073684,0.11391242642310234,10,0.41779130065744224,1,0.17757888829391485,0,4.141078599933542,0.15702124008677068,1.3794118298810152
600099,2021,C,制造业,0,0,22.918952516640704,20,0.05103233423649478,0.48289129402022174,0.3667703100046183,0.2166768688599629,11,0.41712004506233247,1,0.185373473342761,0,4.911634283878148,0.5048121292729282,1.7522218731714232
600099,2022,C,制造业,0,0,22.891643477679228,21,-0.05024727686536812,0.5741074315477832,0.183905945835084,0.1947988921031553,11,0.4166750153857231,1,0.1585681778279697,0,4.818453605150647,0.6616808506667992,2.0767274287144435
600099,2023,C,制造业,0,0,22.52186129043965,22,0.03906142638870663,0.6178215832547987,-0.05219939510792679,0.07043398451622866,11,0.43758392196857715,1,0.17136271876070575,0,4.333620341461022,0.8161786702773018,1.9443724312567126
600100,2013,D,电力、热力、燃气及水生产和供应业,0,0,23.559543548675247,3,0.05925179283235232,0.6546466999860738,0.08074337952964836,0.06968194288902002,8,0.3393279919064261,0,0.05,0,6.360762984584366,0.774093965838113,3.3245427895822437
600100,2014,D,电力、热力、燃气及水生产和供应业,0,0,23.178496643802863,4,-0.02001276804812284,0.3586066432373994,0.15845562669249866,0.3413886724173971,8,0.30052330251292825,0,0.05,0,5.843979878193923,0.7595920431927816,2.8358458156180686
600100,2015,D,电力、热力、燃气及水生产和供应业,0,0,23.081110159747944,5,0.0010498663993769378,0.5949422627185714,0.380948256124489,0.2118100313419707,8,0.3596856867842762,0,0.05,0,5.68014079581212,0.9923400177546999,2.81705955931619
600100,2016,D,电力、热力、燃气及水生产和供应业,0,0,22.811780792813444,6,0.05861467066897376,0.516985556180783,0.03018255942793649,0.4114654041316781,7,0.3236773473862783,0,0.05,0,5.30917748275358,0.8997317108944273,2.60032302535123
600100,2017,D,电力、热力、燃气及水生产和供应业,0,0,23.0577823680083,7,0.01389032913956429,0.45134617793200943,-0.07722572289323756,0.28842408475067494,7,0.30937952037612765,0,0.05376484513085856,0,5.558628817239485,0.8928398350195762,3.0297456805673084
600100,2018,D,电力、热力、燃气及水生产和供应业,0,0,23.620621551502882,8,0.09637309121334914,0.29218846564400314,0.3851277662447208,0.15168073676235905,8,0.3198379709530959,0,0.05,0,6.238171837893442,0.7891852912986796,3.3059146810877915
600100,2019,D,电力、热力、燃气及水生产和供应业,0,0,22.94040979172048,9,0.028950893587379817,0.3753962642069315,0.04948706179149441,0.1927730151852062,8,0.35528087071026804,0,0.06505445256616932,0,5.327442401581353,0.7974326908887291,2.9218788642004996
600100,2020,D,电力、热力、燃气及水生产和供应业,0,0,23.412387402590983,10,0.009121425708134838,0.5046787537972891,-0.16305347759736089,0.07944653455466566,9,0.3046665501366942,0,0.079172603266583,0,5.866141254242213,1.384388698217909,3.530993201053051
600100,2021,D,电力、热力、燃气及水生产和供应业,0,0,23.577183361750194,11,0.09031634978993515,0.2445746134178732,0.38284592425890207,0.035782555208998895,7,0.3474023895869418,0,0.05,0,6.045482976231028,1.1253702601602305,3.8511795838284737
600100,2022,D,电力、热力、燃气及水生产和供应业,0,0,23.511573424021492,12,0.060044584542190714,0.5804649099309069,0.18586126060187755,0.01,9,0.31528081519349505,0,0.05799195294864403,0,5.906396964141507,1.4904104188139904,3.9634782223787104
600100,2023,D,电力、热力、燃气及水生产和供应业,0,0,23.460109155293267,13,0.10487927938236452,0.18879067845276146,0.22159420471971294,0.29744059187047456,7,0.35590360308722313,0,0.05611951953541188,0,5.8032635527226875,1.28951568715662,3.7757556679604294
600101,2013,C,制造业,0,0,22.681258615665325,17,0.05620926403089648,0.10001530577795631,-0.46967575869903994,0.09188216208963304,8,0.4248099317748952,1,0.31630514272167676,0,4.726995011516947,0.3951963031620406,2.115612502528366
600101,2014,C,制造业,0,0,21.764543547668566,18,0.01340124886980601,0.3600548171384079,-0.0326950369688364,0.17632338703460762,10,0.4034325450702328,1,0.34272579483611465,0,3.644709945189115,0.36322926445547266,1.4019490236935297
600101,2015,C,制造业,0,0,21.915367607403393,19,0.08407688767841892,0.5911078547648062,-0.24066165038859433,0.3347619462557899,8,0.40756910082974285,1,0.34901509479145015,0,3.753899441015999,0.7226095195304976,1.9648962620995802
600101,2016,C,制造业,0,0,22.58559996791282,20,-0.043837582997446854,0.602086995697545,-0.22553615125077175,0.2528010723549521,8,0.39185925431369384,1,0.3203730157566396,0,4.507418453311405,0.47962655429545575,1.7401239213563335
600101,2017,C,制造业,0,0,21.769909883999492,21,0.06336525703455388,0.2204267013656519,0.06743473811086304,0.17966729662163114,10,0.3936838057160714,1,0.3408539075450508,0,3.5068700638113968,0.23698859939074338,1.7778913286516251
600101,2018,C,制造业,0,0,21.759639884231618,22,-0.0321004913633244,0.6644681174587606,-0.11444200108630796,0.3499505665960957,10,0.3926164076242532,1,0.3408203145311668,0,3.444714983698741,0.4011236630939574,1.7286704665947112
600101,2019,C,制造业,0,0,23.07216854289704,23,0.07714468299463076,0.6772066598447688,0.4915107803536862,0.24279217433399625,8,0.3851432504152633,1,0.3609145815499489,0,4.968760133105426,0.4697537720750763,2.1539931884172576
600101,2020,C,制造业,0,0,22.3767127427964,24,0.10372864282630312,0.33576591558223123,0.4053057807719218,0.1165633986500863,10,0.3857121548111354,1,0.3523088902949169,0,4.075527986804203,0.674276258993194,2.5945271187542445
600101,2021,C,制造业,0,0,22.10038453976348,25,0.112678157123377,0.274949679220777,0.3279738650957099,0.3895833612039627,10,0.39197815995481117,1,0.3347291596507104,0,3.7108430145868585,0.762503361862708,2.25327477934762
600101,2022,C,制造业,0,0,23.459165973842936,26,0.01755934961419083,0.4663270374974875,0.002437035817579869,0.1836234162297852,10,0.36803313429207685,1,0.3478802199735883,0,5.327921154413789,0.776375442772392,2.398684999492585
600101,2023,C,制造业,0,0,22.866980176962848,27,0.025281538508978352,0.3543560434002596,0.38781899923529717,0.13615478159402414,9,0.3677051766350203,1,0.38036824010861725,0,4.536540920390988,1.0582658500573903,2.4203258707589894
600102,2013,C,制造业,0,0,22.01182757373283,10,0.041456107290358535,0.40004714177556644,-0.26945547288594673,0.050409055354643045,12,0.3526363601789563,0,0.37225663367109346,0,4.2177418182319295,0.7322097906211539,2.0480274887022816
600102,2014,C,制造业,0,0,22.099529653007888,11,0.041894336372391226,0.3366671509868843,0.2617428340657104,0.01,12,0.3296036153271373,0,0.37949627664263286,0,4.28316550008597,0.309446865412488,1.9902977212470387
600102,2015,C,制造业,0,0,22.295731096598224,12,0.07328591430092356,0.2710004073533616,0.2466550280100861,0.30519238336157706,12,0.3229854173874061,0,0.36596008830178706,0,4.4664585064012865,0.7970875682374586,2.617658830802251
600102,2016,C,制造业,0,0,22.24497805603413,13,0.08522861364483639,0.488428568008734,-0.3152628366955623,0.013428151537780209,11,0.3247492927340687,0,0.3718324295241831,0,4.370558705693228,0.6878163941325297,1.9370171023265472
600102,2017,C,制造业,0,0,22.29446436550974,14,0.02413554783202785,0.4803350833957427,0.11098243147881788,0.10931276996411719,10,0.323203711999236,0,0.3932985400004115,0,4.393967995445292,0.5385760093760117,2.3641208770811932
600102,2018,C,制造业,0,0,22.601220672164786,15,-0.017975189373231518,0.19851509557598782,0.3448476542558745,0.068830763668014,10,0.3,0,0.3700593245799081,0,4.703166392119115,0.5643230966049777,2.535709354956263
600102,2019,C,制造业,0,0,21.77679722023912,16,0.0540130261274541,0.28552503517634775,0.13021536439105735,0.11247627927897878,12,0.3164921089747067,0,0.37378939327408434,0,3.7085540786257267,0.3561410226396975,2.1617877059918666
600102,2020,C,制造业,0,0,23.628948009507514,17,-0.00183054831633888,0.33861651885049077,-0.08606819425990456,0.3284236753918905,12,0.33368508990826035,0,0.3757925709960325,0,5.898675657834871,0.9283753528991814,2.751491756470957
600102,2021,C,制造业,0,0,22.508487747895707,18,0.13409738722540213,0.37434231344275526,-0.17182096787454887,0.36122086571004514,10,0.3339990011972667,0,0.34970284270780366,0,4.465027727856375,0.6973797760425275,2.5711571446593777
600102,2022,C,制造业,0,0,22.925582854548995,19,0.02891365674003049,0.45868928056802344,0.09461894482656125,0.06342527590957905,11,0.3,0,0.3766169690966487,0,4.9288615265131135,0.8420346861767843,2.5493766448774293
600102,2023,C,制造业,0,0,24.11396180913006,20,0.006779304027420434,0.5143249107787048,0.20547911769699634,0.2798345382491805,10,0.3041452464684712,0,0.36388431781751424,0,6.412763228166154,0.907871091709461,2.7523379193888955
600103,2013,C,制造业,0,0,22.141239780741824,12,0.09309293465087802,0.4389717400082624,-0.07727293183493279,0.07775052213413383,8,0.3,0,0.05,0,4.28823473045876,0.47588789113229696,2.0493268361405934
600103,2014,C,制造业,0,0,21.538516410993402,13,0.10736190471368182,0.48380816417033967,-0.3050558746037725,0.40659361198828436,8,0.30825767237511115,0,0.061219314659386036,0,3.57031331460579,0.30191831591233353,1.811233572908577
600103,2015,C,制造业,0,0,21.816280086217354,14,0.08536232702278237,0.20728342476759853,0.1933448363095667,0.31362959767067555,8,0.305353891958456,0,0.058198836200253026,0,3.8326492809262462,0.5534216650448486,2.131287047371096
600103,2016,C,制造业,0,0,21.554189635383153,15,0.05061921004471611,0.6181069639806562,-0.03850575004311223,0.3423269206758084,7,0.3,0,0.05,0,3.5006467895806495,0.6100316986902422,1.7073447791325465
600103,2017,C,制造业,0,0,22.209929057565382,16,0.048659431634978226,0.5230511550659565,-0.2989484822359871,0.08275056014665437,8,0.3,0,0.05,0,4.1937759577151565,0.6835122772351017,2.5031235471251256
600103,2018,C,制造业,0,0,21.92642756843228,17,0.09091326684723838,0.5024016184028844,-0.19572103957218975,0.01,8,0.30247467321759786,0,0.07297033641159842,0,3.82407242785426,0.7538199495202961,2.3727297906419866
600103,2019,C,制造业,0,0,22.869827639306322,18,0.04065758275462304,0.4127395583921238,0.46558019133461137,0.28998700347258016,9,0.3,0,0.05,0,4.886844750585386,0.8032467267696999,2.2952936061992175
600103,2020,C,制造业,0,0,23.51366060951736,19,0.025383350818066596,0.2406949553734889,-0.033688169615746805,0.4345635202687832,9,0.3,0,0.05,0,5.667454807271485,0.8540873874062623,2.775202585822606
600103,2021,C,制造业,0,0,22.66871696255622,20,0.03871476160646586,0.21459380014708979,0.025167302712030104,0.07199170880445044,7,0.3,0,0.07560925468629755,0,4.559340381894127,1.044384143342302,3.03377368065669
600103,2022,C,制造业,0,0,22.9471985669746,21,0.10881842173622278,0.26272054271783307,0.16433038871889913,0.22386332194961764,7,0.3,0,0.06542595164879215,0,4.8483147473356185,1.0269142623708314,3.3119640369354326
600103,2023,C,制造业,0,0,22.91381693298878,22,0.12963216064074362,0.24260315823389186,-0.2704409678786162,0.2646196880951007,8,0.3,0,0.051049932769549916,0,4.753936226697156,1.6610790589496442,3.5710076740185452
600104,2013,C,制造业,1,0,22.222209572793865,1,0.023063140141176015,0.35140500601341745,0.11428694254452168,0.3567546083313896,11,0.41845746510144866,0,0.4172355370071412,0,4.8327485406946415,0.31535070009980887,1.9585628798496053
600104,2014,C,制造业,1,0,22.341249629966438,2,0.059859799898236254,0.6451703061786285,0.19148421216783956,0.15291217334122945,13,0.37215440488194085,0,0.3963193001470438,0,4.936390100240553,0.38068780200459185,2.137395570987879
600104,2015,C,制造业,1,0,22.167067733042384,3,0.004039449611112515,0.5710206547051464,-0.380434962845547,0.01,13,0.39959289488024097,0,0.4007459206709538,0,4.686841866934671,0.19219417217712031,2.1102305690283023
600104,2016,C,制造业,1,0,22.030637517344754,4,0.10463167561543696,0.3413262994433771,0.21330749779339409,0.042490797306726835,13,0.40492078529095116,0,0.3859320327009128,0,4.471413678582176,0.6854635725202858,2.226080806332791
600104,2017,C,制造业,1,0,22.222539157660158,5,-0.05099582511722264,0.45870827730647906,0.20692978547074498,0.26117510470359406,12,0.3701201392583546,0,0.3927118448124322,0,4.642508664840971,0.7633807018997552,2.451536343304106
600104,2018,C,制造业,1,0,21.53762213941933,6,0.10895798391362618,0.5485820895727501,-0.0020239695212073694,0.2839056059244533,12,0.40895195048733485,0,0.3628633009966882,0,3.8240413504487805,0.730427937556248,2.3247166883958688
600104,2019,C,制造业,1,0,22.65124243772852,7,0.0869485625966492,0.5530564074444827,0.48645548307359976,0.1357911130030237,13,0.39627904940490016,0,0.37237129698589777,0,5.075699101557756,0.8043599300724849,2.2924983028626356
600104,2020,C,制造业,1,0,23.15301723832386,8,0.06702828843149349,0.6709176674611633,0.11766399063449182,0.433527356746475,13,0.40491578591988553,0,0.42140664702871045,0,5.651198775312291,0.864758456836104,2.5273321047080075
600104,2021,C,制造业,1,0,23.655124883146833,9,-0.054743260454886394,0.2980118938665359,-0.290915049283349,0.21745063797423655,11,0.41959737552826676,0,0.401612157855188,0,6.264854098445946,0.5659416029379258,2.513416570936475
600104,2022,C,制造业,1,0,23.175094688305844,10,0.029783349333540213,0.31032991565711227,-0.22445920539160452,0.21731635317952555,12,0.40614102640692024,0,0.40204200699940895,0,5.592693214507367,1.1524411406080735,2.8128305610928663
600104,2023,C,制造业,1,0,22.450549903413645,11,0.0709003934969924,0.2756748898758643,0.3728591719591108,0.0891293017033985,12,0.4377262651845783,0,0.36638240442605374,0,4.652299649432874,0.5895269088554713,2.9509730408456916
600105,2013,K,房地产业,0,0,22.412319959880882,14,0.04132476808228189,0.26364055019750976,-0.07170788881765783,0.08580125907457091,11,0.3927062682742933,1,0.4530505872467114,0,4.536379031049869,0.5047632555932962,2.0100188525856604
600105,2014,K,房地产业,0,0,22.351808050897027,15,0.023090062617660327,0.26015700634451905,0.3536662734686695,0.059007741711600115,9,0.4311007879782859,1,0.4710180349004397,0,4.418398596236508,0.5624272631681777,1.896134513728722
600105,2015,K,房地产业,0,0,21.53351423042633,16,0.030088247563854524,0.5234235848535773,0.11078084921948896,0.32327320428219447,10,0.3683177814072281,1,0.45689146293136884,0,3.4411567727930645,0.3852132164381401,2.1926550604055315
600105,2016,K,房地产业,0,0,23.393946859869082,17,-0.0002837153176938334,0.34770321634386986,0.28503171420190043,0.25013673993733554,9,0.3914534307362499,1,0.4448752465164461,0,5.606542939779489,0.631634953415972,2.442564640497822
600105,2017,K,房地产业,0,0,22.532222879287623,18,0.044952009699871134,0.3525587454259891,-0.42945702616213915,0.17053939850716687,9,0.40969973971332435,1,0.47217289307605836,0,4.5008159971312836,0.826271678674663,2.2698527146342107
600105,2018,K,房地产业,0,0,22.247414950476944,19,0.06598711456118281,0.44340419260573044,0.4252653158361256,0.2311141128034846,9,0.387918673312338,1,0.45980740168168033,0,4.110166557329712,0.7331203637431752,2.9488244043636698
600105,2019,K,房地产业,0,0,22.263223822264653,20,-0.01316459275023444,0.4701783734817859,0.27257227332263323,0.20863213782270193,10,0.4025275198884817,1,0.47622504893820655,0,4.096716843425728,0.6063902602511961,2.028937115794221
600105,2020,K,房地产业,0,0,21.698272566039396,21,0.02974832664658749,0.4780444552992269,-0.2589147094932551,0.01,11,0.3740590608533882,1,0.4962172390845907,0,3.3887765846380247,0.8506397992648072,2.5141547549241228
600105,2021,K,房地产业,0,0,23.73866239200135,22,0.10122571480512078,0.5081643961070361,0.07732701372938511,0.14078826781250353,9,0.3642452610095629,1,0.4975903014130164,0,5.8342828064195995,0.9301974063402326,3.0760606044224756
600105,2022,K,房地产业,0,0,23.411852595663238,23,0.04171795207861911,0.2505807794510252,0.1823118898767595,0.4345427082106925,10,0.34026171492279705,1,0.4692840539531889,0,5.3691886478355775,0.8360109744392066,2.8630395624651586
600105,2023,K,房地产业,0,0,23.65904717847716,24,0.11174182019244377,0.34433344526619214,0.27526820726734613,0.20782119884050454,10,0.3953263806930173,1,0.49752879442179715,0,5.643460577497967,1.0208428610162488,2.749099056174944
600106,2013,C,制造业,0,0,21.402448654254812,12,0.08863027766229646,0.42656970969446606,0.04965182583613251,0.22651853801827265,13,0.3302365956090895,0,0.31117116707181813,0,3.493947610071308,0.05,0.7899200913871225
600106,2014,C,制造业,0,0,20.893009032254238,13,0.0711155324407882,0.429208424437715,-0.10274710828324511,0.07867862642303744,15,0.30244000250929204,0,0.2739307558510136,0,2.9072218426483194,0.05,0.5851914318989526
600106,2015,C,制造业,0,0,20.464084264957297,14,0.015358104438255351,0.47962645979396645,0.2586005572559614,0.1451000575294191,14,0.3470723947335228,0,0.2920900558201447,0,2.4151930124733623,0.05,0.8245464607997854
600106,2016,C,制造业,0,0,21.086194665708085,15,0.056179022576241806,0.5415243446532905,0.024670083067038613,0.14004353861727614,15,0.3,0,0.3294117659480397,0,3.012251185024585,0.05,1.0798869499707837
600106,2017,C,制造业,0,0,21.455480611250497,16,0.01218489726561544,0.6804979436305333,0.12477421620137327,0.07809348119604496,15,0.36240754832523564,0,0.27862887831679745,0,3.3795241754374916,0.14026739536748872,0.7506459464943491
600106,2018,C,制造业,0,0,22.057258473288318,17,-0.01227864489900185,0.7011574240564871,0.08589729314824711,0.044706258513040054,15,0.36934313681666675,0,0.2655066481386726,0,4.012442824088888,0.3409066831454124,1.3784543256603583
600106,2019,C,制造业,0,0,22.131886733514946,18,0.02029560473312763,0.8239386076335704,-0.1627792026454409,0.1138346727439786,14,0.3609616687929007,0,0.3017614342645833,0,4.060400348252789,0.6191310133371576,0.9888969694012015
600106,2020,C,制造业,0,0,22.31394525166191,19,0.08039002051659662,0.26335633417103577,0.1909337866303369,0.23129474666225647,15,0.339718425628937,0,0.2820795079560485,0,4.218650525878142,0.185506124927455,1.64927212189903
600106,2021,C,制造业,0,0,22.42917633021903,20,-0.04731270701962111,0.3233451562701076,0.0010597952180669834,0.18485913911296376,14,0.3459776185558524,0,0.29419141245514957,0,4.323722366506671,0.6673747160075256,1.6026638161643416
600106,2022,C,制造业,0,0,22.846301761276333,21,-0.07172487592712283,0.3516631477951489,-0.4024544388390272,0.09098920083392205,13,0.3544242440628046,0,0.25942271090110963,0,4.777294745921335,0.6580136081074063,1.984550012306176
600106,2023,C,制造业,0,0,21.83009272193093,22,0.02574809232854867,0.36875609830071876,0.0621035481631625,0.09278725297010423,15,0.35188808231078533,0,0.29504869479024093,0,3.528722074727036,0.5518506726877879,1.5828685558425488
600107,2013,C,制造业,0,0,21.00509213665682,1,0.04873450731895837,0.5390345420322201,0.19206063687539554,0.01,13,0.38223334328652847,1,0.43116352149141646,0,3.489633709846588,0.26707445384367,1.0250492973875436
600107,2014,C,制造业,0,0,21.215175706066987,2,0.06015227620251119,0.6596621759457034,0.12849828693324,0.06482440051057976,12,0.36576463824154315,1,0.4149332566625463,0,3.671645385628649,0.1897982509127112,1.2192586219604884
600107,2015,C,制造业,0,0,22.147863124187385,3,0.031139447779194515,0.37543905406884537,-0.1327934898764313,0.05445713339541883,12,0.35720363772362784,1,0.4192377463055963,0,4.676463867301395,0.22875992413043963,1.6430728145432123
600107,2016,C,制造业,0,0,21.548951119315475,4,-0.0037856888380991965,0.3714623300165792,-0.0895205931456683,0.28503197328175045,13,0.34258159159006074,1,0.4081763030708974,0,3.940695393544717,0.41406627039021227,1.2504714342768541
600107,2017,C,制造业,0,0,21.45040752967327,5,0.07918430509976257,0.7344266240505797,0.48587376584240466,0.20222886445962018,13,0.3608960736460424,1,0.44456213731003774,0,3.8019671605361944,0.35343581291613396,1.5005399678757327
600107,2018,C,制造业,0,0,22.371904175879642,6,0.042716248335443414,0.601456031494874,-0.20079940894646453,0.21681310446305585,12,0.3696517977332194,1,0.45491020253172826,0,4.8170184854492515,0.2571657028445652,1.4664523020823461
600107,2019,C,制造业,0,0,21.762826091573842,7,0.03794914176803116,0.5469816717709586,-0.18281300183260737,0.22954611291358945,14,0.37133146051181853,1,0.43634616873267895,0,4.067834504782842,0.4387212866283034,1.2954795219055
600107,2020,C,制造业,0,0,22.13631997204166,8,0.007312834778513376,0.2970735268193355,0.398828533408387,0.19069634917981362,13,0.3359991257603457,1,0.4137740354875166,0,4.464833452216172,0.08488718022160593,1.4456176333312893
600107,2021,C,制造业,0,0,22.2345420527357,9,0.10202315951276078,0.4511977739714281,-0.1362967962446075,0.11076797393564944,12,0.35609860968804585,1,0.427161042728327,0,4.519134503877687,0.7657930239235243,2.291332698404584
600107,2022,C,制造业,0,0,22.78251754505422,10,0.016659262533555975,0.4869668045616511,0.07564508513357919,0.23865818021579355,14,0.345362960196305,1,0.4216169580684059,0,5.146047262298349,0.38566286676510403,1.7119337685481129
600107,2023,C,制造业,0,0,21.68342911834501,11,0.04967560515650899,0.4675648301903212,0.15664222947213768,0.16609768951319942,14,0.34708389037067255,1,0.41484778673017014,0,3.808170583937086,0.4670048188611839,2.02435930868407
600108,2013,C,制造业,0,0,22.089857484811557,1,0.00210140985093573,0.2475394385419911,0.15178941763543852,0.2560555210458011,13,0.378832206812675,1,0.23616635702547165,1,4.656930132474138,0.6212112615567635,2.38081380688424
600108,2014,C,制造业,0,0,22.722026505778672,2,0.07148112885757171,0.5031722094701904,0.26415780949852685,0.12253507062425996,14,0.3341483737267189,1,0.29895373835734057,1,5.366843517763359,0.7066560146076302,2.616205822768251
600108,2015,C,制造业,0,0,21.362141113928693,3,0.06380517280353924,0.5298011420674047,0.31114792478027686,0.1196054414935464,13,0.31955207716265016,1,0.28618596354946957,1,3.752950705386077,0.7128386440281924,2.3769078480099273
600108,2016,C,制造业,0,0,22.62789583163718,4,-0.010325581406232756,0.4612852966381598,0.0947380028496716,0.31874275254087686,12,0.34992204133702104,1,0.2756295302724561,1,5.169590554487664,0.8466973048589728,2.643475678862057
600108,2017,C,制造业,0,0,23.214083454369906,5,0.025825255064932266,0.07689984209811146,0.10706454056858407,0.3391632133837188,12,0.39135113057860776,1,0.3381367809146947,1,5.847552002238897,0.6790175444200843,2.896988612236984
600108,2018,C,制造业,0,0,23.732124418818405,6,0.05544380229168419,0.2987992942846228,0.054567175992536396,0.28333415037266013,13,0.3522139828182711,1,0.28380191666292565,1,6.462474234549114,1.0735913047137478,3.5584024494824793
600108,2019,C,制造业,0,0,21.872172181645205,7,0.006708261490096221,0.42006018649813376,0.08441937602298107,0.36679276255049675,13,0.3153002617032019,1,0.2714858447490094,1,4.1382053535955,1.3646591695525137,2.9559390631646454
600108,2020,C,制造业,0,0,22.485907971795974,8,0.07628777594437036,0.45800423540670215,-0.1502402795595222,0.17668463943947238,13,0.3487259126516351,1,0.26476121207040176,1,4.825107996198172,0.7387442068554733,2.941251735809993
600108,2021,C,制造业,0,0,23.563707815157663,9,0.044522576685818605,0.46185916416564426,0.2770669443310715,0.2134558924740488,12,0.34589540987466055,1,0.30793179860392056,1,6.109595183088784,1.3080810869886987,3.265998933886412
600108,2022,C,制造业,0,0,23.047555693990002,10,0.031696198953773666,0.5580039920101049,0.28968923417715575,0.15127981676133703,12,0.38569348694267086,1,0.2977332293967974,1,5.412568728644953,1.1380193966653829,3.5663514322513983
600108,2023,C,制造业,0,0,23.338942677759974,11,0.09796719474085475,0.2795858902117557,0.27952462327288746,0.28037086836917013,13,0.35404102886134037,1,0.2789203568458424,1,5.7313311104604265,1.15327305395882,3.5350480812669645
600109,2013,K,房地产业,0,0,20.97803334690681,14,0.033955621765344515,0.4970059127604614,0.15777001868800725,0.15481654352215773,7,0.30478982870011656,0,0.14681096466327326,1,2.965858332850377,0.05,0.39431743568640626
600109,2014,K,房地产业,0,0,20.781788608050544,15,0.06902349549963133,0.3561050599341158,-0.10761034896654716,0.4987624432354365,6,0.3239879692720756,0,0.13909035116820473,1,2.7068282955399168,0.09998773189768762,0.564875843194149
600109,2015,K,房地产业,0,0,20.951666823857234,16,0.014814747947321618,0.316664254976319,-0.07546473373334989,0.21159217570167116,6,0.3063350067024892,0,0.10571272841997657,1,2.848424067038122,0.05,0.607518353311863
600109,2016,K,房地产业,0,0,22.355411551349953,17,0.06456829333020049,0.7018648304154789,-0.0831248553104232,0.2883110545822951,6,0.3,0,0.09511638553502859,1,4.39290656954817,0.05,0.41843012794842316
600109,2017,K,房地产业,0,0,21.720059214585362,18,-0.006385449058235782,0.4002529502708938,0.014430621255074001,0.09541206383402509,8,0.3,0,0.10052282494106526,1,3.5969830899165682,0.12912645765569514,1.0901827618018667
600109,2018,K,房地产业,0,0,21.98716954309482,19,-0.03287814899458976,0.48058725521826984,-0.04639863559514226,0.07439929448301721,7,0.3,0,0.13755659412890517,1,3.861027174409137,0.05,1.2029626935712412
600109,2019,K,房地产业,0,0,22.30797312220752,20,0.040443979764445095,0.48359111798978466,0.09138064029898545,0.14192196615679192,7,0.31064226642616316,0,0.11233395188017116,1,4.190593100384409,0.09518605954603487,0.9611750447365186
600109,2020,K,房地产业,0,0,21.642803657841142,21,0.024292223240658953,0.5170954151447453,0.07873896805693566,0.30594272177752774,6,0.3025103303553383,0,0.11908866722949807,1,3.3820058861285873,0.4513315953789022,0.8608062412897555
600109,2021,K,房地产业,0,0,22.028798947141993,22,0.006730169344793851,0.5784081893204126,-0.04064838194946571,0.08255662846677891,7,0.3,0,0.14168076213911096,1,3.7751177612035223,0.3802545188920548,1.2704522241174614
600109,2022,K,房地产业,0,0,22.38394007944675,23,0.12046738397158716,0.5314167116865763,0.19900580628597253,0.18631674460658146,8,0.3,0,0.1391869960477712,1,4.135582126675045,0.6635368188118823,1.82382567100807
600109,2023,K,房地产业,0,0,21.815396888239626,24,0.0027375644379443592,0.5481656820342086,0.019286433358126118,0.08868888551948503,8,0.3064753706884571,0,0.1291871861913648,1,3.431635174358943,0.6653609712929784,1.5104106630529028
600110,2013,E,建筑业,1,0,21.377458564422497,15,0.05171952667383148,0.3234282268739992,0.08573944129482551,0.05184020376881959,6,0.3479666686433433,0,0.48748006927996645,0,3.3181146142180835,0.22079180010123006,1.5943172008140973
600110,2014,E,建筑业,1,0,21.446793757130784,16,0.05775905895508375,0.4421626007558232,-0.03021860865166022,0.20533061532881652,6,0.34992473091405757,0,0.4969220665957388,0,3.346125553092142,0.5508413450487324,1.4076674875893558
600110,2015,E,建筑业,1,0,20.933763909021472,17,0.05919161972312361,0.32548503485327607,0.05504861353462391,0.3357478026861257,6,0.370307678878607,0,0.5256983537673092,0,2.7636485686596846,0.41864808481586924,1.2410858078841067
600110,2016,E,建筑业,1,0,21.46780743267845,18,0.009590271259004628,0.27089941174317755,0.20998961063726448,0.32252691164955793,7,0.34741929797331894,0,0.48655448023691356,0,3.2815226613089234,0.4429743716703296,1.640366323740251
600110,2017,E,建筑业,1,0,22.45219291577309,19,0.005805886011183002,0.2693503618186318,0.32139770291519865,0.23238078819459707,7,0.37816249873546837,0,0.4823384111225607,0,4.376221045021124,0.6492239389431474,2.2130124423145063
600110,2018,E,建筑业,1,0,22.49824685612577,20,0.025760583319871674,0.34864662053949486,0.18987895018981937,0.2161527624104543,6,0.3605153465311711,0,0.4656346050487228,0,4.387034836052747,0.7337646600083133,2.2543955699106912
600110,2019,E,建筑业,1,0,22.34830350010175,21,0.05593141338640758,0.47824078148598537,0.5286052387085255,0.1864737528455772,8,0.30793163009788616,0,0.5185388643642305,0,4.1679556210539115,0.5993429435120483,2.0874678876699275
600110,2020,E,建筑业,1,0,22.614616828785152,22,0.05786278668312465,0.3636879950656415,0.11980592316770815,0.08482347830596762,8,0.36661276339243226,0,0.4613773984040449,0,4.446206474793356,0.6094199987108193,2.156304337109256
600110,2021,E,建筑业,1,0,21.275936797450676,23,-0.01649145192974647,0.6222790780981999,0.498986803837435,0.08101912134853348,8,0.3904401159133973,0,0.4918661966723469,0,2.854875085513087,0.6783018007355102,2.0122282086909653
600110,2022,E,建筑业,1,0,22.900228651762223,24,-0.020901829075040262,0.34124909666084524,0.5454161801980832,0.25588757503707127,7,0.33767504599232123,0,0.4888084495422881,0,4.705480838538218,0.9313065287472247,2.459675147145684
600110,2023,E,建筑业,1,0,23.992432787133897,25,-0.0035620189947263223,0.3974402141115905,-0.6,0.2197107406688943,8,0.330078025931643,0,0.4810300276627096,0,6.046741984372331,1.125026240234924,2.585573672591509
600111,2013,F,批发和零售业,0,0,21.62492302168641,2,-0.0028170802894112307,0.37290594159716256,-0.06476877977969789,0.1318348544088769,15,0.42910478978701405,0,0.49857738104621424,0,4.117408230082919,0.38347418693510804,1.4080214529919097
600111,2014,F,批发和零售业,0,0,22.57855465757064,3,-0.015061494233924985,0.4132626967092967,-0.28678791559292693,0.18916187428829404,14,0.4070374108956515,0,0.5311217379511053,0,5.191182717268312,0.5020531762480849,1.697483125462557
600111,2015,F,批发和零售业,0,0,22.018277441054874,4,0.06445386813306074,0.4344025238760652,0.09989312893812857,0.3800677508830879,13,0.41780164582330653,0,0.50511647097423,0,4.494117772705175,0.49782962804892866,1.3316838192637834
600111,2016,F,批发和零售业,0,0,20.893888599319947,5,0.033770732106272114,0.44015984343925507,-0.09053697439725121,0.19442711457443987,15,0.4194452020358759,0,0.5002746984560381,0,3.200021322275974,0.24368179510670007,1.2680154585883174
600111,2017,F,批发和零售业,0,0,23.050553570611328,6,0.0768767692610573,0.7762804769049354,0.13419439579051767,0.16617634652214183,13,0.42017657898940464,0,0.49632762031502325,0,5.6450807898610496,0.46337316552341123,1.5602715061513075
600111,2018,F,批发和零售业,0,0,22.387519348435422,7,0.04651616338947939,0.3864111775121767,-0.2659771217673104,0.19632195545480172,15,0.4261048888437753,0,0.518708282713122,0,4.793840354749785,0.1756565203049306,1.6934798788478849
600111,2019,F,批发和零售业,0,0,21.54390592533737,8,0.1371578746358647,0.6155281544206469,0.309234907020809,0.01,13,0.4092763397072319,0,0.48959075380360745,0,3.779228945045331,0.5434689820678997,1.4541596312245326
600111,2020,F,批发和零售业,0,0,21.825057111792702,9,-0.006587160416923116,0.5569586759099434,0.44971240967627213,0.33073844773829736,15,0.45764255780294155,0,0.5319296206003442,0,4.045384515546982,0.43370606491838654,1.6971268506397892
600111,2021,F,批发和零售业,0,0,22.202978936022173,10,0.014101381339136281,0.37271442683311123,0.3408132730816149,0.31912121392599624,15,0.4087382152518087,0,0.48555918467675574,0,4.438938510628005,0.5365501963627551,2.108980858122161
600111,2022,F,批发和零售业,0,0,22.425150024282228,11,0.016046353191975365,0.31337914458831256,0.399630852542448,0.26429515419288996,15,0.46997664814319046,0,0.505524797136439,0,4.65065551352383,0.4381042226210746,2.4820223438752334
600111,2023,F,批发和零售业,0,0,22.99937936691731,12,0.10750177225864495,0.5543589479090403,0.23913189291999842,0.3220915757899465,14,0.39863197240986215,0,0.5039569449922829,0,5.320267662568058,0.6474196700491172,2.08974959963257
600112,2013,C,制造业,1,0,21.348794982475486,14,0.054938528432711686,0.4126805849166919,-0.34099488822839696,0.01,13,0.3530882183446858,0,0.2251728273894287,0,3.3785242007736036,0.05,0.18554046760258983
600112,2014,C,制造业,1,0,20.709114645562074,15,0.06693680597982932,0.8001558717235224,-0.23735674724272393,0.11932033301612728,11,0.3,0,0.19011089034599166,0,2.6500666822363015,0.05,-0.13750308988294424
600112,2015,C,制造业,1,0,20.855944036564097,16,0.010188152136206226,0.39543091109723666,-0.2444155374560052,0.10877285226038812,12,0.3447533467451385,0,0.2521977057690783,0,2.759440317373504,0.05,0.5852500261011054
600112,2016,C,制造业,1,0,21.53074404344536,17,-0.08161616321680198,0.5755479285908602,0.1009978606620425,0.1838435267848931,11,0.33500858017354657,0,0.19385539490770645,0,3.442373428972709,0.05,0.4495436053891549
600112,2017,C,制造业,1,0,21.199926224029895,18,-0.0010517339098688044,0.6087593078956662,-0.1676438192791502,0.22721953712160892,13,0.3314630850389204,0,0.20047777612913686,0,3.0404209521132866,0.05,0.5148397949215511
600112,2018,C,制造业,1,0,20.9202664350734,19,-0.005594617688590344,0.47955039658861315,-0.24008539756992126,0.13876611912657216,12,0.34406773757960496,0,0.1688336911623072,0,2.702373474238577,0.05,0.2634530395461027
600112,2019,C,制造业,1,0,22.37310891873919,20,0.041395948488090195,0.5365519226695328,-0.03334378526624226,0.15831141794931958,12,0.3659235492059883,0,0.21106635865769763,0,4.28486464593682,0.05,0.7612562794334651
600112,2020,C,制造业,1,0,21.295033418234986,21,0.025276265218050938,0.22708580644807969,-0.27580930178093616,0.031267483504482205,11,0.3531344603793574,0,0.1845715185842161,0,3.0207792158165527,0.05,0.29140080379688715
600112,2021,C,制造业,1,0,21.342688076350584,22,-0.017340432876013057,0.3950099535027115,0.01931350120473993,0.08705717995289325,13,0.34229236826799747,0,0.16517990504812538,0,3.034608597984856,0.05,0.5828255000606065
600112,2022,C,制造业,1,0,21.462780263815414,23,0.058168281829727796,0.4089280044304015,-0.3154241879024812,0.1707410900291228,12,0.3754130008481156,0,0.20480833248223565,0,3.1164298983146037,0.05,0.5179873203485236
600112,2023,C,制造业,1,0,22.540520695976962,24,0.0196622661194213,0.42890093267068324,-0.03453262729218473,0.1810102269870218,13,0.3745822699079069,0,0.15983048893304275,0,4.325635408496138,0.05,0.8497741514023783
600113,2013,C,制造业,0,0,21.030082228841128,16,0.005348712890705671,0.32303556764437824,0.09920675920657443,0.12102961765330808,9,0.3708883294746062,0,0.30011304545479917,0,2.9342824699524197,0.05,0.6290050246593181
600113,2014,C,制造业,0,0,21.599379787911193,17,-0.0339846359475103,0.43440804057493904,0.34795138426888955,0.061117173326508775,10,0.37843517140248917,0,0.2934329887650535,0,3.517404901687499,0.05,0.7070272437472249
600113,2015,C,制造业,0,0,20.862020183496014,18,0.04550044615388847,0.3714969695345549,0.20051468533627403,0.1558466644959643,10,0.35679407406388103,0,0.2900452278581207,0,2.6574851686620384,0.2175826761254529,1.1223111317320276
600113,2016,C,制造业,0,0,21.992871692696518,19,0.027648997180231567,0.5464295223528413,-0.03659762499906778,0.060958216674810134,9,0.35455871697326463,0,0.32411475260955463,0,3.8598061775067696,0.3258487541323455,1.097266448770447
600113,2017,C,制造业,0,0,21.38866325944767,20,0.03289918967789392,0.3774649517401799,0.22034048993911612,0.21578371081286632,8,0.3840368788511108,0,0.29721512102315556,0,3.1374799175847623,0.1460673966399315,1.3962708111481938
600113,2018,C,制造业,0,0,21.480643755860306,21,0.04134351364773164,0.40871380196912477,-0.23392315455713214,0.21721771452279387,10,0.38819834122540947,0,0.3260006657219772,0,3.19665344932974,0.22667788981719963,0.8254910150670584
600113,2019,C,制造业,0,0,21.87856335030761,22,0.04272639928965906,0.5685033959424122,0.10767858665385219,0.09478223865802385,8,0.37613501467165744,0,0.34193047840384916,0,3.604808608033306,0.2192478796553746,1.4331941101925518
600113,2020,C,制造业,0,0,22.393505897729128,23,0.04202788804078377,0.5568097118766787,0.2926470028903393,0.21874679683171844,8,0.38457119775676674,0,0.2885762337669898,0,4.17464877262941,0.07600631845410814,1.0336150223675207
600113,2021,C,制造业,0,0,22.6003972638172,24,0.08405038962054062,0.5518257953022738,-0.08418851012728913,0.20583101642271998,9,0.39403995186178087,0,0.3313032204631532,0,4.360757204204007,0.4257080436006087,1.766670777583129
600113,2022,C,制造业,0,0,22.478064181936414,25,0.03696151584733817,0.34714761905333796,0.21572703075991262,0.13528635995232,8,0.3733564870373928,0,0.3144470540976629,0,4.18275542919624,0.24057238813847215,1.9361740974283992
600113,2023,C,制造业,0,0,23.203179752065655,26,0.07622538868487708,0.5982047720645305,-0.0014043641654070543,0.17169184038831223,10,0.36847890899652036,0,0.3002315036462382,0,5.019280337026845,0.5077841614355215,1.8952101762226186
600114,2013,G,交通运输、仓储和邮政业,0,0,21.207979559869244,5,0.062228382809238064,0.44038970665515353,0.2068859068631574,0.19314744527513225,9,0.30239705976205,0,0.49542545413994893,0,3.530763093066987,0.26030637556438047,1.3122207486815773
600114,2014,G,交通运输、仓储和邮政业,0,0,21.323236776296334,6,-0.06916768356347197,0.4102015686659708,0.1558539500098156,0.012901304037961803,7,0.3179204018256174,0,0.5419085853870247,0,3.607389387172751,0.45612558805191694,1.7118851086216818
600114,2015,G,交通运输、仓储和邮政业,0,0,22.35663637654173,7,0.03241533791542662,0.5455924181586906,0.8282756828431632,0.2259945228901635,8,0.366806997471938,0,0.4957231753493969,0,4.741769814404114,0.6485129270035123,2.2212641632537964
600114,2016,G,交通运输、仓储和邮政业,0,0,22.994029903209903,8,0.053923632371606384,0.5112508999421621,-0.051387371490627914,0.22003159631620003,7,0.30854519159420535,0,0.5239541510516128,0,5.462681989032118,0.9455410517848687,2.4535589990004225
600114,2017,G,交通运输、仓储和邮政业,0,0,21.558321608774502,9,-0.06596877721509856,0.5826750626926357,0.1470567103257557,0.27850156244650054,7,0.312643098950264,0,0.4722431103275169,0,3.719649011600169,0.8356321338277111,2.380529414678893
600114,2018,G,交通运输、仓储和邮政业,0,0,22.856676229528105,10,0.06708330435814014,0.3780446447952299,0.218465809191651,0.16736624307088863,7,0.32962926545617977,0,0.5066432851922602,0,5.193886620890457,1.030771738148107,2.895042047781453
600114,2019,G,交通运输、仓储和邮政业,0,0,22.99658740096749,11,0.015239263315454783,0.5949480108408061,-0.13935358751310373,0.05941703860480535,7,0.33455387693059796,0,0.4907399629461416,0,5.320563048069324,0.9156192791634761,2.5030648291161195
600114,2020,G,交通运输、仓储和邮政业,0,0,22.266766341069196,12,0.06601745752643315,0.3590371544322378,0.029678474036150815,0.11650322503162296,9,0.3148440436286904,0,0.49273968849347577,0,4.3956329231732765,0.7473533684285338,2.9422734960548054
600114,2021,G,交通运输、仓储和邮政业,0,0,22.99653893536668,13,0.06632972238949662,0.3540093516465154,0.3102190892040211,0.34807865675684957,9,0.3124665068610725,0,0.506011504170844,0,5.229804185218161,1.2589437539643382,3.4472953975324683
600114,2022,G,交通运输、仓储和邮政业,0,0,23.15904215732289,14,0.05302083284742588,0.5485677518118572,-0.2314750251793501,0.2547752120963689,7,0.35933760117368285,0,0.5138238623259584,0,5.380532434285031,1.3770406892921137,3.3383457952630726
600114,2023,G,交通运输、仓储和邮政业,0,0,22.52731641830216,15,0.03796113423628591,0.4549722546216502,0.25454761213756666,0.3140395476412435,7,0.3570853995902119,0,0.5168268495059056,0,4.562811603541828,1.5505718501144776,3.392598774861712
600115,2013,I,信息传输、软件和信息技术服务业,0,1,22.1949411485883,16,0.09925883516007655,0.2970801958613674,0.40578611235098433,0.18310217839335569,10,0.3791259314712915,1,0.5662430063630289,1,4.16821164985857,1.0141932194434107,2.6936835247568642
600115,2014,I,信息传输、软件和信息技术服务业,0,1,21.970584549133026,17,0.02984639838972652,0.5584483229343352,-0.00202281720096692,0.28772685550739563,11,0.3507487336850326,1,0.5699354364342711,1,3.8638438243611963,0.8585881356766066,2.8334053156796695
600115,2015,I,信息传输、软件和信息技术服务业,0,1,22.80150249993869,18,0.0059083600023126515,0.3364244562713459,0.2191437814319182,0.13578181793981742,11,0.3959345750954089,1,0.5755146201005886,1,4.800055903473148,1.1565477760910847,3.2555825316080536
600115,2016,I,信息传输、软件和信息技术服务业,0,1,23.135226401635865,19,0.07594834651432116,0.6960243334342935,0.1690698738697577,0.16718164039126487,9,0.3648137165655838,1,0.589030865266269,1,5.164918461137108,1.149299014020575,3.2906293811607097
600115,2017,I,信息传输、软件和信息技术服务业,0,1,23.363006273223036,20,0.09270362848504339,0.5243932876244162,0.29007726098682624,0.01,9,0.3710897826976428,1,0.5877837721521763,1,5.416017251719212,1.2217515206216971,3.379617638970188
600115,2018,I,信息传输、软件和信息技术服务业,0,1,22.42078738104676,21,0.12325576571372804,0.48053855081607766,0.003256481669348721,0.03637937273785427,11,0.37753832175655033,1,0.568370480317915,1,4.203493627762467,1.1499670657532386,3.5772672767285028
600115,2019,I,信息传输、软件和信息技术服务业,0,1,23.008045636356634,22,0.061992269476354764,0.30493862295076496,0.6400466462535678,0.29110547308945733,11,0.3717741370828576,1,0.5807091094001642,1,4.873522016824009,1.316295216642253,3.6553146561770444
600115,2020,I,信息传输、软件和信息技术服务业,0,1,23.96088613456121,23,0.0981023978416399,0.3781902496364658,0.4484906453877986,0.08929280151566873,10,0.3570805994840975,1,0.5735217110014816,1,6.057527410510991,1.4388408103204453,3.885274315259225
600115,2021,I,信息传输、软件和信息技术服务业,0,1,22.85063581311261,24,-0.002444049779480928,0.14445395719146864,0.5769354438384624,0.40365495378834665,10,0.38483494778793104,1,0.5601812161594166,1,4.591507625391877,1.2591110483067163,3.6127393992787864
600115,2022,I,信息传输、软件和信息技术服务业,0,1,24.652524694331056,25,0.027325634117148598,0.5654194825321389,0.24315540081350945,0.2427929644766868,9,0.3527694222416896,1,0.5798843246136447,1,6.899756730283907,1.2527229190356972,4.101944856410459
600115,2023,I,信息传输、软件和信息技术服务业,0,1,23.569538873469405,26,0.0004105766966889801,0.2918659280204871,0.4813134111025213,0.13472042583549265,9,0.3469905334666082,1,0.5595863055031571,1,5.408403613603691,1.5502230839044375,4.110330187500603
600116,2013,D,电力、热力、燃气及水生产和供应业,0,0,21.59940975989915,17,0.06633472118554079,0.4557525332643513,0.3715761447216989,0.024182394162662435,12,0.3478386034637135,0,0.48797555473110427,0,3.487372238826163,0.4250012397054398,1.5448405058270371
600116,2014,D,电力、热力、燃气及水生产和供应业,0,0,20.698911713753592,18,0.1296027008864275,0.42707177509395833,-0.25832437616571213,0.424720616481772,13,0.3,0,0.4489698870709111,0,2.47563834164713,0.28388663589380736,1.1150187392363626
600116,2015,D,电力、热力、燃气及水生产和供应业,0,0,21.96323572802125,19,0.04238114528496005,0.7091050586984154,-0.018261996295800012,0.11652428803879042,12,0.3,0,0.42385065209054174,0,3.8198376837960293,0.45954495761014913,1.7454737722780267
600116,2016,D,电力、热力、燃气及水生产和供应业,0,0,21.895661581217073,20,0.04973003520268723,0.47259602231152836,-0.03297639176435664,0.0731155905704106,11,0.3296963353886797,0,0.47652311556202404,0,3.685527110173199,0.7280865605418989,1.7214439122506757
600116,2017,D,电力、热力、燃气及水生产和供应业,0,0,22.273338539650126,21,0.09046513213642277,0.14185083919559405,0.3266288626427091,0.01,12,0.3212985085245847,0,0.447943157661986,0,4.091468860332053,0.3485769696597911,2.1430937740889906
600116,2018,D,电力、热力、燃气及水生产和供应业,0,0,22.100210712709448,22,0.08253818182201095,0.3450069243788785,0.0824481358058857,0.3444157219637053,13,0.3097563866928117,0,0.4377210758711637,0,3.8446955631665847,0.3696802177062821,1.9188196638318615
600116,2019,D,电力、热力、燃气及水生产和供应业,0,0,21.59692815008553,23,0.01884071399213264,0.2304842194866386,0.12534545932268365,0.037181112069890054,11,0.32144537368402953,0,0.46556187807278404,0,3.2457768045599384,0.17233370670935477,1.4232905687430453
600116,2020,D,电力、热力、燃气及水生产和供应业,0,0,22.296071482959064,24,0.06748345857737334,0.443462975583954,0.37348413978097955,0.15475986829463423,11,0.33360101488664445,0,0.4658565114080401,0,3.9940458365461695,0.4643440067960877,1.9617937938594485
600116,2021,D,电力、热力、燃气及水生产和供应业,0,0,22.454899219198158,25,-0.015281761179205336,0.658000183331217,0.21277623569098597,0.01,11,0.31714788704221647,0,0.4770741908569638,0,4.130711622926269,0.7810200165357745,2.0449230751408547
600116,2022,D,电力、热力、燃气及水生产和供应业,0,0,22.02878659914009,26,0.11142609671179922,0.4454410344819761,0.14733614107793536,0.16336224130589794,13,0.3144119103635081,0,0.47062036943499663,0,3.588751122044283,0.4545792240534746,2.005726634152429
600116,2023,D,电力、热力、燃气及水生产和供应业,0,0,23.33611819968292,27,-0.016317523615499485,0.5494839120202328,0.21536885670586445,0.36273578710359333,11,0.3,0,0.48283412705654466,0,5.134679462921244,0.8084219212532058,2.0485918528393294
600117,2013,C,制造业,0,0,21.760482866849326,12,0.06419286053538498,0.26504824805602845,0.07316696603987327,0.23430801356414188,12,0.3409902698138928,0,0.11091144251252469,0,3.8617334707427378,0.6723961413103459,2.176661631851675
600117,2014,C,制造业,0,0,22.415152106868817,13,0.11001168510741405,0.5467886241819102,0.1956119162224614,0.30940435306899655,14,0.3582968176359602,0,0.12411968461648559,0,4.5669113986186085,0.678039522387136,2.252873214147985
600117,2015,C,制造业,0,0,21.68299781416899,14,0.004551674487133457,0.41370416915596187,-0.09736895214053895,0.07724977364421867,13,0.3498010829641598,0,0.11070584394893526,0,3.6737138694154057,0.6535389798991227,2.288621382390065
600117,2016,C,制造业,0,0,22.01008468880609,15,0.011433362719241315,0.2687741894607215,0.1042320968480567,0.1628259929652285,13,0.30708742026825475,0,0.09729999235966624,0,4.001818396379135,0.7636954061858234,2.377062546075508
600117,2017,C,制造业,0,0,21.969967338200423,16,0.06317946575663828,0.23942780427808552,0.15433781094208868,0.22653437372308538,12,0.32883324577035533,0,0.11863416912298237,0,3.9110835989904245,0.6198924277627682,2.6782408805677163
600117,2018,C,制造业,0,0,23.611216501970496,17,0.08614477939510962,0.3704679186394668,-0.029285845489731815,0.21618678016063572,14,0.3266579842664429,0,0.06141573860831652,0,5.866115170546845,0.9499570739779584,3.0166527250192305
600117,2019,C,制造业,0,0,23.15549911492413,18,0.03040190977664411,0.4604433077355232,-0.07161545601705346,0.15275211932797456,12,0.33290979326533254,0,0.0984375084971097,0,5.248529297794387,1.0105024673682665,2.8951966223769774
600117,2020,C,制造业,0,0,24.446296826802826,19,0.11575149559891454,0.5920865732926326,0.11285502759628495,0.09853414978570732,12,0.30083858305475214,0,0.14644353592112336,0,6.895326500666712,0.7492903171862746,3.021943047198326
600117,2021,C,制造业,0,0,23.004083019826812,20,0.06676950887850633,0.3433897794773375,0.3304795322064066,0.2424912951649943,14,0.365295459506769,0,0.12728226243048557,0,4.961878694403255,0.9037891014100521,3.5276348295390756
600117,2022,C,制造业,0,0,22.820436445953572,21,0.0929176281135353,0.4409047951216643,0.12247822377728448,0.22493906205135314,12,0.3553310309007507,0,0.0845539117121604,0,4.700123542682439,0.9705788208117334,3.2155444359204313
600117,2023,C,制造业,0,0,23.87477601670721,22,0.13544116283139643,0.6503669560102465,0.2116575812250698,0.2923686252827816,12,0.3223948722501226,0,0.10056252618720694,0,5.988516066924086,1.285841120626908,3.347334679271179
600118,2013,F,批发和零售业,0,0,22.470370058831605,1,0.006493794853296243,0.37327558294505875,0.35806092605617423,0.07967897075223519,7,0.3943479969548127,0,0.43966171471546234,0,5.101514460474063,0.7572647086520835,2.666537783380491
600118,2014,F,批发和零售业,0,0,21.465335558786883,2,0.05549688607705564,0.39785948283205463,0.28034781841276124,0.07063801606396568,7,0.3861989531315367,0,0.49879792542031376,0,3.889506132652045,0.7526858521764694,2.755582883165073
600118,2015,F,批发和零售业,0,0,22.12467464611709,3,0.11269255961893801,0.5905962682691912,0.04129359161450473,0.08093954404586767,7,0.3353096484331973,0,0.4888433146222168,0,4.5949119632792135,0.7669816674496204,2.8127658875600967
600118,2016,F,批发和零售业,0,0,22.690682049062147,4,0.1102802760982986,0.4077407413502549,0.17534912804304106,0.3064597579206854,8,0.3607616834203773,0,0.46565275653562077,0,5.222971408925,1.1337223891689043,3.4573820546815135
600118,2017,F,批发和零售业,0,0,22.595589595917158,5,-0.04122928705770381,0.44054006599388423,0.1420457785238379,0.07984333033610824,7,0.3903915163230591,0,0.5127406157558614,0,5.0650975902339885,1.2783296386664191,3.064458967758041
600118,2018,F,批发和零售业,0,0,23.37064107708356,6,0.10551750812699856,0.26022294565257664,0.4980230198001157,0.11092864314411624,8,0.37784994479836936,0,0.46194834649866107,0,5.982267813674289,0.997346669661688,3.536634105960537
600118,2019,F,批发和零售业,0,0,23.677168954110595,7,0.0733608468394531,0.34974062384192056,0.2371296991586918,0.0707495551737031,7,0.3600857248683124,0,0.44492988305664133,0,6.342083533520454,1.125845729572112,3.458689627266892
600118,2020,F,批发和零售业,0,0,23.848824020215407,8,0.09426345746752218,0.3661242554542003,0.08858403054326101,0.35287772552472596,8,0.3699115138134536,0,0.48596376731239055,0,6.513940323298809,1.25221123938498,3.6010687468422913
600118,2021,F,批发和零售业,0,0,23.915592935699216,9,-0.028078304824615583,0.30992673270893883,0.13291068391095592,0.35060731510407944,6,0.35781763443446046,0,0.48037298773429304,0,6.551242380612655,1.4630791691186815,4.1386065576509035
600118,2022,F,批发和零售业,0,0,23.457278511564414,10,0.0033742038860723744,0.569516391849316,0.3584115455993293,0.2482458433600985,7,0.34475870606328907,0,0.4499224445011478,0,5.91181094264315,1.208871823031646,3.679199724169906
600118,2023,F,批发和零售业,0,0,23.14751839737563,11,0.1729349938487415,0.4417634357351319,0.682730220353331,0.11718774960786521,7,0.3552002046990275,0,0.4999326347372776,0,5.480130658030677,1.2013960481972334,3.8493242644530774
600119,2013,I,信息传输、软件和信息技术服务业,1,1,21.946003138875437,8,-0.025785461512638164,0.3426818202973294,0.1876090273454076,0.08600518972548644,14,0.3,0,0.3945626509479006,0,4.212821577173692,0.41754691679321065,2.3891214276805672
600119,2014,I,信息传输、软件和信息技术服务业,1,1,22.58866750573191,9,0.018821173015235594,0.37508754763179847,0.13532228065216972,0.1365876627901611,13,0.3,0,0.3681729608083158,0,4.926681348997131,0.8562831580469374,1.9630219055871276
600119,2015,I,信息传输、软件和信息技术服务业,1,1,21.614983330504913,10,-0.047587160652554986,0.3347725346491116,0.4645542016370724,0.23746977391358776,14,0.309823833657403,0,0.35710532942954964,0,3.7618337761789977,0.7185482242035738,2.1871329944174662
600119,2016,I,信息传输、软件和信息技术服务业,1,1,22.301957390158176,11,0.06743876994282326,0.29889000388860665,0.28178031033776574,0.11705710147343759,14,0.3,0,0.4064640093604365,0,4.519165174709262,0.3918553416774234,2.168324433040065
600119,2017,I,信息传输、软件和信息技术服务业,1,1,22.005740299429657,12,0.009675116423718967,0.42171278657306566,-0.09897016580960316,0.21436575779536915,15,0.3127924029035431,0,0.389814139210065,0,4.116655885608736,0.5321871721971623,2.3385765699922083
600119,2018,I,信息传输、软件和信息技术服务业,1,1,23.538177959181326,13,-0.015866687230716596,0.3919557915529077,0.0773268310342457,0.15248783712377356,14,0.3,0,0.4256629802607563,0,5.944654894429717,0.9627066397054206,2.706477156779115
600119,2019,I,信息传输、软件和信息技术服务业,1,1,22.229790212655722,14,-0.0031316436138043163,0.5635303976105908,-0.13582219742188045,0.3274211249775344,14,0.3,0,0.41552012422462664,0,4.283371075040076,1.0082928737459358,2.101482979325096
600119,2020,I,信息传输、软件和信息技术服务业,1,1,22.43314475599193,15,0.17171639119379745,0.5552971506807387,0.27231513901108156,0.20906115334650965,14,0.31245850127417385,0,0.38584258763271323,0,4.489421275568252,0.9869505653514425,2.5324975598798787
600119,2021,I,信息传输、软件和信息技术服务业,1,1,22.826972228941056,16,0.11838346595827848,0.5048872756485012,0.15131021630966282,0.01,13,0.3140542794607246,0,0.4184790704744955,0,4.915626663445051,0.9678308187954313,3.066672966752158
600119,2022,I,信息传输、软件和信息技术服务业,1,1,23.10816757915975,17,0.06900587715022455,0.23338689721516728,-0.0527691439284233,0.42457494915434846,15,0.3070932015695503,0,0.3893755297239816,0,5.207945467066379,1.369433055191346,3.1710042113968577
600119,2023,I,信息传输、软件和信息技术服务业,1,1,23.161511483041917,18,0.12413602587860423,0.35272493041878583,0.05438634017276084,0.01,13,0.3,0,0.3720923369229729,0,5.243565653859478,1.263167987411025,3.1328353450000455
600120,2013,C,制造业,0,0,21.481260465057904,4,0.02317562431140166,0.313799217647896,-0.020004044375591876,0.26055703812037323,9,0.41128806500341963,0,0.3705497023824959,0,3.863227875337231,0.4046481083824089,1.639878569139094
600120,2014,C,制造业,0,0,22.404947920264338,5,0.11640139941424421,0.23579474952137586,0.16010301682447567,0.16503397506453002,9,0.406690168346586,0,0.32926761147476435,0,4.8907052557891175,0.3354934809962484,1.7916110410937682
600120,2015,C,制造业,0,0,21.3261456656097,6,0.10088512835518393,0.4866284128895724,0.5059222068027278,0.10674686714221704,10,0.4393539362599428,0,0.33849699117104004,0,3.6084086450665422,0.812882598466002,2.3669464967535783
600120,2016,C,制造业,0,0,21.819887815720833,7,0.06484634107555305,0.4486920957195909,0.17724018567464572,0.18285670345060662,9,0.4238455900008301,0,0.34188823998593015,0,4.109315448405247,0.7054044147929113,2.1901068324254473
600120,2017,C,制造业,0,0,21.93281106092557,8,0.04983843300930031,0.36102160858187116,0.1533192487432412,0.17733770632189558,8,0.39443660345532033,0,0.3334446698104668,0,4.196988551149633,0.8300261568118356,2.1487006978947294
600120,2018,C,制造业,0,0,21.61065399393851,9,-0.034167551600253414,0.5440275797630398,-0.02468453661775037,0.14635131256091274,10,0.4041010812139512,0,0.30283141536221375,0,3.7945688003852487,0.7327816185144926,2.2916690130493245
600120,2019,C,制造业,0,0,22.2678528932624,10,0.033186864475212074,0.24910257097152574,-0.08233152841768256,0.2111360726144066,10,0.41293571642029814,0,0.29563239166254984,0,4.522116308839685,0.6000840257759809,1.8956918133642893
600120,2020,C,制造业,0,0,22.64482530638023,11,-0.00567476676927868,0.7299256076926098,0.3723924478358537,0.27849207927548036,10,0.4279758455817855,0,0.3394583750866263,0,4.928581070108637,0.4951928621318893,1.9496577596761537
600120,2021,C,制造业,0,0,22.41459803070776,12,0.05741790078689035,0.3557354840998965,0.023555564940522272,0.07021738455045297,10,0.4273399262478914,0,0.30863603271424167,0,4.61246401192699,0.44485215845976234,2.032936514140262
600120,2022,C,制造业,0,0,24.055909753530422,13,0.01364134884266742,0.7503364473558523,0.34172986999108373,0.012686951894027937,10,0.43724418071371157,0,0.32091052815718757,0,6.624541925068672,1.052270068738678,2.7020438251505388
600120,2023,C,制造业,0,0,22.917727788961148,14,0.11313087251648102,0.569032860259716,0.1666165204122751,0.2996765543458534,10,0.4070098008784295,0,0.2983028926438504,0,5.119278054849232,0.9033234149042484,2.562842431091927
600121,2013,C,制造业,0,0,21.233654001616387,2,0.07447061043216806,0.3981354855821615,0.07335681777445836,0.08671321824530623,13,0.3389433724404906,0,0.38693150619795613,0,3.6928582144398803,0.30166880501894744,1.2545363090688304
600121,2014,C,制造业,0,0,21.451591064036272,3,0.05686797806845291,0.6210448205850536,0.1046962574928823,0.01,12,0.37163765169132346,0,0.3470202378692886,0,3.883046687321036,0.3098859379692784,1.375989986635094
600121,2015,C,制造业,0,0,21.72198771040655,4,0.010601953278018807,0.5038949734685771,0.11401886326312687,0.12389039627174817,13,0.3995681488109195,0,0.3547314619435946,0,4.1479989250462985,0.05,1.5501046986742135
600121,2016,C,制造业,0,0,21.90662079874378,5,-0.011700126739666722,0.6006296623323831,-0.054531733075016436,0.20062870874870237,14,0.3518758054121963,0,0.3964363761442091,0,4.322618498198821,0.20240161303749019,1.2615707834463281
600121,2017,C,制造业,0,0,21.575238331706135,6,0.07863363332677749,0.3182194316243119,0.2817738210729749,0.3286029565557971,12,0.36416469862286993,0,0.3848481549539896,0,3.8901990279897816,0.382087999457742,1.6383408166074327
600121,2018,C,制造业,0,0,21.042274298848753,7,0.04564128646016126,0.44721890348425525,0.1577552164199893,0.01,13,0.3708499324405443,0,0.3625682064987457,0,3.2686926131133127,0.3237848990128517,1.5780709563267203
600121,2019,C,制造业,0,0,22.536450272264346,8,0.07403869333820984,0.36669109148706047,0.26095903018544825,0.11530995508363079,13,0.3611283209092365,0,0.40301089925786127,0,4.922207256575028,0.42790859983759194,1.8286848323527949
600121,2020,C,制造业,0,0,21.31837757891203,9,0.010306092781664201,0.3436737311506348,0.2710694076909126,0.22340247106392955,13,0.3745919426482646,0,0.33358253002090527,0,3.48476131368797,0.30284243933704963,1.6198078592630867
600121,2021,C,制造业,0,0,22.824421636533835,10,-0.006302312717577051,0.44079102799428216,-0.08175090906765863,0.3010737422234579,14,0.3582036487375414,0,0.36686311995727716,0,5.185744956517034,0.7478382375442901,2.0605629440150324
600121,2022,C,制造业,0,0,22.478945062575228,11,0.0009753306203229353,0.6723438236795456,0.14952327385257347,0.1602484121516547,14,0.3705009537194578,0,0.3717938116468606,0,4.7261833543556975,0.7388820663712002,1.8995553375782048
600121,2023,C,制造业,0,0,22.916673497400637,12,0.03898686876602701,0.6967783171098808,-0.05137567166008056,0.15638867681426907,14,0.3884922504258205,0,0.3888475389341633,0,5.203370288276403,0.5126868766398112,1.890680348562564
600122,2013,E,建筑业,0,0,21.0891547544593,3,0.04695600833449413,0.3563092868384589,0.12460978120109129,0.1548579734067407,13,0.5188476914817646,0,0.20544999218547966,0,3.4927269277181034,0.09424369900117263,1.209307241453831
600122,2014,E,建筑业,0,0,21.082018947386256,4,0.09097946896925546,0.3573123112765504,0.11982157552715941,0.05056649218005192,11,0.47018661054915345,0,0.18406311827974614,0,3.452981550774118,0.2729257644182609,0.9642535652134294
600122,2015,E,建筑业,0,0,21.682623642939657,5,0.012736411786230827,0.3970450678702752,0.12751102252091062,0.05865786608366934,11,0.499056707221952,0,0.1983898031281005,0,4.061194640288049,0.40537176594097113,1.5584630151726293
600122,2016,E,建筑业,0,0,21.081342810080333,6,-0.0008577720697837757,0.48259605281705636,0.29484767686114993,0.01,12,0.441224221599384,0,0.2003183852053525,0,3.367409361843635,0.16863860176120837,1.2401178823699919
600122,2017,E,建筑业,0,0,21.972610177758636,7,0.004456385023759404,0.609852795795482,0.22846060031227816,0.11673398749174144,12,0.5002620389328329,0,0.19332054036744267,0,4.307515667052837,0.6518912619994246,1.2753165590437445
600122,2018,E,建筑业,0,0,21.843462685635632,8,0.07714136623712306,0.43123102612025,-0.30521408761472935,0.44442340818934595,13,0.4979228416645254,0,0.2119643347119129,0,4.124106123295215,0.37395509987534287,1.468215718554151
600122,2019,E,建筑业,0,0,22.42191756129963,9,0.04024726930581259,0.3441511839824874,-0.1252670270068713,0.09569850839104553,12,0.4868674049313685,0,0.22230842745815307,0,4.757091229402656,0.11509115637075357,1.6449284638843793
600122,2020,E,建筑业,0,0,22.31206849741276,10,-0.07660424054844892,0.4652969886284605,-0.009978586682155968,0.15702085333303661,11,0.4312074187585827,0,0.20191080868777064,0,4.587364057165839,0.23070997144045896,1.6557095332865697
600122,2021,E,建筑业,0,0,22.682122920274704,11,0.01895898205477338,0.3111180136607032,0.4574432550051374,0.40867078480260266,12,0.47908494059934187,0,0.19281118164840177,0,4.981330574784765,0.7232642247396843,2.0012288234674833
600122,2022,E,建筑业,0,0,21.568781370211873,12,0.10521428467986382,0.630382583732336,0.13655262792575065,0.269939929022133,11,0.49370597309700126,0,0.18119611921289422,0,3.6541272608605837,0.368308753218647,1.5080370092065623
600122,2023,E,建筑业,0,0,21.977453835390758,13,-0.01889236726609974,0.7484122602034795,0.2303097903112437,0.3974209519481414,13,0.48934983380635383,0,0.17951967450381093,0,4.065660859012041,0.4352114090358974,1.598031757065541
600123,2013,E,建筑业,1,0,21.58760827109063,6,0.0732983114755106,0.5892212642624969,0.18362085097855138,0.19162808693543049,8,0.4505929322888272,0,0.3375991399258912,0,3.969468890002463,0.05,0.3576035219992457
600123,2014,E,建筑业,1,0,20.776447469001152,7,0.07754479174304589,0.5408052847025837,-0.11299840969947934,0.15980187183026848,8,0.45176496638427427,0,0.3332888460419059,0,3.038815351987585,0.05,0.24886786322547844
600123,2015,E,建筑业,1,0,22.265485619297174,8,-0.018148737354500375,0.5542413182886746,0.03203840321515815,0.06430591530540557,6,0.4632769721758699,0,0.3628281876318807,0,4.6432556316127895,0.05,0.7915532926727812
600123,2016,E,建筑业,1,0,21.00293196271322,9,0.0017064994410292446,0.3526256837605293,0.05277163713123933,0.03889876620633942,8,0.4221490609479639,0,0.3422670973388196,0,3.191204683711747,0.05,0.29540321428663474
600123,2017,E,建筑业,1,0,21.3233259100456,10,-0.04630639066586134,0.530155254638788,-0.256955979274267,0.1885553966996925,7,0.46672677580704713,0,0.37914391045112505,0,3.4907460303902624,0.05,0.20148376353706346
600123,2018,E,建筑业,1,0,21.29254877319847,11,0.08288230964358123,0.5537621105545562,-0.2018613694320118,0.14220857373406723,8,0.466762304745835,0,0.35633965604077916,0,3.4039810793225724,0.3581228648063297,0.8076681942478273
600123,2019,E,建筑业,1,0,21.121183144431527,12,-0.02836481487769157,0.4423258317979729,0.13130152646165183,0.15084284597724332,6,0.42533738079252753,0,0.3533888172075402,0,3.1760664089729,0.07329904350539537,0.7393723016874214
600123,2020,E,建筑业,1,0,21.26516693222612,13,0.04751787216895295,0.49842963688122155,0.18365380016473126,0.26323204908127523,8,0.44894825571344477,0,0.3593319616950677,0,3.2946817285009846,0.05,0.7166928204487882
600123,2021,E,建筑业,1,0,22.07216297883445,14,0.14107434428807425,0.5431511114315535,0.39654539942881784,0.01,8,0.4551112512081025,0,0.3060856507486453,0,4.159801475899439,0.06422487025811649,1.0768324271719936
600123,2022,E,建筑业,1,0,22.534933138318454,15,-0.005406171097962188,0.42331232239183464,-0.08855502199933059,0.18812676352418475,6,0.4758169457874993,0,0.32239608735232855,0,4.647727149265836,0.13705557577760674,1.6110827193884463
600123,2023,E,建筑业,1,0,21.48079690530072,16,0.08396504036282401,0.6694981403206275,0.1057086544350978,0.3922404905441105,7,0.4678460193995182,0,0.35062469838672566,0,3.4062205008403255,0.18015995031127052,1.0514410927664049
600124,2013,I,信息传输、软件和信息技术服务业,1,1,22.75247326398853,16,0.034684698404700724,0.2044613852789758,0.16864313533189482,0.34162360292201965,6,0.4415012405396411,0,0.5299234957106436,0,4.826726239652371,0.8169401523434442,2.908105602853148
600124,2014,I,信息传输、软件和信息技术服务业,1,1,22.685341568199615,17,0.12949362978363127,0.2456534074985272,0.31628337687060154,0.31270452750399674,8,0.41753503384904184,0,0.5071599240534413,0,4.686410273319866,1.060077198848094,3.332719419905511
600124,2015,I,信息传输、软件和信息技术服务业,1,1,21.932781198544713,18,0.09175782197087076,0.33425901611539105,0.29409853796860974,0.22489279030405043,7,0.4092493324567049,0,0.5563184159767016,0,3.7526310957943676,1.1290910690130949,3.20410017097833
600124,2016,I,信息传输、软件和信息技术服务业,1,1,22.370949365794527,19,0.025148828873436953,0.5294534797796671,0.445916099210935,0.059189326331806125,7,0.43290015752092453,0,0.5318025681290933,0,4.2337354564199625,1.1835596285947405,3.439838581383607
600124,2017,I,信息传输、软件和信息技术服务业,1,1,22.193022250316538,20,0.1320992441119584,0.6837842660282016,0.5007137179693757,0.3481445359162276,7,0.4088784315639291,0,0.50093408359107,0,3.9912374442865985,1.082138742537288,2.8882668300898304
600124,2018,I,信息传输、软件和信息技术服务业,1,1,23.18687415255955,21,0.0024278156713065935,0.26276480369103755,-0.13088355727398432,0.12572983437144575,8,0.43391030877459813,0,0.5650098124474286,0,5.128927794380203,1.2824466221943167,3.7433916485450305
600124,2019,I,信息传输、软件和信息技术服务业,1,1,23.043763492016026,22,0.11621197635354634,0.6170291835762001,0.025226404267648855,0.37251045989283954,8,0.41579160168576074,0,0.500827320569899,0,4.92122601013697,1.1401300298720158,3.410209592612494
600124,2020,I,信息传输、软件和信息技术服务业,1,1,23.776577236551528,23,0.13113367922374375,0.37138331431311716,0.16156064678087273,0.04632061970936516,6,0.4182277144410279,0,0.49411778844782284,0,5.813862622170539,1.2508120315177673,3.932565746004578
600124,2021,I,信息传输、软件和信息技术服务业,1,1,23.872997272802078,24,0.01468572767118044,0.16226774706862096,0.2298054554150742,0.1162223521855362,6,0.401385949102287,0,0.5127830080514281,0,5.889896724514383,1.7193176288907874,3.7537828331149665
600124,2022,I,信息传输、软件和信息技术服务业,1,1,24.577554554391458,25,0.02582502900426796,0.3004452698324245,0.10279090269478637,0.2810001230240142,6,0.4049472570558472,0,0.5465423222781669,0,6.802888475791895,1.309937041782158,3.758574354264378
600124,2023,I,信息传输、软件和信息技术服务业,1,1,23.603343333261147,26,0.0691168685463954,0.6556538528243339,0.23807021322298547,0.3951643895616016,7,0.4291384839911216,0,0.5289561574984076,0,5.447447991940272,1.6272258563757904,4.106826308151431
600125,2013,C,制造业,0,1,21.423070668043103,0,-0.06273924104554422,0.48257230436896953,0.4118925941258989,0.31437957072587397,13,0.37240775381663904,0,0.18649375487246234,0,3.9963983623733847,0.05,0.9453840036274869
600125,2014,C,制造业,0,1,20.88110133023929,1,0.013099749862765166,0.37761651504104027,-0.3425407002679044,0.1511560995830476,12,0.3845664310236966,0,0.2660123893759013,0,3.3545809051441946,0.05,0.6032339687502934
600125,2015,C,制造业,0,1,21.74234402894378,2,0.09653458418477381,0.5045977327109832,-0.06825242374353477,0.11306196483489125,12,0.37139130439435974,0,0.20894829286421704,0,4.257801195640477,0.22151517935994652,1.6921688954694314
600125,2016,C,制造业,0,1,22.69100711368991,3,-0.01216356485942071,0.7019463416659005,0.2963633895552998,0.12767057151915515,14,0.38116914116137685,0,0.18354300877069646,0,5.315887368972443,0.18643471431804054,1.5154592384019778
600125,2017,C,制造业,0,1,22.558731954242973,4,0.040094920351967454,0.27031155483644764,-0.06366995166672007,0.3015734358229476,13,0.40202982934259285,0,0.24788818301714205,0,5.117071884501634,0.17175922769438753,1.3313270673193367
600125,2018,C,制造业,0,1,22.582926305050243,5,0.026787546935726027,0.6237960607500224,0.4256898228278899,0.29208416824958716,12,0.3825872272467748,0,0.20660256126652418,0,5.0824275954179745,0.4571311702661114,2.1159796060075404
600125,2019,C,制造业,0,1,21.672557886065626,6,0.07811199854531967,0.49686758284889854,0.09841740049112269,0.23673561169566315,13,0.37088309761312427,0,0.16463814743269853,0,3.9872809653973693,0.542709847384383,1.7354672968986864
600125,2020,C,制造业,0,1,22.606198039662498,7,-0.03028702425986849,0.42911521625814075,-0.09932089217297796,0.1689261126560923,13,0.38927260316633316,0,0.20305319151699505,0,5.038719898542938,0.5514289917342207,1.9470385603401932
600125,2021,C,制造业,0,1,22.510051240984158,8,0.01186569495004254,0.42760072106474784,0.13543487817650124,0.01,13,0.36673764324595454,0,0.1888277397811542,0,4.873349509224213,0.680213168650047,2.177150656744637
600125,2022,C,制造业,0,1,23.04972133889796,9,0.045270083517786025,0.26669732116420797,0.19434885054876347,0.11544461281679994,14,0.3950097370434499,0,0.19910175255524676,0,5.483984445927897,0.5654376551872138,2.4193200860532564
600125,2023,C,制造业,0,1,23.154798463514865,10,-0.018267442412935056,0.7645029433914126,0.1936985204675284,0.07240867672418454,12,0.41940739616357375,0,0.23124125111189758,0,5.583337327950844,0.715524325184946,2.0301379854719124
600126,2013,I,信息传输、软件和信息技术服务业,0,1,21.755241041963586,0,0.04961924805879749,0.6811352293806722,0.0955707861278243,0.03448425712888578,12,0.4053307047939238,0,0.46341171749680876,0,4.2883025507477095,1.124030718614485,2.8418779808807435
600126,2014,I,信息传输、软件和信息技术服务业,0,1,21.988024114896177,1,0.007985966819735513,0.11756415031700201,0.10446967500475915,0.13223320636778202,14,0.41272619271393,0,0.4746708102750838,0,4.5250125700993955,0.8422033342335884,2.6652864074056755
600126,2015,I,信息传输、软件和信息技术服务业,0,1,22.69038315221519,2,0.1538603039523338,0.488273886968323,0.1571245685593558,0.21677775818754505,13,0.36669495673311664,0,0.4241437134900496,0,5.3009646940209505,1.1498041295904355,3.2505981066964256
600126,2016,I,信息传输、软件和信息技术服务业,0,1,23.020568161032756,3,0.06815059737642079,0.7819614923028266,0.11163905925663305,0.06817583513486003,14,0.3858315706191226,0,0.44594596197115927,0,5.664118818859594,1.0758569180248807,3.1547896953394257
600126,2017,I,信息传输、软件和信息技术服务业,0,1,22.538380385806587,4,0.020391582055579623,0.5539971616340241,0.05948582143203712,0.32354785914581896,12,0.3595859346891904,0,0.4657864315860267,0,5.0321499761213255,1.140118365226342,3.239732644526001
600126,2018,I,信息传输、软件和信息技术服务业,0,1,23.42857416406153,5,0.06542111025451625,0.27990148681883764,-0.03324055832342751,0.049129665790654475,14,0.38415427654129986,0,0.40468855903421,0,6.104366499500287,0.851788946403185,3.2510278828277936
600126,2019,I,信息传输、软件和信息技术服务业,0,1,23.529569121237937,6,0.05211703473500589,0.5332350864220424,0.3592125117030357,0.17164567073433853,14,0.3742497107655252,0,0.44584917592652545,0,6.1828146374713215,1.113792869536215,3.3984259980890927
600126,2020,I,信息传输、软件和信息技术服务业,0,1,24.487731865936787,7,0.07390407170296827,0.45711755625893136,0.2023993895791255,0.1732208444572219,14,0.37671479974647887,0,0.43730319944868484,0,7.412262310337659,1.418183480283941,3.7595278343792127
600126,2021,I,信息传输、软件和信息技术服务业,0,1,23.51287747867877,8,-0.006452837671046659,0.3228385976806307,0.06808661183396085,0.31989406571672985,12,0.3814920965477509,0,0.47738794044678756,0,6.085510756259138,1.1246551227529034,3.2454778039608185
600126,2022,I,信息传输、软件和信息技术服务业,0,1,23.320760131473154,9,0.1253590559290249,0.6918819747652616,-0.08956464180077611,0.11480069910631722,14,0.360755262373723,0,0.445842791527833,0,5.782403152856506,1.5878701173454732,3.7957389685154466
600126,2023,I,信息传输、软件和信息技术服务业,0,1,23.41515116877214,10,0.11447331820264173,0.3138833084196119,0.4369137548430224,0.06830275588472401,12,0.3909938542903356,0,0.4508786297112147,0,5.856598900235576,1.53314659015739,3.854227932491887
600127,2013,C,制造业,0,0,21.851679250824258,16,-0.012337139742196947,0.5455948056874612,0.28243619284992133,0.13013528174720884,7,0.3,0,0.4736790438676033,0,3.8061662366469724,0.39920573476807186,1.6811395911736833
600127,2014,C,制造业,0,0,21.29776224723016,17,0.08157053066880093,0.33375518683733574,-0.3504478954567349,0.11036440902788947,7,0.3,0,0.4284429895378318,0,3.1473145728081238,0.13535435732029066,1.4884952797251976
600127,2015,C,制造业,0,0,21.992442314791518,18,0.00032649067915329483,0.5111109236690007,0.1046028873197378,0.07665900537461547,7,0.3,0,0.4255428839900628,0,3.874263213842159,0.6481492928789742,2.1852935704927616
600127,2016,C,制造业,0,0,22.35383302058373,19,-0.05836852508095025,0.6184550962212352,0.2812655977551694,0.18127181106548024,6,0.3116559621944179,0,0.428707390867982,0,4.250115279450758,0.9268033542055889,2.237882558410603
600127,2017,C,制造业,0,0,22.828979790118314,20,0.06527470436686739,0.5548734239022333,0.3040721379270679,0.409757254906877,7,0.3,0,0.46189595611871886,0,4.767694837752913,0.723577247805493,2.8390261909564356
600127,2018,C,制造业,0,0,22.53585215208757,21,1.4618697727016017e-05,0.31149461431278,0.04745650788321612,0.4065266687243836,6,0.3,0,0.42183306350933936,0,4.3675054294225255,0.8935988242513395,2.7792062281082197
600127,2019,C,制造业,0,0,23.50949289914551,22,0.03308232242679798,0.5104914866884056,0.055103506198705354,0.216758723227929,6,0.3045034348114004,0,0.4385045867414989,0,5.527057909021973,1.038938528932309,3.243346838219881
600127,2020,C,制造业,0,0,22.61552789923061,23,0.046561323888809944,0.5069252997799628,0.38169285563219524,0.22959834059113193,8,0.3,0,0.4573209530073022,0,4.357568285222869,1.28571548684025,3.007551016928618
600127,2021,C,制造业,0,0,23.20640418687731,24,0.07412297374890818,0.4300333604076565,0.40110908211351015,0.2474260776324306,7,0.3,0,0.4356629633333467,0,5.058230106565952,0.9711193542424308,3.1620856170488523
600127,2022,C,制造业,0,0,23.343428785579786,25,0.10884307377106253,0.6339269036010403,0.03520368604153318,0.1832788761240979,6,0.3,0,0.4955943073286273,0,5.183876534723608,1.477515675163406,3.653432265086785
600127,2023,C,制造业,0,0,22.88632209747289,26,0.04884308565091189,0.45238090910796225,0.25399664681537804,0.10520744389073534,6,0.3,0,0.4430914334926215,0,4.559257291190316,1.5638208441124717,3.437710448843954
600128,2013,D,电力、热力、燃气及水生产和供应业,1,0,22.60667471222306,17,-0.003142121557351746,0.3223195429878478,0.1286919940740487,0.05324549481574134,9,0.3846311512915788,1,0.2606217868418027,0,4.633478855475315,0.583191034165456,2.2328310402856277
600128,2014,D,电力、热力、燃气及水生产和供应业,1,0,22.36103856427243,18,0.06133728282621151,0.6030578180786593,-0.21392442132915776,0.01,10,0.4139410006943279,1,0.2622563077649023,0,4.308786174209259,0.5891010159950394,2.030981907135408
600128,2015,D,电力、热力、燃气及水生产和供应业,1,0,23.163309598125196,19,0.09215005637939261,0.6627651166301962,0.2845088692915393,0.015101986649004917,11,0.4010111800856568,1,0.26219456367843547,0,5.252769288631415,0.27766172352677865,2.221142764535948
600128,2016,D,电力、热力、燃气及水生产和供应业,1,0,22.070250284133387,20,0.027369031685088075,0.3194605706161431,0.3589683552076667,0.12305373404744827,10,0.4549062875318306,1,0.21388986413597616,0,3.8837819480408164,0.33188112677613535,2.286439093784921
600128,2017,D,电力、热力、燃气及水生产和供应业,1,0,22.6353161834255,21,0.06020646549359967,0.6006301099305109,0.2884730347291291,0.016087241351813802,11,0.36939405419779947,1,0.24791803071296586,0,4.518809825172167,0.7144936969396272,1.994458625321156
600128,2018,D,电力、热力、燃气及水生产和供应业,1,0,21.75748800892516,22,0.013149569767695157,0.1171510086654079,0.2747338983251625,0.22284711319642864,11,0.37932798936995704,1,0.2286254726810019,0,3.439198589527367,0.8192355355932066,2.508510183517961
600128,2019,D,电力、热力、燃气及水生产和供应业,1,0,23.080449421707165,23,0.05639380513035049,0.6588097624168148,-0.3323961678916172,0.30675726880730037,11,0.4215499535249766,1,0.22070126005545238,0,4.9830971327973606,0.32090925061688685,2.263910814001663
600128,2020,D,电力、热力、燃气及水生产和供应业,1,0,22.387224629724084,24,0.07092758964962234,0.42092251164063244,0.2868050559315376,0.06352228658956995,10,0.4340762965736377,1,0.23969683140750841,0,4.101771372580917,0.7294223711071888,2.0590825512904334
600128,2021,D,电力、热力、燃气及水生产和供应业,1,0,23.007101440523225,25,-0.023323053881911124,0.32115462781305204,0.11924559455300622,0.1477762433522328,10,0.41874555628968496,1,0.23173314140317042,0,4.805874551640508,0.3688158721063737,2.4135490633891066
600128,2022,D,电力、热力、燃气及水生产和供应业,1,0,22.524758485911477,26,0.04528082735161143,0.4307741065939491,0.0869615010854182,0.07603120878230685,9,0.45218802980386735,1,0.23490372328765033,0,4.167632716928045,0.7761716378386739,2.6830160800984086
600128,2023,D,电力、热力、燃气及水生产和供应业,1,0,22.678111132081067,27,0.03770435950312012,0.42919717417962433,0.20891300662864137,0.21467055190281853,10,0.40778234792900864,1,0.21400475512088996,0,4.3295209817896865,0.582065260110655,1.9031367221765856
600129,2013,C,制造业,1,0,22.65850643135947,0,-0.032782341671624665,0.39183708711914156,-0.1388150089218094,0.22171537332202562,9,0.47119224278573046,0,0.45084717996689144,0,5.378227146904045,0.254422122953959,2.299819619880691
600129,2014,C,制造业,1,0,22.407418135642867,1,0.006599855272059335,0.674367743218809,0.18958618124233428,0.31721907754993917,9,0.43689893338489494,0,0.46335264293956047,0,5.04866933558616,0.2398189599628463,1.5468091731257703
600129,2015,C,制造业,1,0,22.213922317548867,2,0.05359136195870243,0.3770329144231873,-0.323115506595553,0.10340966841320044,7,0.4235936843614917,0,0.4765016551295312,0,4.768305650714355,0.4530449828064665,2.5151142151509482
600129,2016,C,制造业,1,0,22.46263572079304,3,0.06024048787503103,0.18671043094550277,0.5030095838337443,0.12679378829957974,7,0.4133224566382197,0,0.4792785032243967,0,5.011346727378692,0.7710232260576697,2.7805894595999274
600129,2017,C,制造业,1,0,21.339825710282895,4,0.05267674582183882,0.9009019719903779,-0.05272361193299038,0.10946167111286449,8,0.44202221854571544,0,0.454999370648737,0,3.68833759821044,0.8037195432946769,2.1106081830945826
600129,2018,C,制造业,1,0,23.6695665832052,5,0.09842444756499988,0.4203382915342008,0.11736228644136885,0.22197559906363346,8,0.45230696472330206,0,0.4525023328641811,0,6.422522901225414,0.8501007108257173,2.8131681236650166
600129,2019,C,制造业,1,0,23.024615248702492,6,0.020679143665221528,0.510636164752018,0.12008118005141473,0.23100808793663896,7,0.4701501137789302,0,0.4563193398495759,0,5.568241582577223,0.9589523801541083,2.659428959011407
600129,2020,C,制造业,1,0,22.494571297247674,7,0.09700137594235336,0.5590667563560386,0.3625375703290714,0.20573659618489393,7,0.42909215287429286,0,0.4687774736937152,0,4.881290890818221,0.9656947888560454,2.7512844477101104
600129,2021,C,制造业,1,0,23.09804855746611,8,0.0970433254716531,0.4509826917876077,0.2819014163239779,0.13006143762298256,7,0.45576572776072644,0,0.4356284122753213,0,5.574120983976201,1.024346709766905,3.234542284600236
600129,2022,C,制造业,1,0,24.263933733229287,9,-0.011187223765228717,0.40975333736644054,0.40503350711643643,0.2871021237910061,7,0.46013470310108023,0,0.45082724269519125,0,7.043218469744683,1.1818388581322896,3.4742991675955057
600129,2023,C,制造业,1,0,22.697311798412358,10,0.14727030410554046,0.39527379041329486,0.08154841820544494,0.13107673867981973,7,0.4493164931726357,0,0.4675415674617851,0,4.997788768330181,0.9370250384215851,2.7448258974567743
600130,2013,K,房地产业,0,0,22.58438300729838,15,0.011141822071163404,0.6432174232312451,0.07107820050972594,0.07396700694600583,10,0.3472463174469147,1,0.5670687030751287,0,4.68483692391944,0.6807949475320678,2.372895343127136
600130,2014,K,房地产业,0,0,22.650607169366218,16,0.08626337217254636,0.6044189670475227,0.5887658217259673,0.18111832232941133,10,0.3640141593421254,1,0.49667575432485817,0,4.726968358991974,0.8112980146047096,2.4199452467015523
600130,2015,K,房地产业,0,0,22.102070635933856,17,0.03108611217946228,0.45626056311791086,0.1894918087443726,0.2856630299284144,9,0.3793439247591691,1,0.5526282738599206,0,4.024468820790672,0.7910270467546622,2.764651265526321
600130,2016,K,房地产业,0,0,22.545881201628703,18,0.06119947204290703,0.20693089935801473,0.32764235381055756,0.03982368216919693,11,0.3809309876301699,1,0.4760089372261476,0,4.50568652233917,0.8467916218267211,2.5312450356761147
600130,2017,K,房地产业,0,0,23.945077456759005,19,0.008888397546285197,0.2352999326924284,0.25548868339634867,0.16389033807238995,9,0.3480319407758828,1,0.5128541605135126,0,6.219736285057901,1.0555408750432487,3.3881336023608175
600130,2018,K,房地产业,0,0,22.997938102842696,20,0.13926780894258362,0.4232363594198324,0.26936885613004324,0.34590390089970924,11,0.36140645379287417,1,0.4781604515720402,0,4.962104221649508,0.8676041225925128,3.4797181326016666
600130,2019,K,房地产业,0,0,23.46103752018997,21,0.08049091728270594,0.233621987460718,0.3640823600930778,0.36772905517013665,9,0.3437200493784547,1,0.5228437480016532,0,5.490740353541375,1.2323910057746297,3.8620129329054684
600130,2020,K,房地产业,0,0,23.673985201295192,22,0.07253083825557341,0.35062253173730434,0.29127772923698186,0.08125110706229646,9,0.35145812793470654,1,0.5257665525269939,0,5.714178936308801,1.5883053546600179,3.711724320751661
600130,2021,K,房地产业,0,0,23.382326908942538,23,0.07311492271154052,0.22241523374965533,0.3238128294326015,0.22505286656398132,9,0.339368317426287,1,0.5285284629878855,0,5.30251580984602,1.5702448597319933,3.8729512345552766
600130,2022,K,房地产业,0,0,24.280912117865398,24,0.010186197488215087,0.34362268548019753,0.11122305384619668,0.04330897914745571,10,0.35399674430003353,1,0.5263628697605854,0,6.437406271302357,1.6551836735738783,4.076091819513505
600130,2023,K,房地产业,0,0,24.157238723768767,25,0.11820385501829128,0.5671907043362534,0.20147642837176055,0.22758902948906234,11,0.3477590477408284,1,0.5198691654805423,0,6.207385758860589,1.735380802099471,4.516061617522476
600131,2013,C,制造业,0,0,20.886592755081715,17,0.04489959460784555,0.4575217510784343,-0.16854400061922373,0.1539313206690915,11,0.3752259355544662,0,0.22387636528325838,0,2.756689297843959,0.05,0.09782661905913206
600131,2014,C,制造业,0,0,20.724484471857643,18,0.024769804970226034,0.25829065900364767,-0.025530192089431095,0.01,11,0.36477602933744313,0,0.24159808032884317,0,2.531433043547127,0.05,0.41135590404233374
600131,2015,C,制造业,0,0,21.376092367696025,19,0.007101437305581475,0.25089809257184914,0.23530831775265593,0.12540895476834005,12,0.3398611270810411,0,0.2773129516725714,0,3.187810476263093,0.05,0.915580673790221
600131,2016,C,制造业,0,0,21.09381437964213,20,-0.01962106793104472,0.6834526296025252,0.12018041121138927,0.36942900219094055,11,0.3851197105774704,0,0.2607694866657688,0,2.8460134876731376,0.05,0.31368305700206844
600131,2017,C,制造业,0,0,21.545497982760118,21,0.01667409139905081,0.7249921994150829,0.22864160552544113,0.2380262636833433,11,0.3784640693682604,0,0.2770940312932568,0,3.293550717234625,0.05,0.5368214244663849
600131,2018,C,制造业,0,0,21.6964233040495,22,0.09293510803934331,0.3387586919081756,0.0542625555439373,0.01,11,0.36147042437965665,0,0.3139587085112958,0,3.4099140014849927,0.10931908071266255,1.2029589543839623
600131,2019,C,制造业,0,0,21.649156644626803,23,0.05759513374383022,0.516312861592004,0.027888750174450333,0.037058680588351794,12,0.3367535560925121,0,0.23849734879387247,0,3.318480781045939,0.20658361700134606,0.9004754679447785
600131,2020,C,制造业,0,0,21.763509343135084,24,0.015259215067738563,0.5110160770315536,-0.5506054349859759,0.15878174901987602,11,0.37203479978614146,0,0.22376353750154732,0,3.405274397600905,0.19236081229303648,1.0837543376316687
600131,2021,C,制造业,0,0,22.168922677669514,25,-0.013121228158091781,0.5883502239724774,0.11539818810366806,0.2911110047128861,12,0.3295961619716454,0,0.2990578086848995,0,3.810436565166297,0.4760649809380171,1.5064037444862686
600131,2022,C,制造业,0,0,22.668590677023513,26,0.1218323200583967,0.4767336690342597,0.5738604075551561,0.05065865755536475,12,0.36421005569396514,0,0.24732285606198243,0,4.370483884727195,0.47047001770841307,1.9218191290188291
600131,2023,C,制造业,0,0,21.148993949913784,27,0.019997259015169362,0.31318697516960536,0.24885044164410244,0.19880317691772653,13,0.338676810369083,0,0.2685993270324758,0,2.6017527392269444,0.16856496916858588,1.3707813252695287
600132,2013,C,制造业,0,1,22.12474023520296,4,0.05286149220017558,0.5882494936318899,0.08821837004165267,0.20988624978396048,9,0.33451229476615085,0,0.3299079895792439,0,4.582467115547086,0.7679065786874233,2.308542846006334
600132,2014,C,制造业,0,1,21.615285654294127,5,-0.008616963684612969,0.5541749663161608,0.3207234172826556,0.3753425512856,11,0.34682875201463037,0,0.3267491395165835,0,3.9787059461678522,0.2394317069462415,1.6728494795291093
600132,2015,C,制造业,0,1,21.793641850940833,6,0.0036533100474120325,0.43877190280393363,-0.12760995342951192,0.27526012564658303,11,0.3211973668061086,0,0.36346827547324567,0,4.1379578082888635,0.6737827741897833,1.814084576147926
600132,2016,C,制造业,0,1,22.492374939379673,7,-0.03387029947578367,0.5269736399409356,0.1778855623193989,0.2794611124755153,9,0.35378077938770547,0,0.3149901971933835,0,4.888626140413389,0.6736694869306057,2.2711359908339404
600132,2017,C,制造业,0,1,22.522898520603853,8,0.009302920592596978,0.5395006981957315,-0.00511220390064851,0.1050057263282603,11,0.33135295376704604,0,0.3279020706847341,0,4.896851429410318,0.6249665998061952,1.9461907567002235
600132,2018,C,制造业,0,1,21.596088136755426,9,0.10524772813893168,0.36909966665326543,0.7065837505272202,0.10522791637908986,11,0.3691211718669712,0,0.32361270148206417,0,3.7713549758190466,0.676332121185931,2.7949970662188184
600132,2019,C,制造业,0,1,22.24191168660199,10,0.09640562656633894,0.6351455475595815,0.3866445199024957,0.25134957229090843,11,0.3063204906678112,0,0.3456139029063364,0,4.471655863010354,0.7401419239719965,2.585281108671693
600132,2020,C,制造业,0,1,21.79218845045634,11,0.08609106861702437,0.3613636975750859,-0.0014952330316162915,0.061934018437578314,9,0.3376725699199708,0,0.3369455054515965,0,3.923589333467025,0.6554364223130361,1.8028222763160655
600132,2021,C,制造业,0,1,22.569820336482792,12,0.08126889219062833,0.33115204644737634,0.6421682478910252,0.23988783583351103,9,0.3652784202704392,0,0.32596035069160123,0,4.7741244419352,0.7182692272034562,2.8333695212632017
600132,2022,C,制造业,0,1,22.96493424616937,13,-0.005519428117328293,0.5077102152959738,0.21293428139042658,0.12497360907888246,10,0.3138186486231418,0,0.2934703736648491,0,5.21986923156267,0.8090900344516192,2.0898218943935984
600132,2023,C,制造业,0,1,23.206108703860274,14,0.03230654765860376,0.4536711436753934,0.4178894922270985,0.23626505016754612,9,0.3495490789607563,0,0.30387812503487394,0,5.481354000709128,0.6398053967764119,2.629792260382043
600133,2013,D,电力、热力、燃气及水生产和供应业,0,0,22.599366664471365,10,0.010757400074263984,0.390017985224551,0.33566718090837,0.2364940589098691,6,0.3603020187537752,0,0.46555008818951915,1,4.909049673561456,0.7578522928158034,2.3273764800403667
600133,2014,D,电力、热力、燃气及水生产和供应业,0,0,21.24781772080182,11,0.05127380784337391,0.3748431830060215,0.20070085229556545,0.2051553313273001,6,0.3931784279767583,0,0.4699330805355929,1,3.3187989934892745,0.470434436408223,1.882651313870363
600133,2015,D,电力、热力、燃气及水生产和供应业,0,0,23.248159893832284,12,0.1157722005820758,0.6532333783428572,-0.06245681986773706,0.18167300440068984,8,0.406752085671771,0,0.4141622218446542,1,5.632176036393895,0.751361700806805,2.5287871364973715
600133,2016,D,电力、热力、燃气及水生产和供应业,0,0,22.56963163872537,13,0.0281958266035644,0.25042573495705744,0.20657961706074496,0.2394373796017732,8,0.4001520438359342,0,0.43473696598728157,1,4.747484845740588,0.6014784559009334,2.5399674556020484
600133,2017,D,电力、热力、燃气及水生产和供应业,0,0,21.762235035653628,14,0.09963501871054806,0.41381163331975457,0.39067635898074315,0.23443204051566505,7,0.3775778560170565,0,0.453352329076867,1,3.76896753975974,0.5839676618715616,2.161306426703733
600133,2018,D,电力、热力、燃气及水生产和供应业,0,0,22.814000262517936,15,0.06066131818292835,0.35152332249074725,0.1959000797348295,0.02437867141202546,8,0.3930992399601205,0,0.4256254055391186,1,4.962527011156513,0.6120023550647405,2.525680138589112
600133,2019,D,电力、热力、燃气及水生产和供应业,0,0,21.560886997211234,16,0.13329619163166828,0.2820875997061108,-0.0037357863580309014,0.17141490099398365,8,0.4089955780370945,0,0.4539595739992995,1,3.4522762380937446,0.7219909319546984,2.1769913946030983
600133,2020,D,电力、热力、燃气及水生产和供应业,0,0,21.655018279156597,17,0.12046125878106087,0.5328664506559699,0.11126409797852636,0.4445750635197604,7,0.3772447142045533,0,0.45224235400819973,1,3.5173776911632193,0.8594418492637786,2.003326036360089
600133,2021,D,电力、热力、燃气及水生产和供应业,0,0,22.389600661727002,18,0.033260925215195296,0.4517837523768176,-0.1345148082372618,0.14715631039119856,6,0.3803585299956682,0,0.43233963887874294,1,4.312642057618177,1.2500584090649833,2.7229440384841435
600133,2022,D,电力、热力、燃气及水生产和供应业,0,0,23.356664469681903,19,0.021261826083967917,0.45233433607834184,0.2073036708086278,0.3987411011819335,6,0.35638652115972336,0,0.47380572949030647,1,5.468684662459273,1.1396317715933,2.7890507612965862
600133,2023,D,电力、热力、燃气及水生产和供应业,0,0,23.775395112909806,20,0.02003029529123386,0.6599160849233937,-0.029182867625804215,0.2229171680202511,7,0.3670742473445683,0,0.4699718084819,1,5.966453766310336,0.5505283693636367,2.9170787534655336
600134,2013,D,电力、热力、燃气及水生产和供应业,1,0,22.199756579225493,13,0.10893504892266503,0.5194554779083514,0.27601477907704436,0.08766432989438284,11,0.38822320177248476,0,0.22714997399101172,0,4.315920859183569,0.645983663180299,2.4905832318444805
600134,2014,D,电力、热力、燃气及水生产和供应业,1,0,23.165564435683326,14,0.04946375528846312,0.5426330115619574,-0.11232137305943687,0.21364858511681123,10,0.41042112709528994,0,0.22881025465677274,0,5.4311911195931515,0.5724757982764854,2.6691147796315153
600134,2015,D,电力、热力、燃气及水生产和供应业,1,0,21.60032289387311,15,0.1395790917054483,0.32853996587982415,-0.11550909929372791,0.20090247731493768,10,0.370802437615147,0,0.21601877157261357,0,3.53147946954068,0.6465347399831776,2.711699624505833
600134,2016,D,电力、热力、燃气及水生产和供应业,1,0,21.613035389889784,16,0.05715007303559771,0.2760362392204949,0.13344484355939432,0.32532960818114287,11,0.39591074635395507,0,0.21165931274793712,0,3.5054221901692104,0.6857621613541618,2.6162532164805503
600134,2017,D,电力、热力、燃气及水生产和供应业,1,0,22.44213229403587,17,0.024313406228153426,0.7902641681013763,0.35208225849770236,0.15168905990995205,9,0.37624793620414787,0,0.25405293524284095,0,4.421208853475192,1.2117788410231158,2.6601950095894935
600134,2018,D,电力、热力、燃气及水生产和供应业,1,0,22.884262653313435,18,0.005109122087892319,0.3363439726548757,0.3507972056842721,0.31887729055960623,10,0.3950397135119711,0,0.1923801748366829,0,4.902820551802539,1.0504602034870683,3.2463024959531346
600134,2019,D,电力、热力、燃气及水生产和供应业,1,0,23.697888491898823,19,0.00879318458916692,0.33734006487617657,0.21320058736513592,0.303458436368135,10,0.3740637218936095,0,0.22417096913637477,0,5.888441553258919,1.1600449349424438,3.1385840489747068
600134,2020,D,电力、热力、燃气及水生产和供应业,1,0,22.765287379604604,20,0.07913142876207466,0.03,-0.12048058063429956,0.21206619931949336,11,0.34906964337078233,0,0.2191775271039721,0,4.6770581185930125,1.0636583891152658,2.939083903521194
600134,2021,D,电力、热力、燃气及水生产和供应业,1,0,22.864755171659898,21,-0.020848219987393876,0.3653328503053015,-0.01908068225268067,0.09560201688418137,11,0.3676805047358883,0,0.22362294849283096,0,4.741558764985226,1.5831531942247552,3.824963152928004
600134,2022,D,电力、热力、燃气及水生产和供应业,1,0,23.16210266593385,22,-0.017973013893445022,0.5166930991355595,0.07733958715430944,0.1858506145002811,11,0.3714026437794,0,0.2183399317612747,0,5.073696438185398,1.3791678964637746,3.2932220022724747
600134,2023,D,电力、热力、燃气及水生产和供应业,1,0,23.9647250534147,23,0.10560166204096158,0.5093557745285725,0.3049456366042512,0.11594023946487546,10,0.38617240557584875,0,0.2342369923115034,0,6.0594464536009545,1.4850306847609156,3.874126345575168
600135,2013,F,批发和零售业,0,0,22.120662714418533,13,0.053752196711614256,0.5941037692736777,0.34155835704631765,0.17708976091258535,15,0.33411771386376227,1,0.46951201660564923,0,4.224560812560254,0.466665226224442,2.138905572377682
600135,2014,F,批发和零售业,0,0,22.464301852736533,14,0.02521168397224027,0.44261053502750347,0.08366198579157111,0.2501069494545244,13,0.33391648189902207,1,0.5192696414506477,0,4.583666606764206,0.4974201452059168,2.0950424422878693
600135,2015,F,批发和零售业,0,0,22.947284493408997,15,0.08058210532158644,0.363808979166943,0.11942384698318184,0.020705901668439025,15,0.35531992487807784,1,0.49917937022337866,0,5.129495698517282,0.4839101036515483,2.5941053262023703
600135,2016,F,批发和零售业,0,0,22.277655877884527,16,0.04824003077966087,0.5757844023345052,0.24836497666222968,0.2714455435606325,13,0.34216387343639015,1,0.46268962217356635,0,4.269763481091849,0.699265981499367,2.085245308339732
600135,2017,F,批发和零售业,0,0,21.62654905656298,17,0.07647873732928999,0.4045155453012492,0.06115536901170876,0.04268962478056981,13,0.34490908668333686,1,0.46830739414773126,0,3.4876765461185695,0.5863162455942741,2.2022829349586543
600135,2018,F,批发和零售业,0,0,21.060339903927588,18,-0.01874896846383524,0.5083930141462942,0.4289636990717696,0.1982040524942801,14,0.3,1,0.4810692285593394,0,2.822564705640836,0.896811293617498,2.125551064018979
600135,2019,F,批发和零售业,0,0,22.829777506968473,19,0.10310542217847035,0.4416479730492122,0.12976550868188355,0.2535096605489006,14,0.37041861475627,1,0.49287373183498473,0,4.812883147761858,0.7922057407678565,2.2649044093248003
600135,2020,F,批发和零售业,0,0,23.030657349478084,20,0.05538634641430926,0.36224032268882134,0.2339698288009997,0.05747949664702995,13,0.377835914727561,1,0.4947600995999919,0,5.011539088792006,0.9208838485470411,2.694660079470286
600135,2021,F,批发和零售业,0,0,23.156754019142543,21,0.04332182853166262,0.5545781740257927,0.06941513506546716,0.13696014773983214,14,0.33995736980832186,1,0.48029183010559034,0,5.125417386290424,1.156798373543333,3.2947970273581344
600135,2022,F,批发和零售业,0,0,23.32728093664568,22,0.09390690307706016,0.44743647530877073,0.25962547454565665,0.43764804205582597,15,0.3099984844918732,1,0.4694553145821067,0,5.294114712432314,1.20257014585236,3.261723211090678
600135,2023,F,批发和零售业,0,0,22.727324660775796,23,0.04977222453256064,0.4526151605410442,0.12935600345680823,0.09923378026540704,15,0.3,1,0.515305344771428,0,4.514833804365726,1.0916247202815534,2.6673208915911415
600136,2013,C,制造业,0,1,21.740102575028654,16,0.007643236197117716,0.38257806221353674,0.14560681609975604,0.01,13,0.36336351197381866,0,0.5187044310223676,0,3.669637530701079,0.5454309301170548,1.9184894393834127
600136,2014,C,制造业,0,1,22.74344094370955,17,0.0025234020269545993,0.5573137396144159,0.31286577062616105,0.14600720546629473,12,0.39037709611880433,0,0.4918004634658548,0,4.803938917961823,0.7540531226352034,2.0600849909589436
600136,2015,C,制造业,0,1,21.856584419946348,18,0.020234661736994803,0.588908997096771,-0.06219136164954259,0.23804722755794377,11,0.4138558294993928,0,0.5469605309024855,0,3.720039338323525,0.4578465425407317,2.3403795663093687
600136,2016,C,制造业,0,1,22.758592037175216,19,0.03524963479844872,0.23564320444385387,0.20039332555437162,0.25009526789044595,11,0.3939602494929175,0,0.5087669683740553,0,4.736523542598015,0.7371865106102378,2.3639639043594527
600136,2017,C,制造业,0,1,22.642859410292715,20,0.03843271983886603,0.799950402075202,-0.2158610901984565,0.11179231617743945,13,0.37198320630471715,0,0.5009133963823159,0,4.556105895135058,0.7103045690597044,2.3070173797659224
600136,2018,C,制造业,0,1,22.89307565801288,21,0.11362724994616274,0.7662728509948638,-0.1202782097661961,0.2562171420634306,13,0.3959844059331584,0,0.5042843622649766,0,4.8181190254001365,0.6807204328172167,2.3883955666614036
600136,2019,C,制造业,0,1,22.552224476739656,22,-0.036911734501242,0.4282846835031691,0.10871547037864765,0.3179974444988185,12,0.35559895335615455,0,0.46707402419555544,0,4.3492359236379405,0.9945175118469306,2.2885960126696343
600136,2020,C,制造业,0,1,23.088144151375882,23,-0.007790627111975715,0.2145951735122289,-0.3197520123116927,0.08406408835065336,11,0.3906030318038534,0,0.5348742071351644,0,4.975929802531548,0.6535997217174937,2.3237034853187497
600136,2021,C,制造业,0,1,23.498271154842584,24,0.09950992229087616,0.3747908185064889,0.5419657702173377,0.32732952792130354,13,0.3661507358495649,0,0.536287326030753,0,5.454643716535278,0.8179781069078823,2.8049700866125886
600136,2022,C,制造业,0,1,22.52165875568215,25,0.021822250225691932,0.46721868006594647,0.12587050048348772,0.19609296581917832,11,0.3562021110381406,0,0.5340139274417782,0,4.1866744712598285,1.118699534203639,2.6478787199219336
600136,2023,C,制造业,0,1,23.47788075204025,26,-0.03542009669905509,0.5122532725215813,0.09419920950628291,0.20435964463876718,11,0.3781293249287521,0,0.5183510094123673,0,5.323564664111139,1.2076555827767739,2.8037405616683038
600137,2013,C,制造业,0,0,23.15086660540677,11,0.053638187662813634,0.32225856737336145,0.4132520359718003,0.05916170206565925,11,0.36728826124890496,0,0.5929078673743015,0,5.555968336714396,0.4938229947174124,2.5059987361263687
600137,2014,C,制造业,0,0,22.194203103528974,12,0.0296035385294837,0.4700251385249718,0.13560738797756008,0.30114631906619915,11,0.38952271271503125,0,0.6287017545918697,0,4.344940763076797,0.5468559701751423,2.252010426259187
600137,2015,C,制造业,0,0,22.634282360649173,13,0.050671825980305105,0.6363985109389099,-0.06395505655464392,0.07269621809436244,10,0.39398606627753213,0,0.6117273397184201,0,4.823219612051566,0.6601019524975733,2.331442039170757
600137,2016,C,制造业,0,0,22.82026553862667,14,0.01380168782356786,0.46554738227522185,0.011890508962332708,0.01,10,0.3646984453093943,0,0.624409988660112,0,5.012565363591686,0.5649135214685488,2.3291936032343608
600137,2017,C,制造业,0,0,22.525859713016303,15,-0.0036289644111229466,0.42699441630571894,-0.021921203403697076,0.23486281222067776,12,0.36741175355563244,0,0.6064920823336695,0,4.596049493836946,0.9540486807007579,2.509998684287266
600137,2018,C,制造业,0,0,22.2150901239546,16,-0.015507263760485265,0.30423332672942704,0.3745695973961223,0.31697326843523355,11,0.3587209168437129,0,0.6206305752200004,0,4.190087259985868,0.9039791559234679,2.6098608818510862
600137,2019,C,制造业,0,0,23.188414015762337,17,0.09946785534171487,0.6920606839794038,-0.1079810690481901,0.2511184086087902,11,0.36526970069546144,0,0.6311352247819011,0,5.3328924824925386,1.0632113115143678,2.8740227423647964
600137,2020,C,制造业,0,0,23.330907592541784,18,0.04293295290921834,0.44466308878879157,-0.047016011880529646,0.22066406307511857,12,0.36312140750605887,0,0.5944409742582333,0,5.468007492909539,0.9955575893472047,2.936968902358937
600137,2021,C,制造业,0,0,23.18004904598023,19,0.015689497728129213,0.49858663979245244,0.5557844270167712,0.24728367459179373,11,0.38835567619502576,0,0.6186154582268606,0,5.248142125561724,0.9190737051197869,2.69255218112647
600137,2022,C,制造业,0,0,22.976854095009113,20,0.13192952522850013,0.3035150671824469,0.1357472025845113,0.16539470535057885,10,0.3823999681819583,0,0.6410872357159665,0,4.9321830793360855,1.20304787605893,3.3046767943032793
600137,2023,C,制造业,0,0,22.907262046042845,21,0.051816104707266414,0.39192835508429774,-0.2033679154907778,0.24557754013091265,12,0.37078078208056153,0,0.5876275488451513,0,4.802958288224125,0.9342764894309221,3.152301612172351
600138,2013,G,交通运输、仓储和邮政业,1,0,22.78975725524969,12,0.07684655556613318,0.6820168547487663,0.14453426667193925,0.30247211260200413,8,0.36051349649809666,0,0.5080748565820364,0,5.047141773331078,0.6991295741033768,2.525463179692207
600138,2014,G,交通运输、仓储和邮政业,1,0,21.72742467072898,13,0.06414971365803222,0.3857704875575677,0.09009648686262997,0.12568181194802433,8,0.406172129924831,0,0.4808340788275469,0,3.75300408176107,0.9101675926974142,2.665578167386115
600138,2015,G,交通运输、仓储和邮政业,1,0,22.922229849739068,14,0.041247794645474546,0.48819069551454963,-0.027762502241902354,0.19319545707130234,8,0.36308050991250346,0,0.4986823356581063,0,5.118581752140512,0.7568860231611263,3.030515554185879
600138,2016,G,交通运输、仓储和邮政业,1,0,23.098929320538563,15,-0.004206345121331903,0.644887433206738,0.3671566614811161,0.2162879754326732,8,0.39889954950761775,0,0.5047226014482886,0,5.284032815565471,1.1852746845264333,3.124772504234617
600138,2017,G,交通运输、仓储和邮政业,1,0,22.995070741488366,16,-0.012971549528728796,0.14202317672285614,0.21630073005552827,0.305455721250179,8,0.34154245124476196,0,0.5028709818229387,0,5.124170444895487,0.859479631239994,3.1527851625535916
600138,2018,G,交通运输、仓储和邮政业,1,0,22.908267856767758,17,0.11064952451117598,0.3677433420956248,0.20306126525742577,0.3395169784911177,9,0.37070467958955294,0,0.4692250436407309,0,4.969914446521098,1.143700263471836,3.2036418942332734
600138,2019,G,交通运输、仓储和邮政业,1,0,23.916290783415114,18,0.09005725655850609,0.4290129819282135,-0.17126059948740585,0.32806728489220877,10,0.3573201941369676,0,0.5009781424489181,0,6.187353977439242,1.2671222324448257,3.738233276170653
600138,2020,G,交通运输、仓储和邮政业,1,0,23.264589150788503,19,0.014728904314484766,0.5168576051412239,0.1274179944274574,0.24439729074627384,8,0.3761157542947582,0,0.4669718558780361,0,5.312696841199164,1.3091369568200755,3.5424795096594077
600138,2021,G,交通运输、仓储和邮政业,1,0,23.692277599356977,20,0.0667943211628529,0.3376204504631959,0.09716364282713197,0.0895717861920532,8,0.389573483804247,0,0.4893951258126766,0,5.816425363020872,1.3657449408855,3.8837559835414894
600138,2022,G,交通运输、仓储和邮政业,1,0,24.67696595614086,21,0.05847002115124055,0.3356801723323746,0.3080259483553031,0.22050507022934746,9,0.3698245612389874,0,0.49794345384967215,0,7.088407456326484,1.5385419062270245,4.440929417396018
600138,2023,G,交通运输、仓储和邮政业,1,0,24.00864363210925,22,0.06398280382375576,0.5146021411252866,0.4165078834276574,0.34100478387658906,10,0.34871589171316875,0,0.46955804460977113,0,6.126764806769234,1.8588396053793748,4.387216774252673
600139,2013,C,制造业,0,0,23.108153198058766,1,0.08736523824042322,0.4304331060310522,0.0937697352952444,0.2923302039382468,9,0.31306534600236813,0,0.19618606300350924,0,5.879864604690287,0.5885997169683299,2.873233268684344
600139,2014,C,制造业,0,0,23.3013907026607,2,0.07588011354919903,0.34548236467670623,0.2033259455567858,0.01,8,0.3749389580414801,0,0.21458989562755146,0,6.08628884052034,0.9918356308942826,3.007740950558388
600139,2015,C,制造业,0,0,21.835720819932515,3,0.028223590671333215,0.7279201993988031,0.41188737541363707,0.15207171473464956,8,0.3227476857480605,0,0.2112862982285151,0,4.272536567987843,0.9894163614228614,2.6233482338660514
600139,2016,C,制造业,0,0,22.792519273211866,4,0.05740441071098867,0.17698641143156774,0.026500633934598686,0.22564558987953215,9,0.3212364737150488,0,0.21694085118236628,0,5.356489893905838,0.9305592306688254,2.9400213019187684
600139,2017,C,制造业,0,0,23.20607976028329,5,0.0602140511326748,0.46012137792107766,0.20903955389870443,0.09058402746343389,8,0.38200632369727455,0,0.23823969786893562,0,5.824003788961902,0.7305387605429889,2.9770069173512503
600139,2018,C,制造业,0,0,23.470994106381347,6,0.07552849177109339,0.39077853769932336,0.38991764211503643,0.2763222336929714,9,0.36396928976910503,0,0.19917128143749666,0,6.114736097265389,0.9885988978381661,3.596717832822912
600139,2019,C,制造业,0,0,22.86952350263327,7,-0.007736028997987074,0.25876836997658126,0.08825384124674708,0.17940473818836528,10,0.36085538467382255,0,0.23078796043722072,0,5.319459690106109,1.2678172576722124,3.293493767716928
600139,2020,C,制造业,0,0,23.70250093495896,8,-0.004913735787185354,0.32474154690301443,0.11968375340932727,0.22761959272520466,8,0.35914184288357076,0,0.2108688410760518,0,6.336630062574601,1.0041340093399196,3.1414631512452704
600139,2021,C,制造业,0,0,22.09593980105884,9,-0.005519690280674547,0.25278430693939724,0.1832696027200651,0.37244336276197754,10,0.35106070638919346,0,0.21547215730938035,0,4.313009581493265,0.8603466300318254,3.1125222606712892
600139,2022,C,制造业,0,0,24.918267836404727,10,0.08801506434777616,0.5906937260422906,0.031318309706491326,0.17280937249502512,10,0.37000311190395785,0,0.23635714104513353,0,7.892761631910195,0.9610076840144475,3.8200014790477654
600139,2023,C,制造业,0,0,24.485639475980363,11,-0.005679963696589407,0.2954113438624591,0.14344782781881565,0.23990992886617343,9,0.36274717541193247,0,0.2264980192015425,0,7.237298166940287,1.5015088731120265,4.097100995692869
600140,2013,B,采矿业,0,0,22.840054821925893,8,0.03338708075294137,0.4562550796125723,0.08052456558384641,0.35173074625403744,6,0.3272137318904238,0,0.3890622223800424,0,5.302491297843144,0.32366747196356466,1.8042687947353435
600140,2014,B,采矿业,0,0,22.119173068947067,9,0.0028389147482658084,0.26016469764485983,-0.06623631998065639,0.1295685891086891,7,0.3540487954789564,0,0.4612518150087877,0,4.381778619313571,0.44048687144229465,2.297025471960544
600140,2015,B,采矿业,0,0,21.697024560988684,10,0.04486894359553819,0.5367284454836593,0.38280668814100094,0.06867051982252724,7,0.3587679217169459,0,0.4202709165644207,0,3.8702658116529216,0.2564055763514098,2.1927395016865185
600140,2016,B,采矿业,0,0,22.62863812090439,11,0.12357373057355237,0.38711885793675616,0.20472520679449144,0.21777658402365502,8,0.3800425079640882,0,0.42856083113690785,0,4.91074522550594,0.5405506356540216,2.311265293786507
600140,2017,B,采矿业,0,0,22.79721537592704,12,0.07447614107549318,0.4017458916657453,0.5032912482855898,0.25095704039374594,8,0.3957398605973418,0,0.4402211167118965,0,5.073277981654566,0.369925470832169,2.303006472063666
600140,2018,B,采矿业,0,0,22.42592327149712,13,0.008038325348420056,0.43294754502020055,-0.1356250127838176,0.098435211042043,7,0.32947429861296185,0,0.45627049973335676,0,4.580486403243969,0.39206007305007173,2.5492328021920425
600140,2019,B,采矿业,0,0,22.281317653855968,14,-0.017093468571481092,0.30363473322410445,-0.03278177089615472,0.3720171251634133,7,0.3562334375596654,0,0.4293203615799208,0,4.361730737458693,0.5905068337966735,2.397363492595982
600140,2020,B,采矿业,0,0,23.102624627188572,15,0.06389372097454446,0.3239619864710719,0.32472593258245164,0.21784665511318674,8,0.35375129360700525,0,0.4346808379320104,0,5.327514252106178,0.7038794886867137,2.256727403666629
600140,2021,B,采矿业,0,0,22.60000895266206,16,0.03395105049388799,0.48109952091384656,0.04828043719164822,0.30535274460249273,6,0.3191545366944951,0,0.4274914174839246,0,4.673462523007501,0.43605835418902195,2.309032600011239
600140,2022,B,采矿业,0,0,23.382039665491707,17,0.08917145066541537,0.8066653763247622,-0.081289579029946,0.09176103237850951,6,0.34973289379507594,0,0.3915217514756707,0,5.593999510936777,0.4278864180129188,2.5518867383736055
600140,2023,B,采矿业,0,0,23.1533148750457,18,-0.014225370668282195,0.5770243259232052,0.08664917404249439,0.21414583671434256,6,0.39599367781689077,0,0.44793523039585575,0,5.26593986593255,0.6766613047456587,2.31885863873112
600141,2013,C,制造业,0,0,20.69356348103739,2,0.05715878234827461,0.38463823158367205,-0.20895104203379833,0.17293636527287365,9,0.3852958660546604,0,0.5514659927885494,0,3.133046185367622,0.05,0.7168799949453167
600141,2014,C,制造业,0,0,21.140665134952574,3,0.02785837021139444,0.7143092859584442,-0.12772664694746577,0.09419319023776358,10,0.3962555457197289,0,0.556389357142777,0,3.5541915137113214,0.23901660131463126,0.9362586905899046
600141,2015,C,制造业,0,0,20.007257564789377,4,0.08879911230284548,0.571765264420159,-0.11327218559399618,0.01,8,0.372849654195555,0,0.5754124243626959,0,2.339776396206108,0.1872874304265765,0.9477702402680817
600141,2016,C,制造业,0,0,21.422442697993887,5,0.018756068297757944,0.4661161556700938,-0.1775039392606496,0.24168175354403193,8,0.36146805955866546,0,0.5391637909201853,0,3.7696483383303723,0.18914515660546694,1.3613947562724937
600141,2017,C,制造业,0,0,21.327542405244515,6,0.11016267825977355,0.3990016895387887,-0.2901648397414939,0.19385795834918002,9,0.4007382717588543,0,0.5348122043818329,0,3.6173918583327604,0.43555148223024476,1.4273010899894432
600141,2018,C,制造业,0,0,21.50122227477329,7,0.04329273382585179,0.4961362039574824,0.4887984442733321,0.0690364002531578,8,0.35727117094116645,0,0.53818484931394,0,3.7744356477428016,0.5831577615704223,1.8344949866260474
600141,2019,C,制造业,0,0,22.400921883660153,8,0.013179257664180363,0.2727756108022557,0.08233709779295693,0.13140180462359363,10,0.37458042459992297,0,0.5367906087826024,0,4.747164839806164,0.7485558392466937,1.7967579824400681
600141,2020,C,制造业,0,0,22.243083619079048,9,0.06615138614095754,0.5049307611952516,-0.12055436913562997,0.19124295106776965,10,0.3748445473720985,0,0.5637934047142563,0,4.516794701833377,0.6742735574272501,2.2274759122176766
600141,2021,C,制造业,0,0,22.442414917863786,10,0.04103383428378902,0.3531869434024876,-0.12496983944482648,0.35115484146251236,10,0.36263575692934163,0,0.5587783530807479,0,4.7025717651299415,0.8746312285671658,2.5197881942660016
600141,2022,C,制造业,0,0,21.734619328579257,11,0.06533832689772524,0.48666225336065494,-0.11266249890943178,0.044733881506930695,9,0.366656898234869,0,0.5210889324518282,0,3.8443234927583543,0.7847148184858913,2.0922305104461527
600141,2023,C,制造业,0,0,22.542995502225942,12,0.12566647742953738,0.3430083114939275,-0.17210636294251783,0.2601768921871241,9,0.3798683725241191,0,0.5301302815163842,0,4.729446897068851,1.0916731541974372,2.631162591580267
600142,2013,F,批发和零售业,0,0,22.62904203789811,0,0.1001927415755357,0.4142400171944574,-0.15008141360068578,0.19261589711762606,12,0.47273290787484723,0,0.5667229103415351,0,5.357391598942345,0.2688198704854893,1.9617691508222441
600142,2014,F,批发和零售业,0,0,21.185824275806315,1,0.08468594634717966,0.45947350930674535,-0.006684487465437816,0.16347721115668737,14,0.4502389018581626,0,0.5818693785028427,0,3.652798356168606,0.5030809638466681,1.526975716274266
600142,2015,F,批发和零售业,0,0,21.95935410049169,2,0.037012497055850566,0.19095649880995796,0.006095303841652466,0.12275684123156236,13,0.46682172321383997,0,0.5669841480275204,0,4.478671574556117,0.8094921380295307,2.328967345047844
600142,2016,F,批发和零售业,0,0,21.204664158476042,3,0.043007160948879714,0.1882127396082824,-0.2093092614510057,0.24071705585671144,12,0.4590748580997634,0,0.635389944493437,0,3.5969099142519885,0.4401993521209294,1.8682461498946905
600142,2017,F,批发和零售业,0,0,22.042417908387804,4,0.0226352510834749,0.6918103510327309,-0.06534511425625983,0.0766959208617876,14,0.4628994231234402,0,0.6251263244371971,0,4.495010622515104,0.42851771562151225,2.0369785825558804
600142,2018,F,批发和零售业,0,0,22.775953652014504,5,0.047019695892365466,0.4874955763157146,0.22496002937898782,0.1618011453887697,12,0.4310565169169203,0,0.5620195469510694,0,5.3169716295527065,0.5243618339746694,2.6848985046008953
600142,2019,F,批发和零售业,0,0,23.86495964083459,6,0.038916542819149136,0.5506487531812733,0.21231305521245614,0.08373003537846403,13,0.519883597658535,0,0.6008807594064267,0,6.654744870259586,0.5848150751241503,2.435253477763447
600142,2020,F,批发和零售业,0,0,22.651612794266466,7,0.043615986061064364,0.43997103608371546,0.2033763090554028,0.30642236143850077,13,0.40865615668054456,0,0.6001500749927298,0,5.087099756535744,0.5903238831419504,2.461929711377469
600142,2021,F,批发和零售业,0,0,21.731011036498693,8,0.14356275318724956,0.28105901707221326,-0.1320182800651927,0.01,12,0.44475715402992044,0,0.6022157122667171,0,3.9551341009393948,0.8578969320293574,2.8058273780889347
600142,2022,F,批发和零售业,0,0,23.778101116742004,9,0.008579602414958087,0.3276447982758038,-0.24413612592713635,0.19200996338647514,13,0.45331510388549306,0,0.6044664812515438,0,6.407696034693206,0.671892639843067,2.878011516516902
600142,2023,F,批发和零售业,0,0,22.738819322609476,10,0.0520954676706809,0.4940733657580065,0.10663441653338619,0.20708976124989262,14,0.46709878495788265,0,0.5748263607617137,0,5.052695523058751,1.0194473453637787,2.6745336111234157
600143,2013,I,信息传输、软件和信息技术服务业,0,1,21.775288714490735,16,-0.025472384949801717,0.3563403639805884,0.35012043582680075,0.049593122962509006,11,0.4609832047967448,0,0.16411135456247763,0,3.708531560398076,0.3889460041009436,1.9171428792235086
600143,2014,I,信息传输、软件和信息技术服务业,0,1,22.02634360033236,17,0.07819100340759787,0.13536612432076323,0.33187718105176045,0.1067829076467056,11,0.462403847924247,0,0.1405958928366534,0,3.9395971037645747,0.75126908587619,2.685957241709242
600143,2015,I,信息传输、软件和信息技术服务业,0,1,22.21492822692319,18,-0.043180763963815434,0.43454750033220607,-0.026259507483766098,0.01,11,0.4673224273524942,0,0.1542424853728513,0,4.122427322797555,0.5320956087461766,2.104714131530956
600143,2016,I,信息传输、软件和信息技术服务业,0,1,23.260363374513197,19,0.10776263200824032,0.46282348843093357,0.08697332152656723,0.29108993918365444,12,0.39255097619413454,0,0.1702239032413513,0,5.346311654829249,0.8374681465746909,2.636664742201654
600143,2017,I,信息传输、软件和信息技术服务业,0,1,22.683390073140256,20,0.056381198583656256,0.5607599942788505,-0.27301193130968227,0.18515185648812335,11,0.456600857168021,0,0.16212794172956208,0,4.594682454384692,0.8828892484541734,2.5168037888615116
600143,2018,I,信息传输、软件和信息技术服务业,0,1,23.06652895194683,21,0.052546634382990696,0.3602415054366828,0.23024596488991617,0.2845284604344221,10,0.44029260050277896,0,0.16439533053593242,0,5.018880095357901,0.670205315279401,2.730740592420762
600143,2019,I,信息传输、软件和信息技术服务业,0,1,23.139296606803743,22,0.08735043833117101,0.4798225670923987,0.3463820129568049,0.1927557705110397,10,0.45507027276141965,0,0.1895998778010083,0,5.04928195805722,1.2053084304224317,3.1835783249742837
600143,2020,I,信息传输、软件和信息技术服务业,0,1,23.378818753164808,23,0.0915508087520423,0.3238650430821134,-0.2271114618614934,0.1232607489840588,11,0.44689775112123004,0,0.18377085702986737,0,5.323822096898369,1.008065123101608,3.043944381295507
600143,2021,I,信息传输、软件和信息技术服务业,0,1,22.802533141445274,24,0.0012749031917164838,0.4640739140039223,0.19802643436339445,0.189213167026234,11,0.470548657109817,0,0.1763872715419138,0,4.556131135444606,0.9911849646392865,2.497925145514919
600143,2022,I,信息传输、软件和信息技术服务业,0,1,23.207572530855362,25,0.1414905723536531,0.5174664322126764,0.24850348814987144,0.35654229530493353,11,0.44747516286835265,0,0.15305747996273472,0,5.004740698437111,1.3677601207178944,3.3506122698706773
600143,2023,I,信息传输、软件和信息技术服务业,0,1,23.184077731782413,26,0.07188025021075241,0.5282143327214452,0.604803989495156,0.2012190254825091,10,0.4356867769244998,0,0.1700601888898413,0,4.939347576332014,1.087256894215928,3.2251619499412465
600144,2013,C,制造业,1,1,21.544198590236117,1,0.08527791636759235,0.5705087242258632,0.1437958586463315,0.29473009593476174,11,0.3437857958011363,0,0.30262119500998114,0,4.089902342205962,0.05,0.7404012226780649
600144,2014,C,制造业,1,1,21.653051089657446,2,0.01954054305463326,0.6133994159998554,0.24990789791882057,0.2874398640920989,11,0.349944098284264,0,0.26073475036115346,0,4.161722679374493,0.05,0.895175094354987
600144,2015,C,制造业,1,1,21.862269682157716,3,0.031245245229532558,0.3294430177355675,0.031967254136756815,0.26775687175248075,10,0.3412444565343534,0,0.3148815397750061,0,4.354421402082159,0.2802484680338992,1.5035707667555496
600144,2016,C,制造业,1,1,21.426482244901255,4,0.0349820602595918,0.25391653865659625,-0.12775455916297668,0.04383275010815904,12,0.34966322950325107,0,0.32060832412150736,0,3.807896382780782,0.05,1.3871170862240718
600144,2017,C,制造业,1,1,22.155767564719895,5,0.0671616985694984,0.5080506960518728,0.09151897639155093,0.2002697286701295,11,0.35884868806051673,0,0.302196352595892,0,4.596112336875399,0.2685292451661827,1.4594832842054744
600144,2018,C,制造业,1,1,22.16394457948946,6,0.04443689868931992,0.13366649708887307,0.026240633389630202,0.2175641441115746,12,0.35033890867063844,0,0.28734684486526024,0,4.569716441494507,0.3561273205849188,1.7838384362847255
600144,2019,C,制造业,1,1,21.34916682952841,7,0.03599404613147671,0.353992498160321,-0.01542204154302712,0.1467288757690485,12,0.35191170637470015,0,0.3379802464858154,0,3.594273867027382,0.5201305648316805,1.7011501795153745
600144,2020,C,制造业,1,1,22.708847037630974,8,0.04713725186313468,0.6257607817682547,-0.05811357033255188,0.22119095172381,12,0.36534364167881234,0,0.2861465247615093,0,5.109949093167128,0.5035866192609953,2.26331846068364
600144,2021,C,制造业,1,1,23.14404577796368,9,-0.10222603065564723,0.44875972132017244,0.1413056722517135,0.27965252816883335,10,0.38215934585101813,0,0.30672697313033015,0,5.605425504838889,0.5377352283208992,2.212832158542565
600144,2022,C,制造业,1,1,23.01310181723154,10,0.1087406231412972,0.47293244654400074,0.24906721894481654,0.1151936596053207,12,0.35041596143363973,0,0.2942683502682798,0,5.405900786348348,0.7011645978572181,2.4357813056121023
600144,2023,C,制造业,1,1,22.850766636061486,11,0.1317292913075725,0.38272065787460846,0.0462799455767018,0.0655209077989209,11,0.35975055248478877,0,0.29997582582034554,0,5.159113819031977,0.7419272443324884,2.1917107780321685
600145,2013,G,交通运输、仓储和邮政业,0,0,20.399234181799894,15,0.08954217848924934,0.8687655880430099,0.04629347030351426,0.22739395968327264,8,0.49690873088219073,0,0.34325545420863307,0,2.3050360348508576,0.05,1.0369228157310297
600145,2014,G,交通运输、仓储和邮政业,0,0,22.25065624380356,16,0.09557407040195062,0.4781095098038969,-0.17117725066185496,0.04769175116599417,8,0.5289244700245942,0,0.3239306478677709,0,4.297294736351604,0.17434122407032587,0.9507094741894657
600145,2015,G,交通运输、仓储和邮政业,0,0,21.87060447545885,17,0.04013950670790362,0.45381930638180557,-0.11395366507918894,0.19456150769004704,8,0.4914000803862508,0,0.3033718490091034,0,3.8037117841501193,0.1696017138177266,1.322861531223721
600145,2016,G,交通运输、仓储和邮政业,0,0,21.590144487572925,18,0.0764620612562831,0.3206582130229402,0.3503686646126032,0.10811093417461493,6,0.5558954892227964,0,0.3234909404182701,0,3.4455296756602762,0.27122597835188855,1.2680528124335457
600145,2017,G,交通运输、仓储和邮政业,0,0,21.138982563689844,19,-0.026468479361775432,0.5221845883243466,0.08703606151155648,0.2771069768165736,6,0.5306215310513525,0,0.2704837736191681,0,2.9043780846597884,0.3473211465958105,1.1435470523303184
600145,2018,G,交通运输、仓储和邮政业,0,0,21.75898823410081,20,0.06665375184947006,0.4984582497870179,0.07430083918968362,0.22236904183319434,6,0.49899249410637714,0,0.3329085676986389,0,3.5446893722744894,0.3728361849753304,1.719491651373919
600145,2019,G,交通运输、仓储和邮政业,0,0,22.371301149457445,21,0.04367866593278648,0.16114500637424795,0.14568022505926875,0.06514538473673315,8,0.5268796291876725,0,0.3061965469647038,0,4.210377559779492,0.4119803316874818,1.5962278817510887
600145,2020,G,交通运输、仓储和邮政业,0,0,22.28501097500114,22,0.06092920382155593,0.30284417820886267,0.11564031009155301,0.037820420491984585,7,0.5212813227122942,0,0.33684411440201384,0,4.073680610262127,0.2713047065941141,1.5364057653086234
600145,2021,G,交通运输、仓储和邮政业,0,0,22.5748891608616,23,0.0712799310456208,0.30655100198177904,0.0438538801582805,0.3271189577035709,8,0.5366362999985945,0,0.32689364569686497,0,4.354668034555265,0.6597784217638563,2.247355291136327
600145,2022,G,交通运输、仓储和邮政业,0,0,23.777047318898553,24,0.011187511681076297,0.3077779538799259,0.11154250093541003,0.15789323663113283,6,0.5659222931254582,0,0.3087460244534233,0,5.831605499929402,0.5517228705666056,2.298465546104484
600145,2023,G,交通运输、仓储和邮政业,0,0,22.580756942328506,25,0.030065337214023238,0.3469523000626864,0.19419828110092469,0.02036172609269582,7,0.5392937261784658,0,0.3253207308044278,0,4.280829204227738,0.6053544455224465,2.0012939761918616
600146,2013,B,采矿业,0,0,21.41954246680486,16,0.009331305087872773,0.4873789017268766,-0.38295502881927634,0.1706846640253956,8,0.3782927940155224,1,0.30506817231824024,0,3.3739345655460924,0.05,0.07121355042247944
600146,2014,B,采矿业,0,0,20.17640066999238,17,0.020970642430242676,0.32267160408989604,-0.08111881428096118,0.2384475766899246,6,0.3863922799122331,1,0.26580661105984443,0,2.028172246565577,0.05,-0.13942078986650905
600146,2015,B,采矿业,0,0,20.90578235659365,18,0.016170730802399284,0.24489157329065991,0.01964831033936053,0.22347592827124912,6,0.38211535661550317,1,0.25433801322659594,0,2.7282477398820264,0.05,0.34011773786725247
600146,2016,B,采矿业,0,0,21.28926338916293,19,0.009934172253505872,0.531225705638724,-0.25747749089235183,0.01,8,0.356235879699209,1,0.2554971142855959,0,3.0960954422618667,0.05,0.528185115493882
600146,2017,B,采矿业,0,0,22.232772844694562,20,0.028035195060543604,0.47021966968294593,0.17601631158825481,0.2462052958973009,6,0.3915379137103307,1,0.27291401849458186,0,4.126157421218171,0.06331271996129484,0.7337749454111545
600146,2018,B,采矿业,0,0,22.062867622453282,21,-0.020210655740525343,0.47044576150459694,0.592465443127442,0.2639144611119688,7,0.36936633981009026,1,0.2581643851197741,0,3.876612849968502,0.05,0.7816189743721618
600146,2019,B,采矿业,0,0,21.46335668035866,22,-0.03970085345896866,0.6187593736744921,-0.04809839178568594,0.18509138258977015,7,0.36842006675035305,1,0.27414166463773093,0,3.164590566174033,0.05,0.12789794773286778
600146,2020,B,采矿业,0,0,22.416988524567508,23,0.017155631200363997,0.3297207801757399,0.5184364482931472,0.2505870808940286,8,0.33517988814482313,1,0.24091904423981148,0,4.2042361036767035,0.06373453357124965,1.0612427892912515
600146,2021,B,采矿业,0,0,22.206753130299504,24,-0.010715849621596812,0.37364969592709996,-0.29837296743382047,0.22755542332511666,7,0.36690181955237844,1,0.27011183745291684,0,3.9227343199128133,0.05,0.817323469152496
600146,2022,B,采矿业,0,0,22.180404034754943,25,0.07278750627497597,0.3995136587106444,0.260735448812922,0.27201284990936303,6,0.34970096440531,1,0.2862789590354116,0,3.844295213001498,0.05,1.3846204973032676
600146,2023,B,采矿业,0,0,21.701191567278432,26,0.03780923451610687,0.5287738630382481,0.11383583066686935,0.14060373099376153,7,0.3772803005179831,1,0.2636843960462982,0,3.250323959743912,0.14812763655720979,0.9062067690150494
600147,2013,C,制造业,1,0,20.979886267710228,2,0.07378949749874135,0.21297594510799128,0.08217161346524166,0.2780448635162298,9,0.3129614166062306,0,0.38749477873948895,0,3.458917232780312,0.05,0.21460545548442556
600147,2014,C,制造业,1,0,20.640168370063638,3,0.05421776906760452,0.45077531911976904,0.2926225799094574,0.11188300666285583,8,0.32679429921346786,0,0.3698237078333736,0,3.0427367860366026,0.05,0.24186071939754977
600147,2015,C,制造业,1,0,20.911499511423916,4,0.06338369403768915,0.8390020732382367,0.4495213443891093,0.23920665744993164,9,0.30711401326484034,0,0.3682736115773536,0,3.294987038600431,0.05,0.5637620607812838
600147,2016,C,制造业,1,0,21.73652237829102,5,-0.041562426816620965,0.5702726024982702,0.06054628080632643,0.01,7,0.3,0,0.393121893348865,0,4.158407110778227,0.05,0.4323340704518694
600147,2017,C,制造业,1,0,22.287732827990553,6,0.05861755163381674,0.4224275143757244,-0.10113212518078532,0.1291086713629376,7,0.31795522063003173,0,0.4038472022117595,0,4.725958514095746,0.05,1.1687608705960357
600147,2018,C,制造业,1,0,21.124928684101455,7,-0.010907933831542236,0.7735446362298826,0.24405741626085048,0.2647289976529058,7,0.32049878091136524,0,0.3672193127517126,0,3.380779529350731,0.05,0.6909125237893933
600147,2019,C,制造业,1,0,21.824570586594017,8,0.0585130394458456,0.41889629700851877,0.26514609673453743,0.1419183335988206,8,0.3,0,0.3742732611015185,0,4.1125849637014,0.05,0.9313976819686912
600147,2020,C,制造业,1,0,21.309748710099864,9,-0.03606311058686518,0.43186126065776026,0.1306493227237139,0.17580376338443074,8,0.3,0,0.36965366836169933,0,3.504588066552254,0.1715091076790182,0.8252102346283917
600147,2021,C,制造业,1,0,21.351010650477242,10,-0.015049765361416903,0.4574191020300169,-0.08736006891336426,0.1809453307385727,9,0.3,0,0.354471181277776,0,3.5060464174555652,0.05,0.6482133069658138
600147,2022,C,制造业,1,0,22.558454415693962,11,0.041346708673742696,0.3263429179658468,0.11784357613095227,0.0940400461379535,9,0.3,0,0.38020902781632593,0,4.840559430136969,0.2898308213390374,1.511173013229358
600147,2023,C,制造业,1,0,21.253368440800337,12,-0.009079313512377181,0.6161552156788936,0.08746388584020762,0.20915057490889546,9,0.30204145731142057,0,0.3866516011333298,0,3.2961062507754626,0.1750852748714447,1.0256186733544923
600148,2013,C,制造业,0,0,22.131584934356294,9,0.01740799491926542,0.6293061593745999,0.16932444355058185,0.368400389745615,11,0.3458782328172432,0,0.5517352793721421,0,4.3998455366503935,0.45715989561559234,2.051299053170782
600148,2014,C,制造业,0,0,22.651286830121073,10,0.07812735822591015,0.4364249411070919,0.19963395609834367,0.2460223085379456,11,0.3296388451771023,0,0.511538336755274,0,4.978355477863788,0.5671083162913941,1.9217931317932033
600148,2015,C,制造业,0,0,21.574901594828884,11,0.07202039945422453,0.47203869479259486,-0.24317025905691383,0.14725772042827648,12,0.34828773926019707,0,0.5830171960785109,0,3.6886234926219985,0.5587070930366036,1.8650117905683092
600148,2016,C,制造业,0,0,21.505954188339057,12,-0.0022566320019389227,0.4760540748898036,0.10376570927577712,0.11999997350944863,11,0.3398931488024746,0,0.5515661518644195,0,3.5607801515680926,0.7683864914718674,1.6732444219136116
600148,2017,C,制造业,0,0,22.94462840163147,13,0.11489747119454301,0.5197952301082344,0.015617803076666548,0.2943682216815747,12,0.3,0,0.5717656303618626,0,5.199970452039545,0.49850142599742464,2.3521515494785623
600148,2018,C,制造业,0,0,22.926359022289358,14,0.008742436802386143,0.33069192698167243,0.22988371995224718,0.13713523255517818,13,0.369824186651847,0,0.5695209311969677,0,5.14092869510877,0.2859633458265622,2.5636223759465717
600148,2019,C,制造业,0,0,22.51612793884398,15,-0.03127243896261872,0.2956563678149099,0.14713547583605058,0.3467658806018145,11,0.3800576147723853,0,0.5380275511684007,0,4.59739107622464,0.8195515926847758,2.190893941925257
600148,2020,C,制造业,0,0,22.061197983640955,16,0.08924364472783695,0.44838395371407325,0.07937601423892066,0.01,13,0.3358571740601654,0,0.5796943903026416,0,4.018602440420344,0.6377142339809586,2.4836642840001546
600148,2021,C,制造业,0,0,22.510851192782663,17,0.05460122884720201,0.069965425058296,0.4548833718557703,0.18613115442822956,13,0.36785891177014063,0,0.5463077425766274,0,4.496111053173143,1.0263141147229804,3.0054923431854568
600148,2022,C,制造业,0,0,22.619367889100182,18,0.08392481769302364,0.5137616947530229,0.0506843524938001,0.13473659999885826,11,0.33918349133723175,0,0.5741669135189404,0,4.583314925085882,0.9695998042122814,2.9977403635534703
600148,2023,C,制造业,0,0,22.788547637318374,19,0.09196105436160189,0.6766925229741311,0.4305970669024849,0.34895736728509086,12,0.3381422049431215,0,0.5469492005563533,0,4.745166162000526,0.7984993361838482,2.875574698062495
600149,2013,C,制造业,1,0,20.323326314578782,14,-0.004682716220219044,0.630184764059875,0.0015009180745187423,0.06543079797491604,10,0.32810294035680315,0,0.09103018534367817,1,2.2855635005720583,0.05,0.05257565553486672
600149,2014,C,制造业,1,0,21.02261844535814,15,0.053299089005167916,0.4595198105308718,0.11459891970447596,0.2226362272446345,12,0.3074284998842066,0,0.11492991079280643,1,2.9702818569613,0.05,0.6016406292953163
600149,2015,C,制造业,1,0,20.770003969417868,16,0.04209976980608658,0.280757959094362,-0.19454347343549278,0.20607037992767313,12,0.31714393413756486,0,0.10779138265417902,1,2.652750727615358,0.05,0.8301147779127764
600149,2016,C,制造业,1,0,22.325114520630297,17,0.04110442840860913,0.4276829028245707,0.03334522634114671,0.3861882889876267,10,0.3635246308419022,0,0.05,1,4.34096429963759,0.05,1.134913129135037
600149,2017,C,制造业,1,0,21.086923967135537,18,0.060029771007442556,0.6054954206221572,0.060644917657456554,0.02991104563162958,10,0.31710997573712707,0,0.07272835676441014,1,2.9175977541857794,0.05,0.5177237093489908
600149,2018,C,制造业,1,0,21.977385091189447,19,0.01626624719718783,0.5145917273403843,0.07605809626324447,0.2495620347112433,10,0.3205491331048188,0,0.09641098318688068,1,3.851057453086341,0.05,1.0995571897633094
600149,2019,C,制造业,1,0,21.884105716644896,20,0.06697901170275317,0.714321244100842,0.5511476581760184,0.07489914923715214,11,0.3358062029619448,0,0.08268023691390061,1,3.7040333878053318,0.05,0.7642706397399835
600149,2020,C,制造业,1,0,21.626726512373924,21,0.011787941039047234,0.5243998491469435,0.2628302630874132,0.2162650485891444,10,0.33223102917783204,0,0.07961467951495946,1,3.3625008953743873,0.2828215723381458,0.7372356391675268
600149,2021,C,制造业,1,0,21.31189617854476,22,0.0668560573596279,0.26875939415547556,0.17078854063109328,0.19907336236426262,10,0.31649993352432126,0,0.05873246729279495,1,2.985467023649668,0.05,1.0736453986733951
600149,2022,C,制造业,1,0,22.23183939838589,23,0.07187918635741583,0.43480248649486086,0.17291275237730747,0.17906230156622535,10,0.3348962850564119,0,0.09264199955410167,1,3.9710014689745705,0.23697125038246983,1.4359832809465103
600149,2023,C,制造业,1,0,22.3892096326248,24,0.07520965610780589,0.40630426761213323,0.25536502169707564,0.040481064879769754,11,0.32090090904438273,0,0.07995237975740759,1,4.122367615384613,0.3829799231597445,1.078355199289889
600150,2013,I,信息传输、软件和信息技术服务业,0,1,22.128605841304125,0,0.08333698262192885,0.5211867483230849,0.122073105430029,0.28893874222557286,9,0.3,0,0.30296665942349416,0,4.72650579885473,0.845318823924874,2.5673336212779043
600150,2014,I,信息传输、软件和信息技术服务业,0,1,22.062824183081307,1,0.04369123110912435,0.3918649775535731,0.3941646925228435,0.16252581110658534,10,0.3,0,0.27726292043971396,0,4.616374116555593,0.8067532849854974,2.5104926394896885
600150,2015,I,信息传输、软件和信息技术服务业,0,1,21.98259145673786,2,0.15057251193322163,0.15852422745058536,-0.16495908563182854,0.43007234317987864,11,0.3,0,0.257241634062405,0,4.48369000046361,0.9377000207981269,2.7256437874129893
600150,2016,I,信息传输、软件和信息技术服务业,0,1,22.88318408181859,3,0.015308328231666876,0.10209323565514017,0.07239407257318926,0.06174946659148389,11,0.327971885039715,0,0.2661526695443307,0,5.509086524098202,0.7311608966720773,2.9993231843468573
600150,2017,I,信息传输、软件和信息技术服务业,0,1,21.896264765686933,4,0.04268003822394395,0.5350773658729796,-0.1323182762952173,0.3078227425597071,10,0.3029390539596625,0,0.3043409879679743,0,4.307683290770091,0.6350133115580363,2.277864557232432
600150,2018,I,信息传输、软件和信息技术服务业,0,1,22.93966828102156,5,0.028021361166721135,0.31035011987029937,0.23394558219944483,0.1827324995316506,11,0.31521352157435056,0,0.24479273330818183,0,5.4905270670909525,0.9534939793834931,3.26476106354457
600150,2019,I,信息传输、软件和信息技术服务业,0,1,22.443865947868744,6,-0.008705794772327892,0.717255278673254,0.38417084126557244,0.10324517360893198,11,0.3282184041663895,0,0.29812077307995344,0,4.873363855862945,0.4999637160806298,2.1813687843324745
600150,2020,I,信息传输、软件和信息技术服务业,0,1,22.995890052371802,7,0.04469045753602962,0.6618076075070651,0.21230611157242107,0.20046617705262781,11,0.3,0,0.28863663456434496,0,5.485953291391436,0.7748176787174021,2.6271378095601126
600150,2021,I,信息传输、软件和信息技术服务业,0,1,23.436532089258897,8,0.06853461873622996,0.5035748051345972,0.22327060472682503,0.16347976124768687,9,0.3,0,0.30466980226955276,0,6.005204052584094,0.9627332675096157,2.9333139828437176
600150,2022,I,信息传输、软件和信息技术服务业,0,1,22.8601110336587,9,-0.016496873142015485,0.28718343187941164,0.18687076842031522,0.1622389601572813,11,0.31347040569166185,0,0.25878989790617385,0,5.246569067722479,0.7329909224243746,2.8044236334839767
600150,2023,I,信息传输、软件和信息技术服务业,0,1,22.1498717006094,10,0.011839641054949938,0.44842148612999444,-0.008321365636309336,0.33623307507656464,9,0.3,0,0.298174550328205,0,4.348326472324391,0.9434118090170792,2.584393875917231
600151,2013,C,制造业,0,0,21.476970865575183,14,0.08437564665831693,0.48602932017418327,-0.27167211148156495,0.10844643923892203,13,0.3768368356722113,0,0.2605326972823037,0,3.4702307266137735,0.05,1.7718499856249825
600151,2014,C,制造业,0,0,20.584478978569603,15,0.02815308645001138,0.6565763789095133,-0.16708388748766922,0.12887294237059105,11,0.40193832138736635,0,0.23368007586409326,0,2.472549605723384,0.05,1.2346758205224073
600151,2015,C,制造业,0,0,22.346431911276042,16,-0.04105286515882924,0.7564540614574865,0.10678202220738532,0.1600440109319347,13,0.38577493935741325,0,0.24200136608380923,0,4.3743745432861,0.38490775580687964,1.5390789029281142
600151,2016,C,制造业,0,0,21.546179748072817,17,0.08490037539319657,0.19656452926949497,-0.23826465786506856,0.12250665427425189,13,0.3712646819314357,0,0.2547258383455533,0,3.4036049998564155,0.5847189204670837,2.3617501496897297
600151,2017,C,制造业,0,0,23.006012737724774,18,-0.029331249175597346,0.4559065752694309,-0.17831056878336415,0.1476982424120069,13,0.3989296337233163,0,0.2680230893638206,0,5.086489526549854,0.7156782483617555,2.199038633324073
600151,2018,C,制造业,0,0,22.465398886379752,19,0.0054581631159996355,0.47599999376550994,0.22452517209332548,0.30814866442535555,12,0.3744187309798127,0,0.23343475717937562,0,4.375232170152631,0.8391263984252983,2.626946027486473
600151,2019,C,制造业,0,0,23.06447077461592,20,0.043009217757386614,0.44903839335347623,-0.09801063306904179,0.28339126594681946,11,0.3881409788268176,0,0.24612678827131404,0,5.069778468500892,0.8244065308042556,1.9965957491123023
600151,2020,C,制造业,0,0,22.98221356188754,21,0.08793404696744597,0.4597365155072638,0.3403548155740214,0.21135084071718505,12,0.3483500583308671,0,0.24323807468577685,0,4.911506761124804,0.9599141644928658,2.797451342977882
600151,2021,C,制造业,0,0,22.957454794790294,22,0.14860296341645907,0.4561862315594378,-0.1349903726882113,0.24411832966070446,13,0.3406691558431151,0,0.25424139800988765,0,4.839552192000498,0.8042381078635406,2.7813039508329456
600151,2022,C,制造业,0,0,22.543319381491013,23,0.0484214161402147,0.6202458093618641,0.22309227030434092,0.4781049597699427,11,0.317772510361318,0,0.2526419884549158,0,4.295864979862989,0.8860986705763654,2.9721978611325217
600151,2023,C,制造业,0,0,22.9606559256343,24,0.07295322308967589,0.48813768735775465,0.620566942811841,0.17382645584968356,13,0.36130693516439233,0,0.27341583863487257,0,4.7510997994506745,1.2154054031506927,3.137559888696215
600152,2013,K,房地产业,0,0,23.011383946715796,6,0.04067289876508618,0.04670900283316487,0.23007372550650435,0.08620191330732603,10,0.4451807794508607,0,0.6179551318794695,0,5.577104347939706,0.674301320791825,2.507821907475684
600152,2014,K,房地产业,0,0,21.557456247739438,7,0.03548259811942385,0.5043725690859809,0.3008443855738343,0.22989010866933368,11,0.4421253008192339,0,0.6248012226438666,0,3.8263502511151692,0.6195045207962884,1.989465665710096
600152,2015,K,房地产业,0,0,22.20723936463953,8,0.04999401502610265,0.3948966716863125,-0.4061372760255476,0.25128584805805365,11,0.4238468588998856,0,0.6590055173588529,0,4.529992241316732,0.643712260018164,2.3368005478917477
600152,2016,K,房地产业,0,0,22.160976882415635,9,0.07582914356224472,0.31328583122860054,0.21104735315077114,0.4754647091290567,12,0.42284936009017715,0,0.6624384678819131,0,4.425734770940068,0.4497382784640592,2.5389842377294176
600152,2017,K,房地产业,0,0,22.950781743303118,10,0.11063458397214591,0.3988306827310643,0.20056334430035597,0.12194534638506822,10,0.4492654122387943,0,0.6429331539943659,0,5.317833630652822,0.7688850986074399,2.6480036058818586
600152,2018,K,房地产业,0,0,21.85052592859246,11,0.006693097187768893,0.6548257976670863,-0.08612031810554452,0.4074867013654175,10,0.47280182920325303,0,0.6725415094434645,0,3.981599250815637,0.8766277637384997,2.1632365703308754
600152,2019,K,房地产业,0,0,23.593940291752485,12,0.032794410271609196,0.18091571708636944,0.30156394156415467,0.22971932272913878,11,0.4481243414710016,0,0.6286974867226068,0,6.0535208749462575,0.47473291242715554,2.8578512107009346
600152,2020,K,房地产业,0,0,23.100082354433546,13,0.043329410065394806,0.6318008143134515,0.35838011473821707,0.16108202771206132,10,0.4730033284193143,0,0.6647137074624784,0,5.376362198046553,0.6236986353641225,3.1060755201825554
600152,2021,K,房地产业,0,0,24.159386473685757,14,0.1410638543365307,0.4921566203827029,0.4038900751309954,0.2609914326244263,10,0.4503511517845532,0,0.6262875244260289,0,6.700298595376343,0.962588813927847,3.6253685706060317
600152,2022,K,房地产业,0,0,23.0624499820313,15,0.08534682765044074,0.5338755055935734,0.36423477434412166,0.2860221499852888,10,0.44294440178200606,0,0.6545707908096692,0,5.232545457362901,0.9103827034124802,3.2049652626889946
600152,2023,K,房地产业,0,0,23.889376315833672,16,0.11215255577907571,0.5034408301269961,0.023108699909569874,0.11420486073746669,11,0.43464184467240724,0,0.6007968479962958,0,6.255625823923783,1.2164885216172299,3.328972294342836
600153,2013,F,批发和零售业,0,0,22.975881471788004,5,0.1202260363328066,0.4512571270420508,0.05494563853616066,0.28011210806959413,15,0.45333689807943245,1,0.08309904496240134,0,5.554209673717848,0.6734558347369697,2.87114932166747
600153,2014,F,批发和零售业,0,0,23.09898051689212,6,-0.007752656709521043,0.49127595234400995,-0.18432778760311005,0.14170647304078693,13,0.45959518292658347,1,0.05249129296294403,0,5.66130175120947,0.8837357305783226,2.7604473691560147
600153,2015,F,批发和零售业,0,0,22.7997714836274,7,0.03576093915856782,0.6100133004268352,0.21842358946215112,0.2650463010275194,15,0.4427147438555898,1,0.09845502501165446,0,5.249703230892084,1.2162683231140166,2.9474365086370744
600153,2016,F,批发和零售业,0,0,23.28931898787556,8,0.06972057167504772,0.47839175847890403,0.1904050461449357,0.3003154555793749,14,0.460229968190217,1,0.08859088423783745,0,5.837359216066597,0.7146630112780376,2.750967916505821
600153,2017,F,批发和零售业,0,0,22.668154355296213,9,0.04444629662484208,0.6390261607950019,0.08884419756655185,0.17355323502594672,13,0.45644220932101826,1,0.08275427212720032,0,5.015471914294903,0.8281763793018363,2.481920447714382
600153,2018,F,批发和零售业,0,0,22.766973760612604,10,0.09467910813551764,0.3313372996374661,0.19268885654938078,0.10235292340066914,13,0.4845383585110562,1,0.09308414673043315,0,5.089969745913445,1.1387053081809504,3.1583289139294366
600153,2019,F,批发和零售业,0,0,22.91596757990856,11,0.13605116153867078,0.4674935321790997,-0.36480599630284793,0.11927919506916924,13,0.48215886354679716,1,0.05,0,5.237385366776053,0.8031217031023222,2.9931992902509044
600153,2020,F,批发和零售业,0,0,23.13067294557273,12,0.08702571570613163,0.7263455400335019,0.28303972529660976,0.09335460860557523,15,0.4173080487578925,1,0.0802871326924814,0,5.458697221537815,0.7652549309627904,3.0935892359972192
600153,2021,F,批发和零售业,0,0,23.58673596891942,13,0.10370937224443294,0.3574805895477452,0.006357192942721773,0.1900879757317272,14,0.4672251677634533,1,0.06904081204365864,0,6.004586726500758,0.723680113289122,3.0644994276202073
600153,2022,F,批发和零售业,0,0,23.658917698341103,14,0.04933125138090443,0.44112732929241244,0.2878258539680688,0.22280526237067536,13,0.4385024326208974,1,0.08174733267102562,0,6.047381656484345,0.9079983966087296,3.158882257695653
600153,2023,F,批发和零售业,0,0,23.67894636651441,15,0.09436000975584567,0.23033284708866628,-0.2686123847914242,0.08797498718444526,15,0.4510856259878506,1,0.06082749019674017,0,6.027195909912418,1.1880169905940656,3.086159768823898
600154,2013,C,制造业,0,0,22.5570238899372,0,0.030898174150472822,0.3871834921823022,0.11969203557772383,0.11635928456127344,9,0.41779424984638114,0,0.2703627269670042,0,5.261278306268626,0.3935091581859732,2.3180147042708663
600154,2014,C,制造业,0,0,22.007475168039047,1,0.019452474441138092,0.458124414230807,-0.08822149875668056,0.15355852674578782,8,0.4028866259490494,0,0.2633938847565332,0,4.573009446469253,0.6125753684999093,1.9174695577200485
600154,2015,C,制造业,0,0,22.763371612847042,2,0.045367480890713345,0.29400019934832755,0.4852913222639763,0.021043988402587255,10,0.37149203398668207,0,0.2709952604079554,0,5.410543025186728,0.8918338796520378,3.1951859308301493
600154,2016,C,制造业,0,0,22.439783110054986,3,0.032255957968040275,0.39522200496237225,-0.2288315508028394,0.013723116147710074,9,0.40819273106055076,0,0.2981843914789128,0,4.972752424106756,1.1691947289041296,3.0189531119629915
600154,2017,C,制造业,0,0,23.52679052983222,4,0.07996094741655763,0.06428315628546749,0.12875782812595601,0.01,10,0.40050296179453654,0,0.2663871691510948,0,6.273080367972734,0.976727607948946,3.4377287761480684
600154,2018,C,制造业,0,0,22.52939344696784,5,0.08067519242859372,0.2653695809596206,0.2806760969600939,0.06120726884132163,10,0.42545545697367787,0,0.2798084465066529,0,5.002850697019957,0.7405444568439166,2.803912730468535
600154,2019,C,制造业,0,0,23.11410773815813,6,0.05832295613112733,0.6106892893673836,0.19706294270735553,0.11976906874536328,8,0.3958945159768855,0,0.2538863888800231,0,5.6627734397193015,0.9771116175180439,3.017477880749289
600154,2020,C,制造业,0,0,24.13173225289117,7,0.044580476751140456,0.4715001613045268,0.48652825345679984,0.09665123041675402,8,0.3499650770332137,0,0.2762733627317724,0,6.9319529405925175,1.2360262522210161,3.648824528100816
600154,2021,C,制造业,0,0,22.779906615635205,8,0.09856720849141241,0.23529430996685038,-0.02381348691731361,0.139988930778243,8,0.38477653574525705,0,0.2737595123811546,0,5.170300550598893,0.8671851635566807,3.242604161432237
600154,2022,C,制造业,0,0,24.16869064781999,9,0.11664991907694572,0.25950651187492757,0.21884400001833176,0.01,9,0.37579093077681563,0,0.28681838034530416,0,6.899771748159202,1.1745005241211801,3.6845679154745636
600154,2023,C,制造业,0,0,22.865881704734782,10,0.062313180239228716,0.4761232047035934,-0.1935726242251707,0.17515160505106453,9,0.3997654655820103,0,0.3213942949256408,0,5.182127782669886,1.2253369686801499,3.1944714360341373
600155,2013,C,制造业,0,0,20.8942180720672,8,-0.006759170731448348,0.43287805397964607,-0.3587121869820032,0.2067571477518661,10,0.35259424830156805,0,0.5780172279702794,0,3.098428131388877,0.05,1.021508384823345
600155,2014,C,制造业,0,0,21.456130613677292,9,0.026316374186847506,0.5413294121104377,0.3115809934690632,0.16540570362877768,8,0.3868222954102551,0,0.6043583191437637,0,3.6588403229126176,0.06936336335770896,1.026959984088919
600155,2015,C,制造业,0,0,22.24782954212478,10,0.004904740501766942,0.46663803856445346,0.004863650798806324,0.09509587524289526,9,0.3977218216725878,0,0.6029698061195654,0,4.522526529711355,0.16765977278246869,1.4945666888706977
600155,2016,C,制造业,0,0,21.689358072654336,11,0.05359683871714528,0.20105772275862827,0.26129908261928725,0.15448554635685202,9,0.3888136233577286,0,0.585452266540403,0,3.819853034071486,0.5562944946693651,1.7206914201981962
600155,2017,C,制造业,0,0,21.37583491635584,12,0.06634724428089164,0.5148823685932956,0.397828941430874,0.01,9,0.3977910982764253,0,0.5780815425602358,0,3.4313887102036857,0.4009078474075224,1.586409518225443
600155,2018,C,制造业,0,0,22.713507389300528,13,-0.02584492459987074,0.45934821602268683,-0.312063060888452,0.022235386092891052,8,0.370325002877285,0,0.6104224461546723,0,4.933935019968868,0.4529129918200522,1.9445346046978391
600155,2019,C,制造业,0,0,22.179071689318935,14,0.038676584146376015,0.8254713635439035,0.05494520070039324,0.09066820332776154,10,0.3742010363203971,0,0.6114262942951855,0,4.245926224642574,0.46381503143408176,1.7196542626231377
600155,2020,C,制造业,0,0,23.229318390593075,15,0.05684010857660117,0.664327530319734,-0.06620477212035678,0.17425372709244502,8,0.33612455875638614,0,0.5825538237416452,0,5.49934443707916,0.31237734767916714,1.8803580764565822
600155,2021,C,制造业,0,0,23.183679135147713,16,-0.027184280550880117,0.3572835157494028,-0.0012743545620489127,0.06689394615651927,8,0.37461975487089216,0,0.5772604105920217,0,5.379893252917558,0.6932406226465752,2.400520559526316
600155,2022,C,制造业,0,0,21.594434459873046,17,0.0235265901962668,0.371321687506734,0.2881689090571583,0.36758725471032194,8,0.3837478346902762,0,0.6119982396891502,0,3.4433477041713556,0.8596330858791178,2.246412773432359
600155,2023,C,制造业,0,0,22.969261964120083,18,-0.04615927086589976,0.41830306529739664,0.3793432798117294,0.2685905504391556,10,0.3770977054147037,0,0.5569460903634303,0,5.021702518620454,0.9540029665312701,2.188535316231077
600156,2013,C,制造业,0,0,22.19902069199235,2,0.10618909859857124,0.434766039067708,0.07780301799264527,0.32425476366303263,6,0.4105118185184392,0,0.11525580930197639,1,4.749854954526029,0.7284870956331053,2.427752868535099
600156,2014,C,制造业,0,0,22.419081087713316,3,0.05891560194216626,0.6643534177222916,0.22531246705215688,0.031061538065284666,6,0.44638228572904526,0,0.0948186921093359,1,4.958522147638145,0.8111991405739212,2.4332697888567814
600156,2015,C,制造业,0,0,22.73981220889347,4,0.04786687905537336,0.3665961503962041,0.1070347290090539,0.22363827234812242,8,0.4262754659742049,0,0.11559182668488246,1,5.309010377794889,0.9809745140101431,3.2539236105168383
600156,2016,C,制造业,0,0,22.225818237385177,5,0.021591217953494345,0.683521552624859,0.09152784716070107,0.2561507795501264,7,0.44018420518661505,0,0.11824091403756094,1,4.660001642797932,0.7351579485019543,1.9311817344686757
600156,2017,C,制造业,0,0,23.613884017088232,6,0.06011688757841243,0.5921679317052269,0.1606146893423221,0.17693895887423558,6,0.4001999600372559,0,0.104672677016956,1,6.318133432582576,0.44709302582161875,2.8731650512291727
600156,2018,C,制造业,0,0,22.75922723043129,7,0.05856043267124335,0.6419483618732759,0.1592397350993808,0.15258791740782043,8,0.4393537010247157,0,0.11772759993492427,1,5.221143469740073,0.4710201958585495,2.478111877365519
600156,2019,C,制造业,0,0,22.086541861811718,8,0.01465197001012631,0.1427754713015505,0.2234631091160786,0.01,7,0.4137625191339507,0,0.14385507513717052,1,4.377803429933642,0.7694300197429697,2.3319304460610115
600156,2020,C,制造业,0,0,23.165080559043634,9,0.09754534292546643,0.48085574519425056,0.2477245749778439,0.18091971654794128,8,0.4375816235909554,0,0.11660734929311709,1,5.63301871454729,1.009595295740279,2.592949262273685
600156,2021,C,制造业,0,0,22.747822270722498,10,0.018672597541176734,0.4733188633322375,-0.10678192397073552,0.1507644667427957,7,0.4250960174394175,0,0.10453985102218034,1,5.068889085931559,0.7735443323958779,2.871030036693702
600156,2022,C,制造业,0,0,23.676687794585618,11,0.1047020053657401,0.3838208020466859,0.3982720038213028,0.3298292831344709,8,0.42522627847813765,0,0.12999192833056605,1,6.20908059857302,0.978430913688489,3.0184649314198904
600156,2023,C,制造业,0,0,22.01190579685408,12,0.09984500337062677,0.17634351758326855,0.24540138122710675,0.22493968898303646,8,0.40279400617327976,0,0.11209811436602152,1,4.120816482468652,0.7355283015208988,2.7957870654899413
600157,2013,C,制造业,1,0,22.085731354970783,13,0.00012972115906644335,0.4729205528775387,-0.33449075513757914,0.147882791683314,12,0.3693543395319676,0,0.3881699042386281,0,4.213145926437129,0.2540806791418392,1.223316844912664
600157,2014,C,制造业,1,0,21.24266549246848,14,0.0975153273822808,0.4810570021090548,0.3101647147788368,0.12332838645094207,10,0.40639566244793285,0,0.38273078155021834,0,3.226008608173597,0.06320232147326954,0.9644818340113979
600157,2015,C,制造业,1,0,21.07990632981114,15,0.05638942738605188,0.15439917775136863,0.016009032147626473,0.06645221292308627,11,0.38272871395784297,0,0.3982186131276578,0,2.987713991587019,0.4437977251466793,1.8865448950050006
600157,2016,C,制造业,1,0,21.551666204803052,16,0.019796864609410443,0.5574325434648738,0.10765370975442162,0.27976265096595127,11,0.3987619409002826,0,0.3941634799347694,0,3.4677008753819276,0.26516960777807463,1.407621950873918
600157,2017,C,制造业,1,0,22.803253284016776,17,0.08797242618136793,0.5587741515645557,0.6426881687416185,0.046620387237998384,10,0.42598115518630336,0,0.39296605821703023,0,4.87999815159051,0.5561419465227382,2.022834820092083
600157,2018,C,制造业,1,0,22.522923121704572,18,0.06644231896502881,0.42993659391406813,0.19467223226287048,0.2558925329261663,10,0.3969246271149136,0,0.3921807690440246,0,4.496884496572369,0.5690536031282081,1.9957773910955448
600157,2019,C,制造业,1,0,20.60407834535303,19,0.09511074550687659,0.4176471750116517,-0.1527600830414682,0.05872102530998692,11,0.36657032726071925,0,0.37906512172642587,0,2.3089971191308876,0.3914294405653247,2.0541777579777216
600157,2020,C,制造业,1,0,22.325959417411774,20,0.015875547354243576,0.6284518506259227,0.11937805585757261,0.2560356087389394,12,0.3931920575430601,0,0.3969011823581754,0,4.15740579857184,0.9406067210609055,2.4571552516250565
600157,2021,C,制造业,1,0,21.674019162465132,21,0.11290674228392764,0.350672875167443,0.044025085278255494,0.2532625675135337,10,0.3893570314811182,0,0.3976213510658586,0,3.362057451813151,0.6928305073406138,2.5383017714848237
600157,2022,C,制造业,1,0,22.648658693619545,22,0.03647686700045602,0.5453454359453436,0.4335769321555215,0.15133516746099615,10,0.3761779999317058,0,0.3859798617539006,0,4.454000140474567,1.0745397801385048,2.624198272155164
600157,2023,C,制造业,1,0,23.16437792710992,23,-0.015931902914441257,0.5864848276150588,0.012895867770659292,0.19394878108105315,10,0.40449766149463745,0,0.4329757459940559,0,5.051292913307453,1.122717292895848,2.574499546926319
600158,2013,E,建筑业,0,0,21.92160053036721,6,0.06425110964502954,0.4254393014993387,0.06383246639054499,0.01,7,0.4026005905445632,1,0.2523520263853369,1,4.237842483549614,1.1593440714843257,3.117848890874027
600158,2014,E,建筑业,0,0,22.15382249130901,7,-0.12338527398305957,0.14597932845848993,0.22194877630510196,0.10248921336539799,9,0.3843807923310663,1,0.29585571745547834,1,4.463350867197614,1.0944513833048732,2.9444647358446945
600158,2015,E,建筑业,0,0,22.262562588271813,8,0.07565936585771832,0.3769897298275568,0.19695129613403684,0.27141566370751913,8,0.3894858621342706,1,0.2737799657944771,1,4.550538730473222,1.1641953377002847,3.3032550749473404
600158,2016,E,建筑业,0,0,22.04068698465352,9,0.08678897053288269,0.15136710718074486,-0.43260538437915275,0.06271356207323675,9,0.4080573945126121,1,0.3095356511120715,1,4.251702470985123,1.2567438363508743,3.0340381449658995
600158,2017,E,建筑业,0,0,23.038083404332763,10,-0.026598405341003065,0.433636156873123,0.1343611237580119,0.13070883231210412,7,0.41315992405275176,1,0.31624668188407845,1,5.408585185786386,1.0852328451404658,3.134640974589678
600158,2018,E,建筑业,0,0,23.42731570310237,11,0.11014601893108841,0.3853884757804574,-0.019411711299580803,0.19587088996795146,7,0.39794886636846927,1,0.29440499949999543,1,5.852004291368792,1.1366445969688679,3.8225067133803394
600158,2019,E,建筑业,0,0,23.771962459429957,12,0.015907528334334925,0.2672002009805,0.17662833998429361,0.17815449632141606,7,0.4046074444232268,1,0.2718104535795167,1,6.259055425025242,1.100460664453172,3.6599226640294664
600158,2020,E,建筑业,0,0,23.568741075614984,13,-0.017096391476430106,0.28246761448277335,0.38189796822187316,0.13685129779322344,8,0.36861882411907987,1,0.2676572784853533,1,5.94138527026034,1.27703578032776,3.920456084608337
600158,2021,E,建筑业,0,0,24.53323947394189,14,0.02908376728749048,0.4637214166607223,0.256840172663309,0.3663344111848726,7,0.37948543414588565,1,0.2624484949362582,1,7.177401779510014,1.5200193821339396,4.113697640756163
600158,2022,E,建筑业,0,0,23.55184013312287,15,0.04151513846491413,0.4625112126783834,0.23808043517799773,0.2422472391798331,8,0.36790905779466876,1,0.30181396835491286,1,5.827384688435599,1.5280389457605004,4.366247147924496
600158,2023,E,建筑业,0,0,23.875889671860033,16,0.0941776427024049,0.3509662359897427,0.6112375676850277,0.24440921486644884,7,0.395677087929886,1,0.2879744320935669,1,6.213323403038654,1.550272326262374,4.068804306724458
600159,2013,C,制造业,0,0,22.811208054356023,2,0.06731948889513104,0.46066287910666526,0.17676966375115935,0.24581950538868702,13,0.3479985360394799,0,0.29566648993435934,0,5.470336138260442,0.7289641865966601,2.8726790720305835
600159,2014,C,制造业,0,0,22.32272614747664,3,-0.012376542822262741,0.6485776658426655,0.10841970088444561,0.01,13,0.33686812812422534,0,0.3159176011433432,0,4.841309044290622,0.9977515568025253,2.5783002078455413
600159,2015,C,制造业,0,0,23.05386429732029,4,0.05097840665932217,0.2111218812881514,-0.14236235738047867,0.26886224535958714,13,0.3675976651291758,0,0.31964022883587806,0,5.692187521663176,0.629993832980742,3.172965463525839
600159,2016,C,制造业,0,0,22.333098566408324,5,0.030734189035680853,0.6093694242608438,0.023666933851038047,0.2139945833926776,12,0.3765469545296045,0,0.3295440491830214,0,4.770709626714896,0.9493164070401191,2.533255106797512
600159,2017,C,制造业,0,0,22.790624573565612,6,-0.006307957467095754,0.24354627942899593,0.1778597534068499,0.2640396358939129,13,0.36268001723691096,0,0.2877283070700402,0,5.278255398441959,0.8716662820193489,2.898631795492385
600159,2018,C,制造业,0,0,22.110726086396387,7,0.026405338293042833,0.6308365441326275,0.35834640717019683,0.1132532263343525,12,0.37027839410029156,0,0.31683030723146316,0,4.434940417802403,0.6388396974226628,2.657799254070343
600159,2019,C,制造业,0,0,23.16100013175127,8,0.05848483567264675,0.202667765658754,0.49475240299685896,0.3728921583461323,13,0.3630844291264771,0,0.3154568283002726,0,5.65583213903665,0.7969446940307727,3.224171540520216
600159,2020,C,制造业,0,0,23.1182999463212,9,0.06263849563626402,0.4686788068050964,0.597637631545568,0.23980701239342248,14,0.389774874182756,0,0.2752307189766598,0,5.575157837227212,0.8350006031806726,3.0827437624008414
600159,2021,C,制造业,0,0,23.757445808974918,10,0.09681750016299463,0.5922720727354397,-0.03458860947689943,0.16477092821575304,12,0.38145540566969444,0,0.2934105416703895,0,6.346504919995893,0.7351417433995567,2.99907323858927
600159,2022,C,制造业,0,0,23.226341682256827,11,0.1402097004855518,0.8408092429725145,-0.1848786955110555,0.01,13,0.40157586452114746,0,0.33515256797481724,0,5.62152430641552,0.6918429990508097,2.8605191853229184
600159,2023,C,制造业,0,0,23.681557429672328,12,0.09393281585814446,0.3772054826466983,-0.04954481275496547,0.3004142977178854,13,0.38021720089699207,0,0.29100011787304353,0,6.154857236584744,0.8454362174435267,3.3391306099340587
600160,2013,D,电力、热力、燃气及水生产和供应业,1,0,22.27441897824805,6,0.06247532865051457,0.4365086007425822,0.11938448559954812,0.43930847179958277,14,0.3365382332721172,0,0.6128624374283906,0,4.690205770249878,0.5518122807022823,2.0972139742030285
600160,2014,D,电力、热力、燃气及水生产和供应业,1,0,22.671476328540194,7,0.11016785196658926,0.3981350147366727,0.24428950844499642,0.2129278779561664,13,0.36921383027922533,0,0.604387020357754,0,5.114189815060792,0.5498957013303741,2.3966946096997197
600160,2015,D,电力、热力、燃气及水生产和供应业,1,0,21.735316764091245,8,0.06672534599068655,0.5546258444144022,0.4030451716302177,0.01,13,0.3864150767083758,0,0.6487988214138196,0,3.9780553602750306,0.5461919346136355,2.4835167963717577
600160,2016,D,电力、热力、燃气及水生产和供应业,1,0,22.426943670873968,9,0.11067960559582918,0.3618595691863406,0.11703311528035909,0.19121142888458897,15,0.3439642704304661,0,0.6351014895241103,0,4.741738272172383,0.5228617457572172,2.1323813512856766
600160,2017,D,电力、热力、燃气及水生产和供应业,1,0,22.783312338029376,10,0.08615296403577513,0.6204996724300035,-0.1520330556030935,0.20952890817946307,15,0.3230421921492708,0,0.6302794434334651,0,5.132136416864237,0.6322367036453533,2.2003890253084912
600160,2018,D,电力、热力、燃气及水生产和供应业,1,0,22.3023283117312,11,0.05688319272329942,0.47620305201758467,0.19271437624918772,0.16862707739411664,13,0.37099157746430894,0,0.6445936034229378,0,4.5079086383915214,0.8740891398449788,2.3356853899648686
600160,2019,D,电力、热力、燃气及水生产和供应业,1,0,21.964319269085372,12,0.060830208170801266,0.44857561562832793,-0.10739099576906228,0.2456516471086952,13,0.3429328213311015,0,0.6015972539345229,0,4.07216686161268,0.8960032339738518,2.0642653441757157
600160,2020,D,电力、热力、燃气及水生产和供应业,1,0,21.7814273834652,13,0.04484399521756185,0.4891679694327048,0.28399172967582514,0.1264339391072478,15,0.362756998547052,0,0.6178118296332883,0,3.816189659104682,0.8149372513324363,2.465036051479799
600160,2021,D,电力、热力、燃气及水生产和供应业,1,0,23.832059874620303,14,0.06032336286413274,0.4944401588370417,-0.21316400320813186,0.2026283792805224,15,0.3437657995249418,0,0.6568766745657155,0,6.270979717118319,0.8398173324508296,3.2750846243823037
600160,2022,D,电力、热力、燃气及水生产和供应业,1,0,23.703666417555148,15,0.0276558658424447,0.3571106952790111,-0.0934481751773337,0.3350609338426982,13,0.35641057311933105,0,0.5905915067895424,0,6.068036010674316,1.2064697978468384,3.165455510005942
600160,2023,D,电力、热力、燃气及水生产和供应业,1,0,24.369635978863755,16,0.13321439173216845,0.4375425106354988,0.011934946467678537,0.15412228705142772,15,0.36593401578598184,0,0.6257082238329045,0,6.898305964184746,1.0453394495364214,3.1459686863155296
600161,2013,F,批发和零售业,1,0,21.636170155875515,1,0.01966655651873001,0.32532245353415773,0.278436964711788,0.11929774241277694,9,0.3088475828192977,0,0.37359421156298434,0,4.150771225863127,0.5665976086100357,1.9048110169645882
600161,2014,F,批发和零售业,1,0,21.967100488573585,2,0.054429901771080834,0.4010348522524054,0.0831780373751215,0.051466106367530046,8,0.3,0,0.34817351971344207,0,4.482198028007586,0.33174371090270544,2.139769796795348
600161,2015,F,批发和零售业,1,0,23.097599132625213,3,0.016339063017299295,0.40478739899993943,-0.025528550874523145,0.14118387450370765,7,0.313102176331109,0,0.3787047108554508,0,5.793376624040243,0.5206187424820377,2.6581490556836895
600161,2016,F,批发和零售业,1,0,22.86324510246598,4,-0.028290753659739043,0.1820032241199515,0.03747050269541029,0.1912110812103028,7,0.31514104502257967,0,0.35465231672255126,0,5.463126855634057,0.7120192351147958,2.2032200296512316
600161,2017,F,批发和零售业,1,0,23.04670797142013,5,0.05516271359188117,0.6120821583157406,0.1981348465117184,0.14714312100500965,7,0.31227057855030105,0,0.35556253928633524,0,5.654123894609586,0.43466601797094756,2.1636435671214356
600161,2018,F,批发和零售业,1,0,23.15289760492231,6,0.0020632405672893553,0.39921519818701834,0.387743886163987,0.01,7,0.34323980880306737,0,0.3689522241136952,0,5.735926883904622,0.7911016718463646,2.810543109666544
600161,2019,F,批发和零售业,1,0,22.564498069149362,7,-0.011438172524462296,0.16968749513466014,0.3594791790284363,0.2543170130717489,9,0.316232033495037,0,0.35135100637071326,0,4.978546936145237,0.6147070770683547,2.0471850734007413
600161,2020,F,批发和零售业,1,0,23.235432941506595,8,0.06512558547383998,0.5573319601385026,0.04439412911356376,0.331773766080162,8,0.34437960844735505,0,0.4041227724028213,0,5.761146709523065,0.5845390370144189,2.5415099297771686
600161,2021,F,批发和零售业,1,0,22.92357162656986,9,0.0304549672416254,0.6619098996115347,0.05593772525333103,0.10295802830597947,7,0.3249158979196648,0,0.33404589424701026,0,5.319495962009484,0.8092405204728076,2.8021267272475248
600161,2022,F,批发和零售业,1,0,22.859036298358497,10,0.07305654155068445,0.49284849006029874,-0.012168969193016022,0.12978663530130147,8,0.32163343392898314,0,0.3369817358486284,0,5.192363413453812,1.2460276831868116,2.759270431548944
600161,2023,F,批发和零售业,1,0,23.978308888208396,11,-0.02106517842505439,0.39501728155115323,0.007576068395164004,0.37850430987958744,9,0.34478625134727486,0,0.37512711022756584,0,6.576255675589786,1.1152357509194146,3.032962203839403
600162,2013,C,制造业,1,0,22.45348322782652,6,-0.04153579614070856,0.3779360938116282,0.21389375170682856,0.46122818891200235,7,0.4147986227389325,0,0.40307823650297897,0,4.892624244627617,0.36308528851952426,2.1940916638772356
600162,2014,C,制造业,1,0,23.40384800380919,7,-0.011192965080407243,0.30133088850852463,-0.21139359934501245,0.01,7,0.4287546737051004,0,0.4094252509597621,0,6.020097215694947,0.9508264375971878,2.7773250940921206
600162,2015,C,制造业,1,0,21.585960722592077,8,0.044679632898856125,0.5054864006943026,0.4881863666036804,0.01,8,0.4507779924174203,0,0.41384978671520783,0,3.8025265550291487,0.7665354882215577,2.320657850427415
600162,2016,C,制造业,1,0,22.568686915495626,9,-0.02370138719328701,0.4726328772659608,0.02786332920672098,0.27709385136409537,7,0.40976647054628135,0,0.42057958200151113,0,4.905083445065214,0.909320530574933,2.43318847824457
600162,2017,C,制造业,1,0,21.48444656634457,10,0.08293888383852399,0.41278025860528894,0.5336041199867224,0.27404173267261256,8,0.4882005566735848,0,0.4167092714847337,0,3.607727705773984,0.6898968516161768,2.4669035242482797
600162,2018,C,制造业,1,0,22.64000007684295,11,0.03460728016434964,0.6013718151037721,0.09049933002714616,0.06000314696224836,7,0.42912464158628366,0,0.4445607837024094,0,4.9093003717976345,0.5562806261765145,2.54076367871908
600162,2019,C,制造业,1,0,22.86565605583148,12,0.0396662540519781,0.4245364948825773,0.1769856885227184,0.19267570179571877,7,0.40918527947538214,0,0.44027314324286687,0,5.1387366227907,0.8593676443533701,2.5277954842182884
600162,2020,C,制造业,1,0,22.546851212427377,13,-0.02632114776160132,0.4655954359054882,-0.321144646530139,0.15744629507956928,9,0.4451449233008299,0,0.4095575795889291,0,4.7225794787422695,0.788110022557717,2.0850594080115408
600162,2021,C,制造业,1,0,23.3407116899499,14,0.13127886703919553,0.7027804445545981,-0.17085580650661633,0.07918137077597229,9,0.40717296552743476,0,0.4153752754182283,0,5.6499129375382395,0.7493698629258853,2.716973137393454
600162,2022,C,制造业,1,0,22.67577164717416,15,0.022266883689681605,0.3176788566781528,0.09043580826747039,0.1724517993345667,7,0.41324201638224944,0,0.4329018387210281,0,4.798239223118524,0.5552772554557376,2.396130650013238
600162,2023,C,制造业,1,0,23.387368544434523,16,-0.01081091795830183,0.3106466791273302,0.15774325065861383,0.1910179693624483,7,0.4482140217062486,0,0.4400802033713272,0,5.643655425042503,0.6774042311973366,2.5878440872010313
600163,2013,C,制造业,1,0,22.087525305976826,11,0.07063790136445523,0.371646353281596,0.35071624426725256,0.22507204956302074,8,0.35375140503104785,0,0.2759644245628989,0,4.301951712426698,0.05,1.0121764563090119
600163,2014,C,制造业,1,0,21.01036734069839,12,0.037615287594178676,0.3942696316765455,0.03777192131376242,0.3594472853216967,9,0.4144321373496765,0,0.2813340136552225,0,3.043155366762693,0.18859017953505403,1.140959943732844
600163,2015,C,制造业,1,0,22.742697494264544,13,0.04421083888055104,0.12224526157406346,-0.03798000651170137,0.26699731883207484,9,0.428591382717552,0,0.2646032436257202,0,4.9767353479358185,0.3869861502207567,1.8610152310596086
600163,2016,C,制造业,1,0,21.94810640006052,14,0.07217520714961843,0.34940545330537254,-0.27622490754922063,0.1817993084667051,8,0.4276195020735625,0,0.29776089277995443,0,4.005463085041674,0.3582029023714609,1.4288654235887763
600163,2017,C,制造业,1,0,21.41775932380759,15,0.06140974174242224,0.563182839496099,0.03986838067882431,0.054049129330621976,9,0.4210683503827885,0,0.2650050033808403,0,3.346450997005425,0.4393809986158403,1.6648380655532462
600163,2018,C,制造业,1,0,22.295156248618323,16,0.03564669091932058,0.4757030726142087,0.33715997188934516,0.01,8,0.38827098595976434,0,0.28113162100977934,0,4.30058009254454,0.959328259538543,2.3426444378597258
600163,2019,C,制造业,1,0,22.672687829848282,17,0.027525292641275845,0.25976201111549535,-0.050549594089636773,0.07340925135227794,8,0.376952011522432,0,0.2510256509487689,0,4.717653688011188,0.6188800394881124,2.2619167631561194
600163,2020,C,制造业,1,0,22.0126552106103,18,0.028324903419351302,0.5652681698266196,0.30505254097318835,0.11085333986765822,9,0.372100488007927,0,0.28486078914106966,0,3.877180445138951,0.8007115930722366,2.2532812339410624
600163,2021,C,制造业,1,0,22.369488241191675,19,-0.03350456555167118,0.38845480817339245,0.21301107899181226,0.26615002534003446,10,0.3750370670355218,0,0.2552845803311141,0,4.253182964079451,0.899563585774483,2.106657976380619
600163,2022,C,制造业,1,0,23.136753272108102,20,0.07280205287669034,0.5845779083133487,0.1373840837081734,0.23119967736434568,10,0.3690312407245008,0,0.2938413245588266,0,5.144024893663681,0.9118991475352743,2.7388888803244877
600163,2023,C,制造业,1,0,23.033763188479224,21,0.12777502187286932,0.416816259528806,0.46312161773134153,0.2092593978704642,8,0.3905449588129822,0,0.2586621372897847,0,4.949677366565122,1.3445117696674949,3.0797552492166473
600164,2013,K,房地产业,1,0,22.062288970666476,7,-0.0007310003438118773,0.5572592738889042,0.2393697048422406,0.14381032222959048,9,0.3267452465299538,0,0.6664499384882527,0,4.42242124433079,0.05,1.676063108508929
600164,2014,K,房地产业,1,0,21.986373362049942,8,0.032304582972996265,0.4288997292076063,0.3444016491225248,0.09504516458802655,11,0.3036205276432816,0,0.6362232751816977,0,4.287401483238148,0.1377516269596924,1.4925267435065799
600164,2015,K,房地产业,1,0,22.039911418039033,9,0.05364324080549278,0.7839883858837147,-0.29432913348980283,0.13335795249131055,10,0.3426893060879476,0,0.628890102736084,0,4.299957212475911,0.3886013573553163,1.6445680185382128
600164,2016,K,房地产业,1,0,22.511178226723516,10,0.013922504391093805,0.3563067627127614,0.3776308055501848,0.26011012043014425,9,0.3084868555327836,0,0.6783080318030881,0,4.806280145221742,0.7268905180020391,1.9292302315804581
600164,2017,K,房地产业,1,0,21.95132035669741,11,0.04641022209972784,0.440857771355355,0.4444624091681012,0.01,9,0.33406386046598097,0,0.6969662182010067,0,4.122056824350967,0.41369034018863404,1.7247976910269809
600164,2018,K,房地产业,1,0,22.23864169333907,12,-0.005075617357273701,0.5188356138305005,0.054860485188802995,0.34354341818299583,10,0.3519551072008864,0,0.65787142071336,0,4.407901367726335,0.1990954956376056,1.902933880333398
600164,2019,K,房地产业,1,0,22.12590224263349,13,0.057831409929857386,0.4271868240157529,0.261573332599433,0.24613975386313908,11,0.30271179776729595,0,0.6703718911868463,0,4.2336934010055485,0.4864687110521031,2.010841231269751
600164,2020,K,房地产业,1,0,23.029998592581162,14,0.07391537487911326,0.5775691052071906,0.225320780202803,0.2862755019461994,10,0.3288870748554629,0,0.6512823353328756,0,5.275774429131074,0.5988152868609279,2.2882144113948404
600164,2021,K,房地产业,1,0,23.18123543595026,15,0.03826990244777914,0.3894068317208885,-0.09873430911199839,0.31332033516435925,9,0.35912823716877323,0,0.6686383927009651,0,5.430830545140268,0.7377076886653553,1.86743590749018
600164,2022,K,房地产业,1,0,21.992362049790255,16,0.06641889834120644,0.2283248142679218,0.22286591815965753,0.1121517807954271,11,0.34130633455717974,0,0.6712284388356736,0,3.943156963541978,0.944235374919961,2.174638275451662
600164,2023,K,房地产业,1,0,23.397408424628512,17,0.11764953364311598,0.5844887301473983,0.11870853746945005,0.14019055447714363,10,0.3207825043388303,0,0.6788524944117914,0,5.609190405756221,0.7276265006953496,2.6443693603528997
600165,2013,C,制造业,1,0,21.71637755819426,16,-0.03747685405631941,0.4656385592246618,0.039047904241126676,0.17476614958318198,11,0.3434607852074165,1,0.4300746512039313,0,3.6619161961645865,0.4217131971720187,1.2749332213291098
600165,2014,C,制造业,1,0,21.645135737805635,17,-0.03695170081541181,0.5202219866184725,0.06315035939020452,0.2725787451394762,13,0.33081642970935565,1,0.41859149952128205,0,3.529155857667688,0.5066170259128939,1.6198253608339617
600165,2015,C,制造业,1,0,21.967481473335315,18,-0.02377345949289402,0.5204111115233531,0.46345182934443274,0.2609945612469284,11,0.34628568887254185,1,0.46475501182395934,0,3.8697515790703934,0.05,1.4258732264817173
600165,2016,C,制造业,1,0,21.20748740596196,19,0.0801223088218927,0.43864706194469544,0.4009279727590006,0.12801772399626482,11,0.3301037909242324,1,0.47589152019313774,0,2.9660181545462696,0.5429417194402228,1.5440648592680688
600165,2017,C,制造业,1,0,22.583815698176807,20,0.0012075241874281717,0.6600320043612685,0.09323974989738641,0.2773292518502185,11,0.3766821019462053,1,0.4675957004341709,0,4.50799520345659,0.10530884744076754,1.593712737703725
600165,2018,C,制造业,1,0,22.061619613553493,21,0.036640644296878515,0.1755161344198175,0.5352526565760343,0.12154843792874584,11,0.3393993417711776,1,0.4692026072782415,0,3.828487868951265,0.5773478395817733,2.2723272633951206
600165,2019,C,制造业,1,0,23.851880905968102,22,-0.01657498070596696,0.3341634545055009,-0.04631675603528555,0.03837075047963903,11,0.3567033966459507,1,0.43998092417372914,0,6.008466290471294,0.7480489999968387,2.2418122567341663
600165,2020,C,制造业,1,0,22.830706667127245,23,0.07690406228131623,0.2295821175412784,0.26638868500154655,0.15772410044936175,12,0.3458842450877948,1,0.5095065771139573,0,4.679383006863613,0.6481681567797647,2.2878923275681324
600165,2021,C,制造业,1,0,22.45491310421727,24,0.13258306523128008,0.2410047557035708,0.37008401894142084,0.1899632727966853,12,0.3555293710085748,1,0.48398514456887026,0,4.169432806929449,0.5389541971794968,2.0522355176653972
600165,2022,C,制造业,1,0,23.0298436478097,25,0.07434273232135573,0.39184773062330874,0.3441243048968442,0.2043019225146329,12,0.3608346645904189,1,0.45376426401389935,0,4.843260018329771,0.5457950211709169,2.2301991658638003
600165,2023,C,制造业,1,0,22.858387898972857,26,0.027480310754901857,0.3798463231877817,0.397983235472295,0.15007397675750184,12,0.3375449211558989,1,0.4286635878868206,0,4.5809531106215715,0.800144541904809,2.2077783765152876
600166,2013,C,制造业,0,1,23.314861675201616,8,0.005870385252297029,0.2694256414572256,-0.02041346440470608,0.25096515581173906,15,0.40393719197443756,0,0.3798158560388054,0,5.868198069958516,0.5442499150625971,2.839025192333856
600166,2014,C,制造业,0,1,22.37139771615326,9,0.1321565732567627,0.4998153947406971,0.4566471430427872,0.13329392464490405,13,0.4337105025454001,0,0.42688947878344635,0,4.659429538489173,0.6195953118104065,2.7391855053934364
600166,2015,C,制造业,0,1,23.206030675114654,10,0.011774408197314908,0.4807871994236985,-0.1964857589014935,0.1305909268408086,15,0.4465153577724301,0,0.35254189969257016,0,5.63742471609746,0.6981719669495211,2.975059868202768
600166,2016,C,制造业,0,1,21.228112481316874,11,0.08054189916801456,0.14778714063633075,0.08832444027194039,0.01,15,0.4193577054675006,0,0.36345225036754125,0,3.2749843364765523,0.6761245313976338,2.768386238054237
600166,2017,C,制造业,0,1,22.190066421036857,12,-0.011301930545624304,0.23051669485467716,0.25220473013804096,0.24080558834539326,14,0.40911198032115903,0,0.39775289645560313,0,4.317819445798065,0.9032018662504483,2.9244601650791893
600166,2018,C,制造业,0,1,23.012204657934095,13,0.04600101428547048,0.21267637142197843,0.171360552012753,0.19940007024468023,15,0.4340078037131108,0,0.41596664830262253,0,5.273726909693073,0.9922421609483248,3.147571878325144
600166,2019,C,制造业,0,1,22.73091669687535,14,0.014978795584487378,0.408532201002572,0.1836783213446227,0.1992241329852144,15,0.4052084323921338,0,0.3903241938733537,0,4.883512429662011,1.0939911969573637,3.0124428566899275
600166,2020,C,制造业,0,1,22.731627024675742,15,0.04669888495742955,0.1701133799466632,0.4469601907630212,0.15679001733774622,13,0.4477103738896697,0,0.37270012180429285,0,4.843425332105536,0.8427025479991107,3.1116712487027236
600166,2021,C,制造业,0,1,22.49415256453944,16,0.0841866769153701,0.5064405859069613,-0.0960574869493859,0.20379764965232278,13,0.4033418125417726,0,0.40683488921178285,0,4.518999732512737,0.8712623515386364,2.823422066920119
600166,2022,C,制造业,0,1,23.362096131333868,17,0.11092424733533027,0.36808210231390615,0.1438724378608317,0.32264121948838487,13,0.37713072604181186,0,0.39457530938332924,0,5.550561726442456,0.9496268897871148,3.322377149191228
600166,2023,C,制造业,0,1,23.447379094625997,18,0.01837680595008838,0.5793939986290543,0.07086531008980508,0.2835368013801727,13,0.40551403380391526,0,0.37566936912093907,0,5.615856551310265,1.126737519244775,2.9663931927442664
600167,2013,C,制造业,0,0,22.443286208247848,9,0.04070194465602499,0.5233282756666223,0.3365333830095496,0.12736998519007922,12,0.37259204482817554,0,0.3743118119287223,0,4.723300298210056,1.2078200358470699,3.274714175641306
600167,2014,C,制造业,0,0,22.836856612265873,10,0.04786532752225783,0.14790506978781554,0.16356096613691534,0.34575153255175484,14,0.35129557896226693,0,0.39386567280824114,0,5.145990755206032,1.1039824565058378,4.014358943230649
600167,2015,C,制造业,0,0,22.722105050901774,11,0.09765543901003129,0.2439389356872151,0.21055233863747427,0.20009176337624993,12,0.3711395077330325,0,0.40530125218592916,0,4.967457073852015,1.191404234461369,4.296718088824201
600167,2016,C,制造业,0,0,22.26126634507193,12,0.09840027801516832,0.35457721842848017,0.2159089714983956,0.19103044028688604,13,0.4360465762700305,0,0.37206326798717765,0,4.380228012518755,1.464329283579773,3.4267358179987997
600167,2017,C,制造业,0,0,22.783764319617347,13,0.06979836676053687,0.2728177231563572,-0.2467781439080341,0.33981543738199455,12,0.3717606998773013,0,0.4028279111294305,0,4.96134255467795,1.2707843987403231,3.5748273490136935
600167,2018,C,制造业,0,0,24.072021791625943,14,0.04661423683090643,0.47552782076275524,0.2167247352984802,0.31183540856187475,12,0.3643715942667317,0,0.36536147349955334,0,6.568883024146006,1.4283940026022937,4.197954655952175
600167,2019,C,制造业,0,0,23.139010179804327,15,0.09412466853038312,0.3400890272295093,-0.10205759972041054,0.2870793514376313,13,0.3833562871463255,0,0.4076632729945647,0,5.318971643330324,1.4532294847585836,3.725901442133896
600167,2020,C,制造业,0,0,23.472623262815596,16,0.07469899772148508,0.5718975411067394,0.40201812527734915,0.11362472339778786,14,0.38241305640589107,0,0.3880275888925836,0,5.699646291522829,1.1556442266876426,3.907262312052438
600167,2021,C,制造业,0,0,24.21117128335848,17,0.10434302598772364,0.31762002417913704,0.1397898507707374,0.3132337510121395,12,0.40115465215613977,0,0.40916321591659616,0,6.629213904794233,1.5164919238498331,4.064286093838138
600167,2022,C,制造业,0,0,23.693742656263847,18,0.016526280591401155,0.28372105755236554,0.23455356215809958,0.5303803099578024,14,0.35540807165817656,0,0.400523897272226,0,5.917073236648714,1.1755971913756538,4.017709414802765
600167,2023,C,制造业,0,0,23.739857415865906,19,0.10810671559809434,0.5034693381487054,0.5652742131978387,0.07049080485035719,14,0.3946031289804459,0,0.3940104590322132,0,5.921951420475212,1.2731799773094896,3.8846764788887738
600168,2013,F,批发和零售业,0,0,22.60835565575947,1,0.1049891489261493,0.8050110238139179,0.06087852274212712,0.1812113620967717,11,0.4590732652360906,0,0.5872881819045392,0,5.292199028595877,0.3047996968822695,1.988754521616374
600168,2014,F,批发和零售业,0,0,22.019716354202224,2,-0.023703560946530977,0.6284891432384936,0.49234286743884387,0.22053592820282306,11,0.47939553652964856,0,0.5584652051192474,0,4.547863701515753,0.5672176300040621,1.742655492081031
600168,2015,F,批发和零售业,0,0,22.856260461212827,3,0.09078220461818287,0.4120568508420142,0.2290793955221972,0.26447216625648773,12,0.4514227539890481,0,0.5902609046696914,0,5.496230916110232,0.5261510992091574,2.5396284440272616
600168,2016,F,批发和零售业,0,0,22.593380180927593,4,0.012314289431685117,0.46692545711148475,-0.08844902692703574,0.5388393406583392,11,0.43942764786655636,0,0.6224595041630833,0,5.130527258966232,0.5308089340790076,2.26637619658054
600168,2017,F,批发和零售业,0,0,22.664474585446104,5,0.02572697800016736,0.13987488976829993,0.21386786942993585,0.0194813149587256,12,0.4366264500951136,0,0.5835294938804645,0,5.183363433786583,0.4338022601790902,2.2477747768460885
600168,2018,F,批发和零售业,0,0,22.198925910758607,6,0.07369415175838784,0.6067204698241963,-0.20913849399476345,0.12435862686165672,11,0.4477865986466858,0,0.5909742580160917,0,4.587965100546419,0.38897632580934144,2.335386378224772
600168,2019,F,批发和零售业,0,0,22.524605050506143,7,0.06695124866041102,0.48484664791926035,0.3171478435888776,0.15524222358390288,12,0.48973792959814927,0,0.5713890373350748,0,4.92663769060329,0.6983607689459006,2.25679436326832
600168,2020,F,批发和零售业,0,0,22.90819992589685,8,0.05893515318195874,0.3356890009386502,0.21553270936558983,0.17107688647062053,11,0.45591941422031934,0,0.5878523064449072,0,5.34436384608687,0.9458191569741206,2.8010510919085356
600168,2021,F,批发和零售业,0,0,22.94911515504275,9,0.10543208783034777,0.40000921003730167,-0.0988329488341044,0.22287463773536695,10,0.4738228314433035,0,0.5731000879709527,0,5.3599203482355104,0.6162990589505138,2.639306916276148
600168,2022,F,批发和零售业,0,0,23.645897475837746,10,0.059942830910826764,0.5833072124368253,0.6081486169596991,0.3010348798212298,10,0.4710506165936248,0,0.5881276713388652,0,6.194526019698499,1.0503836767213803,2.891024597837297
600168,2023,F,批发和零售业,0,0,23.73357945437816,11,0.07460278887760478,0.3635335680359592,0.17096280904957822,0.4050750884148834,11,0.4567665872008266,0,0.599945811855708,0,6.268845364121563,0.9403249991146382,2.622235422984952
600169,2013,C,制造业,1,0,20.697253469899128,6,-0.021327745027702856,0.3922470643314423,0.07806411669646915,0.42924567151737547,7,0.38206566043532963,0,0.4005576028603705,0,2.954819952014642,0.147352418530159,1.1673529320277691
600169,2014,C,制造业,1,0,22.533439259665084,7,-0.045662799215955015,0.5349494615066004,0.29596098369148705,0.0431658186743725,8,0.38961713827128985,0,0.40382425209546635,0,4.966524414359727,0.19147917195249545,1.5547632325767955
600169,2015,C,制造业,1,0,21.067641258724983,8,0.024023902494465472,0.36391805343226113,-0.16862548118333986,0.23912737671559836,8,0.3816216064168548,0,0.4100645964241129,0,3.2507559767862184,0.5425080056497756,1.6674305027288212
600169,2016,C,制造业,1,0,21.980260956140977,9,0.08665628910744133,0.5317734046329768,-0.15091233879394833,0.22792402775250853,6,0.3804243728243411,0,0.3868775107459386,0,4.227610048004527,0.6448047756344742,1.6499085713587125
600169,2017,C,制造业,1,0,23.36397378153671,10,0.030695959586334615,0.5886153989297631,-0.08482404645988564,0.05506810835150941,6,0.3966111293051443,0,0.3987966326204885,0,5.842174740583144,0.9899849988771403,2.3361702258022237
600169,2018,C,制造业,1,0,22.518251330633827,11,0.10260330743834754,0.3113741683893629,-0.0015517829132154631,0.16693863447303203,8,0.39487354864582985,0,0.424948464588066,0,4.766570404900698,0.7385626886029264,2.380781336820725
600169,2019,C,制造业,1,0,22.666019091128707,12,0.08628225906889934,0.44280925960679884,0.1887007300645863,0.2620193206458824,6,0.3625157472977784,0,0.4090601987729851,0,4.90304185237914,0.7483508442859683,2.031919341185712
600169,2020,C,制造业,1,0,22.87123332133356,13,0.1281562812405919,0.4578993349981383,0.25271344117667704,0.252207872432624,8,0.3483045930440734,0,0.3627635077406446,0,5.1101829672918155,0.7050641121697889,2.593165960669254
600169,2021,C,制造业,1,0,23.479384273048325,14,0.0422847574135107,0.2574628888433771,-0.14429199987583352,0.11430567798810351,6,0.41035926555549296,0,0.40365282225129767,0,5.824724877754269,0.931646818429404,2.397417509853346
600169,2022,C,制造业,1,0,23.33001823866945,15,0.07194143241938866,0.17135042114399712,-0.0023969388498542576,0.06999163420862307,6,0.38815663412526646,0,0.404704544019983,0,5.58805728068526,0.9229132342104551,2.671156072685719
600169,2023,C,制造业,1,0,23.146086219811508,16,0.07595429899756939,0.29728507520708325,-0.02624194200201116,0.08396857776531293,8,0.3617304302451489,0,0.38243288323958685,0,5.300690412473252,1.17044032155644,2.652540614861024
600170,2013,C,制造业,0,0,20.897100222624456,1,0.009283656180492969,0.6071662013049179,0.476772727126318,0.13679087039309487,12,0.31234019637920113,0,0.37245008728790885,0,3.36159003681348,0.05,1.148113545226416
600170,2014,C,制造业,0,0,22.66811913905168,2,-0.0458683058041226,0.3181654938374655,0.17697425236320147,0.2500814869492516,11,0.3,0,0.3167623301748561,0,5.31381914558705,0.558582731446427,2.1229644538823718
600170,2015,C,制造业,0,0,22.20096144019113,3,0.11948842839689308,0.7438208479127035,0.07283560108133272,0.2544786593829209,12,0.3,0,0.3185097099338266,0,4.722946846312238,0.40146250259530014,1.9228361666318983
600170,2016,C,制造业,0,0,22.17552322854208,4,0.058102721539192145,0.43411988685762376,0.1706984460144562,0.16161593112299116,11,0.3134732716836725,0,0.301031524226734,0,4.640500235895515,0.6114189643646492,2.315150492891986
600170,2017,C,制造业,0,0,22.69752918065186,5,0.16517294651859799,0.6608677123129837,0.4111262308384348,0.2747441542688024,13,0.3,0,0.36291760386837874,0,5.223869981480911,0.6842804552094022,2.5119718335552963
600170,2018,C,制造业,0,0,22.56287601709019,6,0.07699469707342543,0.48983832041465414,0.22769610546757038,0.09930410854143992,13,0.3,0,0.34117006017608165,0,5.011934053013537,0.728093929475523,2.6066986706907085
600170,2019,C,制造业,0,0,23.07874232534759,7,-0.01485152417703773,0.34982365099037926,0.14224310889635236,0.25000253613938206,11,0.33366093833056965,0,0.3230361242441637,0,5.610193816582142,0.5695239736783375,2.195301555610746
600170,2020,C,制造业,0,0,21.91910243718774,8,0.0462071661036033,0.5943277932622559,0.23819709905644917,0.08048892986440093,12,0.3,0,0.3270134270607307,0,4.173363564447841,0.8057720842960345,1.9229315896051367
600170,2021,C,制造业,0,0,23.13075335454755,9,0.005053579701458727,0.45705490726616177,-0.20568240419230122,0.20244806404226826,12,0.30223913190586804,0,0.352025092464167,0,5.582434040323098,1.0367330019609167,2.6932933116782563
600170,2022,C,制造业,0,0,22.887695079376048,10,0.09313877288919878,0.30973213562797025,0.3760214677154273,0.338355204335843,12,0.3,0,0.3335334747815197,0,5.230555371490595,0.9435049757966183,3.219491437271258
600170,2023,C,制造业,0,0,23.212662426377193,11,0.05583779091589454,0.47870928729428824,0.15091311814028283,0.2509602244942145,13,0.3,0,0.3204883272433442,0,5.5929739092385224,1.1148028471228815,2.7967402775008674
600171,2013,G,交通运输、仓储和邮政业,0,0,21.197596734308707,12,0.00663987203884012,0.6088322194503178,-0.04306906612225239,0.09298099566740117,7,0.3849657211116059,0,0.2767464249591508,0,3.250940737262952,0.11267745431699358,1.3068212184788663
600171,2014,G,交通运输、仓储和邮政业,0,0,21.526601211044493,13,0.03301951092213565,0.5956445504744785,-0.05008484102728494,0.03324802410567251,7,0.3690068424938778,0,0.2516082564106546,0,3.578541881603163,0.44534461564431155,1.0945140810359466
600171,2015,G,交通运输、仓储和邮政业,0,0,21.054469380771692,14,0.07201478742766451,0.5325239247837145,0.18138317485306277,0.013463620289980188,7,0.3832859151152372,0,0.27657643527044357,0,3.02437701631571,0.1311003138228121,1.0171523804653566
600171,2016,G,交通运输、仓储和邮政业,0,0,20.888091161947173,15,0.030752683335782214,0.6680347646480989,0.622860277763535,0.33471799791001206,7,0.3404749877967983,0,0.28037619698450594,0,2.8012945401304683,0.08687538544175614,0.8474597722946887
600171,2017,G,交通运输、仓储和邮政业,0,0,20.887341986505508,16,0.03047430392362371,0.5112166826915372,-0.08865635879346648,0.01,8,0.3762446079441181,0,0.2998565392119002,0,2.75924978535161,0.1876611428450154,1.1412228284669403
600171,2018,G,交通运输、仓储和邮政业,0,0,22.44648627040327,17,-0.0020713880271530094,0.5312323939877333,0.2942833158121979,0.26932259475501164,8,0.382272600192347,0,0.291371686239551,0,4.471672209838168,0.36282359109547163,1.5341228832163707
600171,2019,G,交通运输、仓储和邮政业,0,0,22.18522530363109,18,0.10325194216307829,0.11566837288189308,0.12883324037170357,0.29966277715870326,7,0.3780630787908549,0,0.2921847620386088,0,4.123378168778474,0.18009408095080914,1.6615834821523885
600171,2020,G,交通运输、仓储和邮政业,0,0,20.53939681839752,19,0.0949639586618597,0.3672284028752787,-0.4590690098462322,0.09516248768146862,8,0.3368725117699785,0,0.2654249740664081,0,2.2823426469266916,0.05,1.0918331079909622
600171,2021,G,交通运输、仓储和邮政业,0,0,21.048494898059857,20,0.061098888906493926,0.5369947387147168,0.34105581570955656,0.1624776458457016,6,0.3733150267864989,0,0.3050598470328963,0,2.7804899160998775,0.10165929503696133,1.1595734070580281
600171,2022,G,交通运输、仓储和邮政业,0,0,23.03357871156783,21,0.05709272150404828,0.5429121984782085,0.041545752636569754,0.07218869784381927,8,0.38331947991126625,0,0.31655431845258414,0,5.0193393484054525,0.29226048543722577,1.8057227003048557
600171,2023,G,交通运输、仓储和邮政业,0,0,22.598836635691317,22,-0.06216332210606238,0.4181688698487215,0.30340025867684123,0.03836247417411,8,0.33938197803605896,0,0.2836575883561582,0,4.4525762612465005,0.05,1.3217984134402996
600172,2013,G,交通运输、仓储和邮政业,1,0,21.92025822737667,4,0.043580555233251536,0.6442364421162767,0.5708989574135606,0.034605051720688396,9,0.30417422696611307,0,0.46621301653014824,0,4.353971540223715,0.7499122926106286,2.0875231723279812
600172,2014,G,交通运输、仓储和邮政业,1,0,22.899002944444295,5,0.02862163476421574,0.1652056215906869,0.2811331834206395,0.1188762196992749,9,0.36239569510514275,0,0.45184921872532513,0,5.473460102698533,0.5385197295352526,2.386610136022535
600172,2015,G,交通运输、仓储和邮政业,1,0,22.735811374013522,6,0.06103889300579474,0.323631657664993,0.15253283370427947,0.24660260044883503,8,0.3,0,0.44569331130209283,0,5.225607096632249,0.8550058432337664,2.4863740109426136
600172,2016,G,交通运输、仓储和邮政业,1,0,22.514709620405473,7,0.021169047863657562,0.4051565671074429,-0.13371733460303414,0.12355571862167575,9,0.32920979298965564,0,0.42033122862085953,0,4.926237594307947,0.9788256490842255,2.029576854225625
600172,2017,G,交通运输、仓储和邮政业,1,0,23.432954931021442,8,0.02647275990844514,0.595275248954635,0.3182623434211308,0.37105015174438727,10,0.31037318204490144,0,0.4827862237643129,0,6.006463083600528,1.211526981445948,2.6059656007784056
600172,2018,G,交通运输、仓储和邮政业,1,0,23.39931642330355,9,0.0298143503982095,0.21903620664103093,0.0272731573690327,0.2178004089295437,10,0.326672871518515,0,0.44463743127078253,0,5.925163135806735,0.8259116148917541,2.9146363977536476
600172,2019,G,交通运输、仓储和邮政业,1,0,22.920214103732036,10,0.03844583118770893,0.09668454863921505,0.11110347773292134,0.12067142897914188,8,0.3098858987351043,0,0.4439895149878955,0,5.285863910620624,0.9950953546278557,2.8120235111666814
600172,2020,G,交通运输、仓储和邮政业,1,0,23.30419155779675,11,0.02461169838321433,0.5934872969978263,0.44279743235232216,0.2728241779897023,9,0.33651661286140155,0,0.4615866332135437,0,5.7212907896865755,0.8921175212277754,2.8928347483136543
600172,2021,G,交通运输、仓储和邮政业,1,0,22.30124195859932,12,0.06101620947667838,0.4124083504569589,0.2012405350342811,0.16543150245996302,9,0.32771181012660594,0,0.4645631484913704,0,4.452728085776616,0.7718157421435452,2.4764713166025265
600172,2022,G,交通运输、仓储和邮政业,1,0,23.228454062801042,13,0.005001661265650617,0.24041266170593073,-0.005389033065301002,0.1837477898173079,10,0.3187499297847943,0,0.4177497189141717,0,5.540907469046616,0.9492311806006597,2.6999960211806044
600172,2023,G,交通运输、仓储和邮政业,1,0,22.72688449062591,14,0.04086123746357985,0.25838978258799616,-0.022064768993551254,0.18307205278249952,8,0.31640245838121833,0,0.4296697820680403,0,4.870327098725681,0.7319676793698662,2.6051289703669687
600173,2013,C,制造业,1,1,22.539029593040144,15,0.05470266916284419,0.5590614717851078,0.3484096290740921,0.20943327805459025,12,0.3,1,0.4018466232030636,0,4.644745397944207,0.1301786484109751,1.9285994560671391
600173,2014,C,制造业,1,1,21.879817119005416,16,0.055860154667216125,0.3122266030926145,0.055179921607124,0.07260871119922563,13,0.3096895809070816,1,0.3494694189791054,0,3.8278528619778642,0.29283683478258726,1.7785505991661361
600173,2015,C,制造业,1,1,23.17195782474436,17,-0.013741113913743351,0.5843005645670265,-0.11171677678251599,0.1364004088649966,13,0.31867466608217665,1,0.35588470202060346,0,5.335410734246086,0.590112383385487,2.32447006668454
600173,2016,C,制造业,1,1,22.43679668394004,18,-0.027715078304265978,0.4417390669740915,0.5049410710540254,0.3287130870970385,11,0.3,1,0.37657855587145644,0,4.385160187762255,0.8071804015896445,2.3123465869297317
600173,2017,C,制造业,1,1,21.9566618998508,19,0.06900188244846035,0.2701617498507076,0.07988901571800103,0.047437449739252846,12,0.3191911909662248,1,0.41836323824961374,0,3.7818209910691736,0.5992103622079941,2.474272272506271
600173,2018,C,制造业,1,1,21.94632486312032,20,0.01818512456745839,0.6367201650140125,0.038626762125076416,0.13876231623753216,12,0.3,1,0.39061428142845067,0,3.713710455864282,1.0618792705219589,2.9637184927976032
600173,2019,C,制造业,1,1,22.692650398132383,21,0.015133220735243258,0.5101462696942061,0.22934558660522242,0.22619979550200645,11,0.3,1,0.4138786649445791,0,4.555086639750635,0.7793796761603765,2.619956592297543
600173,2020,C,制造业,1,1,22.797324192412045,22,0.0819217557276814,0.535020772916377,-0.42019000907782617,0.2494798710603524,13,0.3,1,0.3625135258536862,0,4.634381887153876,0.7267113439605697,2.8584993888446055
600173,2021,C,制造业,1,1,23.093802660696806,23,0.08297629397611667,0.24495322446677717,0.2856617212712581,0.11690840409448625,13,0.30702740116223226,1,0.4063341255997821,0,4.960167137659672,1.1203685939047539,3.0758412826061976
600173,2022,C,制造业,1,1,23.820617780069654,24,0.011998807578712231,0.42784924892366216,0.09881883065172903,0.18590212760751074,12,0.3,1,0.3614852723874667,0,5.842544338981278,1.3504706759122804,3.4863252885292204
600173,2023,C,制造业,1,1,24.212612733327475,25,0.1393904169206794,0.5950913554457354,0.5371164816090412,0.07548648783533013,12,0.3,1,0.36847033853578803,0,6.325638169511383,1.1635151326536182,3.521889338822292
600174,2013,C,制造业,0,0,21.658878097380253,8,0.06124655561187728,0.24501501311813448,0.48736964023107077,0.01,9,0.33998985880781424,1,0.578429284466692,0,3.92444414626086,0.06398332313833975,1.7966266137568145
600174,2014,C,制造业,0,0,21.290358662721623,9,-0.011562372378566561,0.12569838902074,0.16762162626754684,0.01,11,0.35170545008286586,1,0.5731017603403867,0,3.470565638064075,0.41120215371994606,1.5954513372663492
600174,2015,C,制造业,0,0,21.01491121956972,10,0.010257072433359066,0.645031783712722,-0.32308925095760255,0.2466767364868439,11,0.31228997796284846,1,0.5741343977145796,0,3.1320151880837512,0.30045672834711157,1.29955802406777
600174,2016,C,制造业,0,0,22.076861342395965,11,0.019603870841773344,0.40434697540932885,0.19227209214317798,0.519441636630672,10,0.3382116538182763,1,0.5406435115975379,0,4.2650159209286835,0.4978816435625081,1.8280677387749193
600174,2017,C,制造业,0,0,22.83763907486422,12,0.09116596780546918,0.3691823277746834,-0.010143861015621175,0.08033899377815076,11,0.32276537931723853,1,0.6006093524802252,0,5.135824970185284,0.37440363283578304,1.6901087927844458
600174,2018,C,制造业,0,0,22.041618077285825,13,0.07538786764719105,0.4778800705971579,0.18717774235298845,0.011481010522790713,11,0.36957894661160534,1,0.562467997850273,0,4.148890601313394,0.3023828219870466,1.7320150927198938
600174,2019,C,制造业,0,0,22.045949525769352,14,0.04208946905382598,0.3263110371160006,0.17149556370472988,0.1736711419547723,9,0.32442450256870053,1,0.5642426366474361,0,4.105343612565458,0.383279452883635,1.6828961172118522
600174,2020,C,制造业,0,0,21.838811153315735,15,0.015657289522144888,0.1706594159161332,0.027765752770921553,0.01,10,0.3305955190547031,1,0.5502295581417386,0,3.8313112047652678,0.07321846500425677,1.6174406156140537
600174,2021,C,制造业,0,0,22.36591466358123,16,0.039430666395739444,0.30042381135222207,0.07561720390165699,0.07640890067548987,10,0.31823563410236033,1,0.5502331227774296,0,4.410148198180067,0.67691012232066,1.7058248649051493
600174,2022,C,制造业,0,0,22.505037560580032,17,0.0027760916455736376,0.5231641252758723,0.4973736277888533,0.31660431313529147,11,0.3408640486264298,1,0.5698586836854341,0,4.518822168771682,0.5583803659676779,1.8437076159583528
600174,2023,C,制造业,0,0,23.11994116883423,18,0.0729631911059355,0.37531760569178496,-0.3592245353390957,0.1812077583881095,10,0.3177184696148609,1,0.578688124779926,0,5.2320177795082214,0.4020421818274077,2.0909982807302097
600175,2013,D,电力、热力、燃气及水生产和供应业,0,0,22.36331139727866,6,0.08314020156528895,0.38392794223365106,0.5208735766103343,0.29569021418339214,15,0.4083842886547074,0,0.6512366323398197,0,4.79707213713736,0.5392353891582626,2.130691571598424
600175,2014,D,电力、热力、燃气及水生产和供应业,0,0,21.493182104654082,7,0.09294125455402852,0.40130121825156906,0.5572564777374809,0.01,15,0.3810354443273021,0,0.6871989108527246,0,3.7680885638863097,0.15764422532175856,1.3683856596409254
600175,2015,D,电力、热力、燃气及水生产和供应业,0,0,22.55091856558774,8,-0.008644230881616081,0.3586258527795126,-0.04755928900136289,0.1519399652004057,15,0.357365328529674,0,0.7030708500553274,0,4.940298522655948,0.6047225831455154,2.0653504412726567
600175,2016,D,电力、热力、燃气及水生产和供应业,0,0,22.13989335919977,9,0.08912857128924467,0.4787986713161955,0.5681172977186009,0.029178403197828634,15,0.40595479569101794,0,0.6642687204910652,0,4.413999828895421,0.44694276886306183,2.24056889913307
600175,2017,D,电力、热力、燃气及水生产和供应业,0,0,21.46549185149539,10,0.11349581526380492,0.41010485015506887,0.45770675842377617,0.2544132138514762,15,0.35930158201889184,0,0.6686241489925079,0,3.5913672022718925,0.6492725702687577,2.3756676600089977
600175,2018,D,电力、热力、燃气及水生产和供应业,0,0,21.958720638475203,11,-0.04792498970277235,0.4285553481703519,0.012336736370230111,0.2559530982067039,13,0.4229592147128882,0,0.6790762101788629,0,4.109667648145047,0.6837767495487072,2.2373757943352803
600175,2019,D,电力、热力、燃气及水生产和供应业,0,0,22.766174358769888,12,0.04556170844298143,0.2700299018911569,0.2432222935983846,0.14280040756601645,13,0.36216033969508893,0,0.6791043990648399,0,5.026666871713778,0.7808907160981386,2.1820370045051996
600175,2020,D,电力、热力、燃气及水生产和供应业,0,0,22.236759040552933,13,0.0013171713154198697,0.6053225820661154,-0.16340082476980233,0.34638831100033163,15,0.39585250133673533,0,0.670721025930098,0,4.361015517048606,0.3655296736277029,1.9971799607176979
600175,2021,D,电力、热力、燃气及水生产和供应业,0,0,23.35457446642043,14,0.13904076443971025,0.3499703518469204,-0.4673753933162093,0.2116692480740945,15,0.39795734116511344,0,0.6444216781195936,0,5.682049737146952,0.6528614987759874,2.536014257666051
600175,2022,D,电力、热力、燃气及水生产和供应业,0,0,22.99452480081567,15,0.022865749298998483,0.42728632153293356,0.03862755837125251,0.11659835516808524,14,0.38202368293780486,0,0.6813867146461025,0,5.186751598681386,0.6612389785183085,2.273527932886555
600175,2023,D,电力、热力、燃气及水生产和供应业,0,0,22.629254190122182,16,0.053554258525477856,0.5358016466052289,0.4050306718435415,0.07961116651890726,13,0.34620200074394053,0,0.6960085351667092,0,4.69386836282848,0.9281935423652757,2.224323750540382
600176,2013,C,制造业,0,1,22.128723127749076,9,-0.023358774819216305,0.3700213104158418,0.07604597195935296,0.04065928045135217,7,0.3,0,0.41767823747592875,0,4.400985321975853,0.47584055776138645,1.98036249081735
600176,2014,C,制造业,0,1,21.51154285520295,10,0.10223187556537308,0.5312047327378069,0.4968356797188374,0.06579082626712027,7,0.3,0,0.4582548171853154,0,3.6587665952750155,0.30476033641654154,1.715836209722338
600176,2015,C,制造业,0,1,22.408156037820895,11,0.08116703676416231,0.7631904584394941,0.14983645782475272,0.1749164492592402,7,0.3,0,0.45689744655470343,0,4.634129915673978,0.5240653136237183,2.551436014490006
600176,2016,C,制造业,0,1,21.64118560855186,12,-0.0029752328166546688,0.47054339882564783,-0.16879040986965843,0.01,8,0.3,0,0.5226109213178907,0,3.715544586479912,0.6207376700396227,1.8005494806772786
600176,2017,C,制造业,0,1,22.137575781093787,13,0.013133726026651322,0.2747999756807984,0.09775395215096706,0.1772546746887105,8,0.3,0,0.47831135284972,0,4.24102842837479,0.703526617520037,2.082534679114281
600176,2018,C,制造业,0,1,23.109283678898613,14,2.333133840056595e-05,0.39728003618875063,0.28849509363588627,0.15464827154571695,7,0.3060149000561033,0,0.45782696958818425,0,5.358229629218492,0.9806415962179007,2.6030232107269384
600176,2019,C,制造业,0,1,22.67297012229283,15,0.08426535761062492,0.48448032926021617,0.015594051933311204,0.2538657844240234,7,0.3,0,0.44874290759786695,0,4.785924411927849,0.5483044855695943,2.585044076664217
600176,2020,C,制造业,0,1,22.52135768452469,16,0.025624087436625802,0.5502863510990459,0.13266998587161002,0.3186561566666196,7,0.3102453749791529,0,0.47020198520696593,0,4.567625111209165,0.6396430591949045,2.3550719467300807
600176,2021,C,制造业,0,1,24.13054917518285,17,0.12631705736588816,0.5690123203511835,0.547215222674145,0.24566816624854604,7,0.3,0,0.4760723426268599,0,6.547719129361877,1.0774614821653834,3.5348176623534684
600176,2022,C,制造业,0,1,23.091016590908,18,0.10799110684786564,0.4896806399354363,0.14836747123229307,0.047809902128314485,8,0.3,0,0.4606644790911268,0,5.163235777183179,1.097209320387902,3.1157628553186836
600176,2023,C,制造业,0,1,22.31390452975403,19,0.0525359911430332,0.3295697176910039,0.03872716628061838,0.24721019597563154,8,0.3258814416218913,0,0.4568751217102658,0,4.1773689710405355,0.9341803971479972,2.776901644456694
600177,2013,C,制造业,1,0,20.564536742008386,7,0.09134721642304777,0.32771201964155416,0.3904021072568937,0.13711013301568398,9,0.3233565938739303,0,0.05363733893958512,0,2.7686503726114684,0.10770676035477575,1.4853952798697219
600177,2014,C,制造业,1,0,22.052357470150355,8,0.07701752079244122,0.4349839499215148,0.25625646676886454,0.27511982008414954,8,0.38331521747682856,0,0.08845002852057542,0,4.354022307775422,0.3761983640275858,1.568592000689691
600177,2015,C,制造业,1,0,22.025711406060342,9,0.028704651831516333,0.36127102410279643,-0.014408861133460252,0.11497002302100595,8,0.3499380149357831,0,0.05,0,4.284374719367253,0.4736345274941561,2.018606577026709
600177,2016,C,制造业,1,0,22.09628521354902,10,0.05723466579026265,0.4153216057245779,-0.04785414217071693,0.17210239912953063,9,0.3439644042695191,0,0.06807145081298936,0,4.315724637006563,0.7765754714641189,2.1083045933002853
600177,2017,C,制造业,1,0,21.874559937385865,11,0.010618969644749367,0.25608215783740906,-0.2975665420177884,0.2183464238177053,7,0.34999382736252194,0,0.05,0,4.033658904182799,0.481229193276334,1.3166339771227284
600177,2018,C,制造业,1,0,23.148394553834372,12,0.08002461254311657,0.400621309308226,0.5224448778304593,0.06625944814075733,9,0.3518513655773887,0,0.06867892639471801,0,5.50992698199153,0.8887751005814118,2.59342610800035
600177,2019,C,制造业,1,0,22.78192663804527,13,0.09254595231590751,0.4156549489973557,-0.01675347038942214,0.1426456433145855,7,0.3511777187471335,0,0.06543361507111989,0,5.011199600264675,0.36356495817295764,2.2946098282704077
600177,2020,C,制造业,1,0,23.123452175494428,14,0.04894820911523296,0.2872786698788026,0.1453118140088051,0.01,7,0.36201055860017295,0,0.05,0,5.394581721119441,0.673476503430601,2.229797693081648
600177,2021,C,制造业,1,0,22.69365664804704,15,0.02631927885910976,0.31956297427703295,-0.18157139337507308,0.01,7,0.36811197248692645,0,0.07520481912281468,0,4.8082721308607725,0.6068128883840409,2.3503963445412794
600177,2022,C,制造业,1,0,22.441967469682442,16,0.018575272473332644,0.6527917653072981,-0.16888783382189398,0.14266189401948146,7,0.3620299013081695,0,0.06005004392634082,0,4.4720810155315505,0.6215419324679454,2.118227636301328
600177,2023,C,制造业,1,0,23.776062930064132,17,0.007528071195846982,0.40722175269830113,0.10408439083284991,0.12127649234248944,7,0.3686646161294706,0,0.053827262647717214,0,6.086961158700674,0.6025064750608771,2.6010678919742602
600178,2013,F,批发和零售业,0,0,22.3365177213656,7,0.07122120506611626,0.37434628053091684,-0.18109362183626543,0.1605300795234781,9,0.4392464994148992,1,0.3524289016261284,0,4.707173812810935,0.6595298383980894,2.467651792645678
600178,2014,F,批发和零售业,0,0,22.608267155850356,8,0.013375056679936367,0.44677210097287157,0.31512068829106255,0.06219613006105748,7,0.3934449291712744,1,0.31573504211502695,0,4.986845401758115,0.5836854376427236,2.3523942774586857
600178,2015,F,批发和零售业,0,0,21.991687990212167,9,0.028975550708622025,0.3877348110746608,-0.20920806054632257,0.1730855094883501,9,0.41656562897071925,1,0.3167176154910092,0,4.227741722389619,0.617068873655131,2.312016889518117
600178,2016,F,批发和零售业,0,0,22.343220134390503,10,0.05225645969469608,0.6815999191152564,0.02371589165446368,0.3014281499721991,9,0.43101246642879487,1,0.3493929122017804,0,4.590866545635025,0.7239899326141028,2.4007722159740394
600178,2017,F,批发和零售业,0,0,22.28740708049579,11,0.02362497716331245,0.3814143243440838,0.09570074629749595,0.031045132253721186,7,0.37289194676243276,1,0.3202055073344038,0,4.476682550032295,0.7974588016371881,2.7599925739241393
600178,2018,F,批发和零售业,0,0,22.333982283109286,12,0.03441434723210195,0.36548222956389276,0.10528940424034133,0.36640407252235635,8,0.366631960108464,1,0.35743695863175773,0,4.491486641435264,0.7202549057855304,2.9096909773949715
600178,2019,F,批发和零售业,0,0,24.127888591518904,13,0.07445930663845313,0.3494114782201712,0.1460352141327666,0.13846773842923377,7,0.4091130694792624,1,0.30539624587367425,0,6.69250032785944,1.2834234707684247,3.480104280415131
600178,2020,F,批发和零售业,0,0,23.504936341445934,14,-0.02004000910745083,0.3987188913477596,-0.09238573153018131,0.14705761229365372,8,0.4048525950076269,1,0.3459254074041411,0,5.838564754340497,1.0395428993309037,2.991714994933891
600178,2021,F,批发和零售业,0,0,22.339616555700285,15,0.05492012175079992,0.12098051281240396,-0.19295723870462736,0.22996886855802862,7,0.3991281038690422,1,0.33257953850178834,0,4.367601048849483,1.0653667277486885,3.1557249902301434
600178,2022,F,批发和零售业,0,0,23.992493120964298,16,0.039459851645718594,0.3078541990102491,-0.16101979462786645,0.30684584468567927,9,0.37002135638851474,1,0.3529399715442704,0,6.3834311489701205,1.3508882939508606,3.4606324455031303
600178,2023,F,批发和零售业,0,0,23.200576882216076,17,0.02665481052464442,0.4062839838528641,0.20160891394908753,0.16485639440438973,9,0.4249304875049318,1,0.3296079676770173,0,5.32354156617306,0.9017513629948227,3.1647106936786065
600179,2013,C,制造业,0,0,21.875885983324046,1,0.039738030528098704,0.33853868958737143,-0.04484340725000274,0.15404352073889768,11,0.3981418061306756,1,0.3218815183095869,0,4.444513892137198,0.40608166281295144,1.5270437108302983
600179,2014,C,制造业,0,0,21.164732901665428,2,0.07197754807288671,0.4287341682573201,0.32399498076526867,0.26147302928648725,10,0.4896847685456197,1,0.30038155056279775,0,3.611365700937475,0.34469207244381755,1.8296508707846741
600179,2015,C,制造业,0,0,21.90637227876388,3,0.07874779353609851,0.6160175100051656,0.04378754092325653,0.01,11,0.42420115033035566,1,0.3171599491810099,0,4.3967007907354185,0.6110231705449688,1.394128452275524
600179,2016,C,制造业,0,0,22.047827846517045,4,-0.00745806008244132,0.4913455629502339,0.13142549431385311,0.07649218273919424,11,0.4596982178533574,1,0.29038597680566514,0,4.515499102663266,0.2681036032878817,1.4141310009247854
600179,2017,C,制造业,0,0,21.790001648534677,5,0.040809265708474214,0.3963042197387221,0.3028427612601179,0.030509807536549693,11,0.4724899332218625,1,0.3589977726813931,0,4.179104338929042,0.5028211876509451,1.6475942330485334
600179,2018,C,制造业,0,0,22.32125086552359,6,0.09531241750716513,0.4192341139877137,0.36816971325461756,0.22168254694991346,10,0.4650925468616969,1,0.3226684982224277,0,4.749799442471643,0.6798471041618519,2.1454340591745416
600179,2019,C,制造业,0,0,21.902083537254626,7,0.014291709021422589,0.48706528660523085,-0.05035812482995922,0.36328668200338343,11,0.42721716742747656,1,0.3495467149947715,0,4.213983079119005,0.6579484119857102,1.6603656652626402
600179,2020,C,制造业,0,0,23.04140818571413,8,0.1072592353507458,0.5122809415935861,-0.004371058330037175,0.1303136908921862,11,0.44952842694806616,1,0.34728494761662737,0,5.544612078609645,0.33978718411878345,1.8797790216758
600179,2021,C,制造业,0,0,21.27545136901898,9,0.09088505098340673,0.51264911623096,0.2563560570678972,0.07072494487189243,10,0.44411235662458465,1,0.34192357689568675,0,3.4318229303390364,0.8046774465491207,1.768384457223982
600179,2022,C,制造业,0,0,22.453321637428235,10,0.023181786873269605,0.25551037032275137,0.34187863476868907,0.01,11,0.4538443115312907,1,0.3315247580528329,0,4.7424372351948465,0.5515931210409274,1.856250679412833
600179,2023,C,制造业,0,0,22.43011835798803,11,0.05382266572713669,0.428743166600823,-0.06336988424001264,0.01,9,0.4431663546406178,1,0.30969995545349144,0,4.664064618816623,0.6975891380174591,1.9159883499356989
600180,2013,K,房地产业,1,0,22.023318379138654,11,0.0824797764438832,0.4432462728469983,0.026145562266543722,0.01,10,0.38228970463965034,0,0.44833206046379825,0,4.230510710993067,0.05,1.0246796508293303
600180,2014,K,房地产业,1,0,21.772251662625155,12,-0.00021326222598435501,0.26795447610598255,0.3388085646643013,0.14827518512347687,9,0.36361267999994235,0,0.4344099469139638,0,3.8781391449940816,0.18190679882900504,1.831581064898229
600180,2015,K,房地产业,1,0,21.82244279937074,13,0.030980424524606184,0.2679300184692326,0.00034048267030799273,0.26808250630590863,10,0.3782536837972655,0,0.4910994288705058,0,3.8896576446688385,0.36490515718746686,1.921099906718537
600180,2016,K,房地产业,1,0,21.402770925518833,14,0.12272080772053928,0.6840526437449606,-0.01812629269909903,0.31266160114817393,9,0.3576099117333314,0,0.46204224610249145,0,3.3670492624183233,0.3642411629719319,1.842992407062828
600180,2017,K,房地产业,1,0,22.066340447317184,15,0.061646264089252396,0.2519192416846695,0.1805874410842106,0.21657858664619425,9,0.3671438781494683,0,0.48802439276023213,0,4.078033703314991,0.42838057400466956,2.098628380578365
600180,2018,K,房地产业,1,0,23.09435935264238,16,0.05817111822986306,0.45992441959684605,0.1983646197234447,0.04672711308514821,10,0.37162787685995846,0,0.46449610630846005,0,5.257648679873124,0.7825239422347179,2.781251127326479
600180,2019,K,房地产业,1,0,21.823781375613958,17,0.1151694569119266,0.31606697266022665,-0.12501547709368127,0.21975104241742752,8,0.3616368398460486,0,0.4647408384884665,0,3.7013734525366795,0.8084796381451851,2.173508735160161
600180,2020,K,房地产业,1,0,23.79164497622225,18,0.012189877516970697,0.5034492923881565,0.03861567858994415,0.270198701786572,10,0.3531870215550869,0,0.44670579228035756,0,6.064550652193009,0.8698562062171502,2.9187611894382686
600180,2021,K,房地产业,1,0,22.604865739349602,19,0.06523393818277459,0.43248934752550183,0.5834045294682387,0.23489720130987662,10,0.3770120721784229,0,0.4345459945439036,0,4.521850978551934,1.1585051170928498,3.022850005966448
600180,2022,K,房地产业,1,0,22.745010026329343,20,0.028517080130168546,0.6328093039017919,0.23055845784790724,0.15648754695248132,10,0.39843888664040406,0,0.4415534325418523,0,4.658952466951237,1.008928398893099,2.8099096986160723
600180,2023,K,房地产业,1,0,23.902408985961845,21,0.03437049290390301,0.47054677074194173,0.44557435694246383,0.14984158917862345,10,0.3577477402292087,0,0.47396659042240863,0,6.065230380281239,1.337954114701569,3.238104193983898
600181,2013,C,制造业,0,0,20.620402667130218,1,0.14111591523818662,0.2837160492123285,0.24411619339921292,0.18974603113280278,11,0.30194117357530526,0,0.4606721111877215,0,3.097348867016679,0.05,0.5607270560227579
600181,2014,C,制造业,0,0,21.234897000933472,2,0.03234721352762427,0.598822067176738,0.15663614807953113,0.01,11,0.3,0,0.42444572202326336,0,3.7142929115089007,0.05,0.4006352067061075
600181,2015,C,制造业,0,0,21.9630422561153,3,0.036513031349814054,0.7744362358781176,-0.09953718854528038,0.07542308146690845,12,0.3,0,0.43755366838402027,0,4.482970700878842,0.05,0.8904121418802083
600181,2016,C,制造业,0,0,21.26918715281771,4,0.05486548246476934,0.6162190119319214,-0.043341949043278455,0.01,12,0.33195162667828754,0,0.4090085906661053,0,3.6574530891346124,0.25220792017386773,1.0190105611690121
600181,2017,C,制造业,0,0,21.333677597633592,5,-0.06206311883870322,0.351856364062784,0.24330288469681793,0.12673356922705398,13,0.3,0,0.43143447018155057,0,3.6823688268740815,0.3102702260334884,0.6821146486462972
600181,2018,C,制造业,0,0,21.560077033884255,6,0.06932871557534184,0.5831663966808243,0.140439332062271,0.09180813251580129,11,0.3339447471970573,0,0.4366519753079985,0,3.907628775503538,0.05,1.159731132338291
600181,2019,C,制造业,0,0,21.191466362179636,7,0.038693233163369666,0.6200931096442117,0.11763554295138268,0.13999672724719958,13,0.32227952617456895,0,0.414736013513931,0,3.443716586153268,0.13092268357965914,0.9794045769268422
600181,2020,C,制造业,0,0,21.468313564087293,8,0.07191066860787759,0.2776705973176596,0.22913255618894135,0.01919462924047749,11,0.3,0,0.43153732359496505,0,3.7125773779096662,0.05,1.1965864423285808
600181,2021,C,制造业,0,0,22.074332997020502,9,-0.005779697245360323,0.5229765174787396,0.34974699835894874,0.23155903857283672,13,0.3,0,0.4113320275159469,0,4.353334755808854,0.13404683822854502,1.47798930841755
600181,2022,C,制造业,0,0,21.462214021685877,10,-0.00736860384257345,0.39316798280938114,-0.07736707579943403,0.23297285820860542,11,0.3,0,0.4159006132413284,0,3.622568554446763,0.43452170055254424,0.9857077757621611
600181,2023,C,制造业,0,0,22.81591209715299,11,-0.0010162396485666816,0.3877112584528478,0.15743640227808528,0.12611651851698194,11,0.32969469776281235,0,0.4204804111026801,0,5.149605194964754,0.12451060203375272,1.439203471246757
600182,2013,C,制造业,0,1,21.154317738066183,17,-0.040634697284674455,0.44195573585580106,0.10318344373820315,0.21912112902414208,10,0.35228287663443164,0,0.6283029589920551,0,3.0087856590857194,0.3364875240716134,1.1618304224511
600182,2014,C,制造业,0,1,21.72832856557112,18,0.08653566457248489,0.7971021742203428,0.5074494514252124,0.17108600050051412,8,0.38327410466726586,0,0.6477143311012925,0,3.602374115091438,0.40000571558402004,1.1995580620704487
600182,2015,C,制造业,0,1,21.798787152647346,19,-0.03687363485055264,0.5375627042256678,0.20373574826643798,0.22819870976206846,9,0.3628385571960216,0,0.6248973682330055,0,3.640595851533436,0.27927960217177916,1.1287199986836534
600182,2016,C,制造业,0,1,21.98298732148083,20,-0.07417102340931715,0.3275447963897974,-0.20093276129725943,0.21287872967182103,10,0.3642948861907717,0,0.6395992647686587,0,3.801018036388797,0.36621143595874517,1.6310123489746013
600182,2017,C,制造业,0,1,21.927865132776645,21,-0.02530506935930677,0.5163136504654215,-0.07475691407916767,0.0969491245650754,8,0.377721012828769,0,0.6342085440753918,0,3.678671597096965,0.37950091156897614,2.136622054817086
600182,2018,C,制造业,0,1,22.811634202351854,22,0.046138223587549446,0.7282060252631413,-0.15722218332479293,0.23505452887238398,9,0.36804071340556277,0,0.6541932628637492,0,4.702987847074286,0.531798544734365,1.952679806655516
600182,2019,C,制造业,0,1,21.712790351420495,23,-0.016831090160442395,0.6904796193092999,0.17325933063559745,0.05185210374506087,8,0.42291996984486324,0,0.6345651229402515,0,3.3807569431222646,0.08984835128086247,0.847468714131691
600182,2020,C,制造业,0,1,22.917867632874827,24,0.039405224330200744,0.4997030353031788,0.1137445375203818,0.22973882218872857,9,0.41165200033884414,0,0.6164680086583519,0,4.749980673783497,0.379921989932899,1.903312627844575
600182,2021,C,制造业,0,1,22.44635736818892,25,-0.0032446334691663206,0.43862972559368774,0.18202192294658598,0.0796314783960705,10,0.37718442083260445,0,0.6472380891505339,0,4.136084135033487,0.5898214719589382,1.8531516454219503
600182,2022,C,制造业,0,1,22.296852697973886,26,0.06313346132642826,0.4772820511472044,0.28907369134548744,0.22656833877829402,10,0.3835179503528742,0,0.6598754867890879,0,3.908622379241464,0.2655536881506455,2.174972126018321
600182,2023,C,制造业,0,1,22.72349849226991,27,0.042889803384313745,0.6238472612119992,0.4463540606759346,0.15563352380995152,10,0.3791810408601706,0,0.6241307793712398,0,4.381628734075834,0.3825055809362055,1.836824405987627
600183,2013,C,制造业,0,0,22.414322708094243,17,0.11377614122894805,0.7278276448378856,0.16995358646945857,0.10606163760999994,13,0.37237535321589255,0,0.231475373496995,1,4.405965351378833,0.6692695059008649,2.317459686389445
600183,2014,C,制造业,0,0,22.433386791422993,18,0.038011866029686044,0.6397000777665366,0.35511291079833884,0.2874453921720862,13,0.382994864850176,0,0.2318481422867426,1,4.390290906752263,0.9407374960553858,2.5131406139439494
600183,2015,C,制造业,0,0,21.975789669821452,19,0.05644963046349949,0.6248978242570784,-0.3323581026980685,0.18710320458638838,12,0.3861847348144138,0,0.2545290507571004,1,3.803759106220994,0.7526548228626617,2.5944475230455373
600183,2016,C,制造业,0,0,22.92232623829669,20,0.0315891512365655,0.6092663016918731,0.20890721464552164,0.1008889622173609,14,0.36193822136264553,0,0.2957911970091459,1,4.893334886011823,0.9317537105914646,2.5848825921193446
600183,2017,C,制造业,0,0,23.293332520583355,21,0.044192677355482525,0.44103713770387737,-0.04256058351752015,0.01,14,0.34871051148180776,0,0.27379454172477935,1,5.319078705756199,0.6553139437663755,2.88159952240074
600183,2018,C,制造业,0,0,23.601337941774975,22,0.13464645074815768,0.5502355718136367,0.42712366468596336,0.2264781996958745,13,0.3689391448968471,0,0.2544959480933152,1,5.664201840330046,0.6231003833063502,3.1266819557139365
600183,2019,C,制造业,0,0,23.470399135191272,23,0.06243184921180961,0.6240191618372724,0.07919374077997929,0.3014894704956737,12,0.37792184867803263,0,0.24352150497265418,1,5.454022269036199,0.7921231056680051,2.8409288126644325
600183,2020,C,制造业,0,0,22.79715733610499,24,0.01680127458613096,0.48072012714095985,0.23742478872674588,0.1850495487210804,12,0.35930914879000075,0,0.2653473663599406,1,4.57426377534176,0.7470398507806653,2.72136604227104
600183,2021,C,制造业,0,0,22.822879410775982,25,0.06424782644563498,0.26541677198446995,-0.20614283455566387,0.11480916076208673,14,0.34707073172554775,0,0.2542875403198205,1,4.548704397180165,0.8547530872880371,3.1621743309197177
600183,2022,C,制造业,0,0,22.834178662073036,26,0.008300145758355866,0.20606162326588273,0.32903086983553365,0.1440679108521529,13,0.3360640360878291,0,0.27502787722643907,1,4.535088583487768,1.0164647055519886,2.6615832268297277
600183,2023,C,制造业,0,0,23.628391079570857,27,0.07389342300452797,0.5787436097473853,0.2600698949507243,0.04237983791975922,14,0.3919417365051469,0,0.23020072471060518,1,5.488124888021423,1.2044719315681842,3.0021786918980227
600184,2013,K,房地产业,1,0,22.958706375310534,17,0.009821206106255599,0.4934277602788075,0.28184934409532025,0.13828281440714107,8,0.34700054867443675,0,0.5188202461869785,0,5.119066737581255,0.05,0.8407411890978675
600184,2014,K,房地产业,1,0,20.754628582405168,18,0.005077582293797362,0.5326592475353,0.2447126586176372,0.15226237478931975,9,0.3520496035398492,0,0.47020357162217746,0,2.560389278457186,0.24062807607139897,0.5340275905770537
600184,2015,K,房地产业,1,0,22.125495972559335,19,0.00011920111210377005,0.544199750110164,-0.12549468055432822,0.12189869566999448,9,0.3358885568393744,0,0.48013849259898683,0,4.031966423137854,0.05,1.066838008400212
600184,2016,K,房地产业,1,0,20.693695453038448,20,0.02097743825119044,0.5973311263228243,-0.01930373650036543,0.11857207520112162,9,0.3414642531518686,0,0.5101848271990544,0,2.399234136649666,0.05,0.6425598484133417
600184,2017,K,房地产业,1,0,21.784615589445764,21,0.08817077497635814,0.4001171899790204,0.047086117295233425,0.1439697696353213,8,0.34473470371489634,0,0.5132103797228661,0,3.5413847361111515,0.42728196106748545,1.2919428330238774
600184,2018,K,房地产业,1,0,21.273129793003832,22,0.015138615861117258,0.03,-0.01808778813416194,0.2602435480131696,9,0.32588015584242647,0,0.4842625000359746,0,2.932357248601374,0.20954882900013258,1.402390781239465
600184,2019,K,房地产业,1,0,21.41523869843191,23,0.09508100154598251,0.5765398405610015,0.23730261300246872,0.056817033468417905,8,0.37297949745678527,0,0.5166883369005819,0,3.0470039020182154,0.2514186139691393,0.9672913543437024
600184,2020,K,房地产业,1,0,21.38174522336677,24,0.0001759673568140982,0.5572151174901618,0.06329120732482778,0.09681788109912187,10,0.3440596381307294,0,0.5560110560690297,0,2.974104601130956,0.470557006000913,0.6872992282215896
600184,2021,K,房地产业,1,0,22.372623105270005,25,0.07166050835563079,0.3329315721664836,0.04336728209426074,0.18405640200037296,8,0.36592772571848653,0,0.5539500041774151,0,4.0575191088475036,0.21254613399276506,1.6790692978748152
600184,2022,K,房地产业,1,0,22.62841877728799,26,0.03752711107408736,0.263404009221884,0.1948555923588609,0.3769128338282507,8,0.3378749384866913,0,0.5332217462540613,0,4.320702343790761,0.457709280093078,1.909153417035223
600184,2023,K,房地产业,1,0,21.47021297181156,27,0.07557320542297583,0.5635745332708323,-0.0654584561647541,0.01,10,0.332453196141764,0,0.471715152057235,0,2.9380817175893976,0.37505136873647554,1.5962541391860032
600185,2013,C,制造业,0,1,21.971298391697225,5,-0.040446320663589976,0.14846310475093566,0.06762246863486795,0.258527137001394,7,0.4118858957705326,0,0.22400626781725785,0,4.407433584001896,0.056296817317326275,1.0960207721697472
600185,2014,C,制造业,0,1,21.01253112351246,6,0.04779321857219475,0.7594242660834076,-0.10722104645070976,0.01,8,0.33014099476400766,0,0.2563772370743732,0,3.3036335073249146,0.16801227728772083,0.8567347376025023
600185,2015,C,制造业,0,1,21.023230951765086,7,0.09770363925057482,0.46245631936005904,-0.044523418303768686,0.26642407749832986,6,0.34205455521730654,0,0.25280877665915696,0,3.2647506465271907,0.05,1.3373344678021573
600185,2016,C,制造业,0,1,21.165887778023148,8,-0.01447706506093973,0.24094036164002003,-0.12580884183971325,0.16047320274172225,7,0.3493773967853304,0,0.2146104311264486,0,3.367363954353579,0.2546531099888497,1.249718398895936
600185,2017,C,制造业,0,1,21.342854185082917,9,0.007521752159342587,0.49649102783015925,-0.08012191426316433,0.07726947074677888,6,0.3840789242752706,0,0.2962368042941315,0,3.520419653206177,0.19854931957871091,1.6433799758164305
600185,2018,C,制造业,0,1,21.501814173338236,10,0.024559016098314845,0.3887647694795411,-0.11469760043956648,0.057951731922472285,7,0.3714187078082087,0,0.24969888591618827,0,3.6474261395496517,0.633373392581525,1.8256567197607634
600185,2019,C,制造业,0,1,22.390926714955345,11,0.07448368105308295,0.44945056031981556,0.2701895143555869,0.01,6,0.3362897399121281,0,0.2148195218939633,0,4.638560334165579,0.36831232581995527,1.5925977657914534
600185,2020,C,制造业,0,1,22.062954226911693,12,-0.011300305117189734,0.5753533828454949,-0.2910861826685528,0.14653849711155575,6,0.3869083997164862,0,0.25088190493333756,0,4.214592087869329,0.05,1.3232540736221685
600185,2021,C,制造业,0,1,22.78428628359297,13,0.06985335862642134,0.6171138436931543,-0.0679455990963887,0.11593888510446072,7,0.31759020232421503,0,0.25221476134866605,0,5.023830549234931,0.6174323653217543,1.883338882689434
600185,2022,C,制造业,0,1,21.806931221162767,14,0.09803117733205602,0.18712023400375433,0.15545001743425726,0.01,6,0.3570262186449572,0,0.23906579174441714,0,3.8185139780652575,0.7976138612964643,1.9430305037582802
600185,2023,C,制造业,0,1,22.598585198333705,15,0.0312740201189476,0.40940702144619284,0.144093347095502,0.3108395734772857,7,0.3477390537859272,0,0.24182019995444734,0,4.71632083024624,0.5195654527093704,1.84375004113799
600186,2013,E,建筑业,1,0,21.718416708162223,12,0.04220274907716084,0.6600944966135558,-0.098157062469882,0.1940841019779253,10,0.4166766007952812,0,0.3614620632659513,0,3.854941121846903,0.05,0.5983817097192241
600186,2014,E,建筑业,1,0,20.87715662910812,13,-0.024527395571386647,0.2516786800088691,-0.34782760197913387,0.01,11,0.3897671249667858,0,0.32653467763097,0,2.8900186111304027,0.05,0.24994524844146734
600186,2015,E,建筑业,1,0,21.47017023070762,14,-0.028076659128053554,0.4321326313879573,0.5549241050518116,0.2293028912308615,11,0.4058837014819189,0,0.3453798874826731,0,3.497383882627806,0.05,0.7078778011230956
600186,2016,E,建筑业,1,0,20.48517832510134,15,-0.007737177319600667,0.4726517749518316,-0.09912607646825107,0.01,11,0.46447878727171005,0,0.330769300263579,0,2.408951450246195,0.05,0.258137674648393
600186,2017,E,建筑业,1,0,22.522787815831506,16,-0.03703473230857694,0.37230906464214314,0.19630048299000916,0.21642651140117053,11,0.42581310577489434,0,0.3753059064834599,0,4.622238319874846,0.05,1.0043396724987896
600186,2018,E,建筑业,1,0,20.608924795739178,17,-0.029404854110053284,0.37941464698720584,0.38748089153282506,0.3362412167732194,10,0.39410871526884217,0,0.3573123971893617,0,2.453740498389286,0.05,0.4072667631819349
600186,2019,E,建筑业,1,0,21.604906215713807,18,-0.043249392961135544,0.37246689192520216,-0.002692830607465904,0.13891932845990315,10,0.4149334125687028,0,0.3389492517208137,0,3.473816428050219,0.05,0.8020920641960576
600186,2020,E,建筑业,1,0,21.714103573372434,19,-0.010833842320261803,0.5577192202670009,0.30825537524674795,0.08270534791341395,10,0.39236933663931645,0,0.35495299250450046,0,3.562197065877562,0.06584150284516929,0.559164087096674
600186,2021,E,建筑业,1,0,21.592691558691467,20,0.036051297956508105,0.7513295779263147,0.5019204004794506,0.3356480924870484,10,0.44158369114627927,0,0.31702125794155134,0,3.37483484520311,0.05,0.7831912021812638
600186,2022,E,建筑业,1,0,22.697374965406095,21,-0.024910673562304947,0.5200423912718258,0.21401238496411806,0.1821385315238739,11,0.452774071130303,0,0.35566819167754504,0,4.630117606183279,0.11587339207781429,1.0972869592282868
600186,2023,E,建筑业,1,0,23.132664711793893,22,-0.031615938496053375,0.41991763753575345,0.352829826480739,0.209312601158064,12,0.3956507154792137,0,0.309235227609534,0,5.129787237891298,0.05,1.1100293189671415
600187,2013,C,制造业,1,0,21.278039952105505,8,0.03292019138702665,0.6516230652783059,-0.13034884321901463,0.1338719433481078,10,0.3576986019648649,0,0.5023298321079005,0,3.508654679605678,0.11843564838927764,0.957818066362451
600187,2014,C,制造业,1,0,21.12502987534804,9,-0.007179757665632901,0.4846426005803203,-0.0768276618523426,0.1919398171760977,10,0.327810713302007,0,0.4508649727452845,0,3.295797704395916,0.22154384478024075,1.1194425540071564
600187,2015,C,制造业,1,0,22.10679655094493,10,0.002310295132167038,0.6443885013776944,0.18278838572014672,0.1052353710735838,8,0.3,0,0.488582083234181,0,4.35567189240322,0.36192826293933555,1.5286795660887127
600187,2016,C,制造业,1,0,22.375095247770368,11,0.05384239140884062,0.48408879128305526,0.21305897564551507,0.39223982993178086,8,0.31603258068549755,0,0.4832940268276381,0,4.607168454758526,0.5883841021622886,1.7249135977903323
600187,2017,C,制造业,1,0,22.52017756430808,12,-0.0273971810238669,0.42089329083514426,-0.02686628437319602,0.19734473892978366,9,0.3138901311113719,0,0.45285196955820844,0,4.756798491334329,0.2730255226092505,1.388067953526928
600187,2018,C,制造业,1,0,21.705856580404237,13,0.04130017009836339,0.46870166629841176,-0.1490306673012463,0.2550379066371091,8,0.34353093049858546,0,0.47915833689803033,0,3.762496613074671,0.061463498234931246,1.6247065495588289
600187,2019,C,制造业,1,0,21.56550322867428,14,0.11936025896151142,0.5038253129953354,0.28242349881586554,0.09506720277922957,9,0.30966520625578675,0,0.4602201500337763,0,3.558041016245636,0.31970834828152256,1.3939636607822703
600187,2020,C,制造业,1,0,22.539353119923074,15,0.12291662190206235,0.5036712913942272,0.13658550053085747,0.08036538747239073,8,0.378812225848474,0,0.5220909932754733,0,4.652970898772681,0.2282205836969573,1.8654950468416789
600187,2021,C,制造业,1,0,21.34030010126612,16,0.21871386532300666,0.5033673814755888,0.22331478359546764,0.26577616625966294,8,0.3123696864818476,0,0.49361119053504626,0,3.224761645194676,0.4686207220837814,1.7551637075204345
600187,2022,C,制造业,1,0,23.034932618627554,17,-0.0021919078902413666,0.17862620327896617,-0.16283675329762615,0.05424807492954038,9,0.3055583415433414,0,0.4841126316089974,0,5.170540015917219,0.6457994510749245,2.1693278463218815
600187,2023,C,制造业,1,0,23.07100233445285,18,0.08565998693056834,0.4854321295426317,0.3376203101437498,0.24740538794869782,10,0.3098186412636357,0,0.4737417922357633,0,5.16477342014818,0.6886382477944515,2.273583451090569
600188,2013,F,批发和零售业,1,0,23.61453497137878,4,0.06239641350242922,0.5991456546202412,0.03753998805450744,0.17089240563941177,14,0.4455261227750286,0,0.43553684864657904,0,6.424902706325079,0.32587044329112586,2.2354051539954125
600188,2014,F,批发和零售业,1,0,22.479943679781133,5,0.1252268096458196,0.03,0.29671630164004237,0.13049980243684026,12,0.4401471515621912,0,0.3688896246784776,0,4.968660402565499,0.6554633770599512,2.3920939752603645
600188,2015,F,批发和零售业,1,0,22.20247011262854,6,-0.014644161362086384,0.4265659691267596,0.28279920001792613,0.27573915114197795,14,0.4338353332143095,0,0.3954389771800188,0,4.5834581645309616,0.7707796837228448,2.2907723716938597
600188,2016,F,批发和零售业,1,0,22.180788789134994,7,0.10272098285527742,0.41300811608823335,0.3362843087907326,0.1688423555883242,14,0.42370107124609163,0,0.42771802462852165,0,4.536602682402227,0.4736093676546759,1.7045100236866402
600188,2017,F,批发和零售业,1,0,22.189702636758746,8,0.0901714933573638,0.25564622882029564,0.1400458708594793,0.14786146000536693,14,0.3974274677441335,0,0.4218768051251675,0,4.496735235335702,0.7567697207732483,2.396587644835677
600188,2018,F,批发和零售业,1,0,23.346664590493752,9,0.034508439679832276,0.48596721588999825,0.06262098891023574,0.12965828420429415,13,0.43698707800829567,0,0.3743136565016608,0,5.881245904715294,0.6382326835928767,2.547972944206877
600188,2019,F,批发和零售业,1,0,22.065337063590672,10,-0.048276990497443856,0.3784755508194473,0.2256539064387797,0.01,12,0.4186927984714932,0,0.3871609776716194,0,4.2704119510765866,0.5586912756485852,2.113958966557908
600188,2020,F,批发和零售业,1,0,22.844264637649857,11,0.012552354083469233,0.29597131701689383,0.03548615705363703,0.03344520907720758,13,0.4331301417922626,0,0.38843989750219304,0,5.157918382258423,0.8125332919861489,2.5739488366732166
600188,2021,F,批发和零售业,1,0,22.718697248033475,12,0.09911245739840882,0.38750201530801076,0.07144606715253102,0.09887770762969528,12,0.4574142193193036,0,0.41001431054514886,0,4.975578833236427,0.534091251109213,2.4035931957990933
600188,2022,F,批发和零售业,1,0,24.48934364141285,13,0.008569095879153256,0.562917564265593,-0.29357365986900763,0.26004603079916877,14,0.41176654814869884,0,0.434716159855823,0,7.222722457970854,0.5394006626663294,2.777363828975216
600188,2023,F,批发和零售业,1,0,22.158040440340137,14,0.05925963299411087,0.6350142234451431,-0.07744103775623844,0.10113028004332507,13,0.4663355053744401,0,0.44915488100801015,0,4.231240931030762,0.7879323118831579,1.8744683461042762
600189,2013,F,批发和零售业,1,0,22.134166730759766,7,-0.006098852773704623,0.5509849910901503,0.04730421011582511,0.1565774465618163,13,0.4048807530759306,0,0.28285481480729235,0,4.478867077914501,0.5542392531461644,2.1791689626862727
600189,2014,F,批发和零售业,1,0,22.519419832060247,8,0.0920843109899222,0.4348461699435389,0.32169871086502394,0.06673941289837843,13,0.39962274537745185,0,0.33530726235309727,0,4.898974838837649,0.5743338344769069,2.0210369311237932
600189,2015,F,批发和零售业,1,0,22.54295986126478,9,0.02636269679118879,0.3325879673593505,0.1992865564335811,0.1290671294420928,11,0.3996797821988144,0,0.2895075158055209,0,4.876333426580444,0.5328258636336619,2.7203527616934453
600189,2016,F,批发和零售业,1,0,22.292964778163615,10,0.032968367431435115,0.4076545718456104,0.16587142773277633,0.0436491696212267,12,0.37233159212889666,0,0.3059534111173334,0,4.5400718504241135,0.7119965009851356,2.1955768924956685
600189,2017,F,批发和零售业,1,0,22.852167885524736,11,0.09147177755206162,0.30189481711096616,-0.016658348905216863,0.4739323802287827,13,0.39732226671844706,0,0.3085153204964193,0,5.157876189753357,0.777636003416119,2.7181023604322982
600189,2018,F,批发和零售业,1,0,23.271094317618246,12,0.07102233859496578,0.6161381968123713,0.4602034565274827,0.01,11,0.3877578060191403,0,0.26370020251978465,0,5.649987546728245,0.568488977148967,2.6164316506349072
600189,2019,F,批发和零售业,1,0,23.329310211293528,13,0.14454725519521977,0.32172916336679047,-0.130741172885988,0.01,11,0.3718311129749313,0,0.3284253032815468,0,5.677691424139923,0.4739667784818881,2.911213203909153
600189,2020,F,批发和零售业,1,0,23.62889445852814,14,0.04909405880651531,0.2703230012881348,0.24511947159243305,0.2906940650377981,11,0.40355533697562834,0,0.2888970424409173,0,6.024228361548661,0.5894445826612688,2.603456948864777
600189,2021,F,批发和零售业,1,0,22.034134397328593,15,0.03529234772319097,0.42141809035665245,0.19730129012593,0.3221987748788523,12,0.3719755070520117,0,0.31490045811798173,0,4.024498656168377,0.7645763093847143,2.475544055189077
600189,2022,F,批发和零售业,1,0,22.605756842813648,16,-0.016502197995036508,0.6235505213642786,0.017639658718693677,0.35322605720277667,12,0.3748053793262122,0,0.3086963404416236,0,4.661364128099096,0.6453220487800051,2.489116018365897
600189,2023,F,批发和零售业,1,0,23.523818431266054,17,0.009029913707679471,0.4740851004985172,-0.05127172092129101,0.28804243656654505,12,0.4094844800670464,0,0.3117695315681036,0,5.758692326608148,0.8061829109645847,2.632636193377082
600190,2013,E,建筑业,0,0,21.026472316764583,3,0.10819197417346357,0.27316691140437077,0.08236744064475675,0.2050237980129639,9,0.4077027943906342,0,0.3623386840813193,0,3.408323328449778,0.45763022478831517,1.881386477604797
600190,2014,E,建筑业,0,0,22.279461629225487,4,0.022689599935342628,0.17636114639419742,0.0836986337586834,0.18140128936871405,8,0.4077976775017984,0,0.33598657323945297,0,4.767088639931614,0.46662440084041945,2.3108762736948565
600190,2015,E,建筑业,0,0,22.046884122533566,5,0.04908437069783043,0.4979497172914158,-0.27926928473542806,0.1538854109230736,10,0.42512961860711396,0,0.30336165089791506,0,4.452971963062298,0.681857539076849,2.2504074963435334
600190,2016,E,建筑业,0,0,22.879164302939024,6,0.062380389735151365,0.16680377137488944,0.01919858829817643,0.2294384846183849,10,0.4105621129969976,0,0.3668305359338843,0,5.409434017310634,0.6065211108579082,2.590165008047034
600190,2017,E,建筑业,0,0,21.702914204148783,7,-0.020184176784544774,0.4963890005487927,0.2502954407112454,0.2089322673079772,8,0.40448204822633615,0,0.33649486105110926,0,3.9739364493542824,0.729460941307843,2.326160182264271
600190,2018,E,建筑业,0,0,22.38481504565862,8,0.1317463768256495,0.4676488596423169,0.2868391480265512,0.2321609497222485,8,0.4163871375980876,0,0.3583096089281239,0,4.718180584454976,0.8649315413278793,2.8872608497152363
600190,2019,E,建筑业,0,0,22.96077604946747,9,-0.008963177891600636,0.4580374512052068,0.39919716496720425,0.09325996018759342,9,0.40259158754690055,0,0.36836792648691236,0,5.377336510070945,0.7554541269287623,2.4820497547650335
600190,2020,E,建筑业,0,0,22.813817547882067,10,0.04822325443562045,0.40144389029033994,0.07371030818772703,0.15388218826308395,8,0.3995865919058716,0,0.3497634664485113,0,5.166016916118199,0.7964509212276087,2.3881045946254096
600190,2021,E,建筑业,0,0,22.79642261559083,11,0.024570573214843145,0.40947403996940535,-0.10014638406686047,0.057174214222123265,8,0.4320955891000168,0,0.3023401086156458,0,5.090358347667584,0.8819339940696881,2.8590804536734065
600190,2022,E,建筑业,0,0,23.566255888850794,12,-0.020886246012310913,0.18466074033368673,-0.09650139352744885,0.19898700463528365,10,0.39564936032809317,0,0.33435369778748447,0,6.013744959118838,1.0795736960549667,2.9242297902495964
600190,2023,E,建筑业,0,0,22.981568125974565,13,0.16794174157502612,0.41880049255546664,0.20697894415680745,0.25297700277211593,10,0.42895868776317936,0,0.33787084180634647,0,5.223671021889925,0.9007729227378137,3.0847505285298276
600191,2013,C,制造业,1,0,21.56575878849474,5,0.06173235753448014,0.19259117899591788,0.20274426525146888,0.2746466744658542,12,0.30499628487954855,1,0.3994981519351725,0,3.9395316758150867,0.1892661897303342,1.390847271394149
600191,2014,C,制造业,1,0,21.423909953974604,6,0.002920774396042859,0.4150250167106965,0.10201504770401712,0.27285147382036556,12,0.34425541511878294,1,0.4479488890698049,0,3.744036596307826,0.3597533422532298,1.1433028819372166
600191,2015,C,制造业,1,0,21.14975970911384,7,-0.00773607975208955,0.3066885440520304,0.2585423139835302,0.2325579669229933,12,0.3525207910142802,1,0.4569479121393,0,3.394645392263436,0.18208738273044314,1.4772481712737895
600191,2016,C,制造业,1,0,21.23563809450122,8,0.05231837948434552,0.7087965471354466,0.05358880877534362,0.3601821042463287,10,0.3342168684281575,1,0.40303335553505404,0,3.44807227817102,0.05,1.0708941095650022
600191,2017,C,制造业,1,0,22.14317157605959,9,-0.03858449229914798,0.4259455422698377,0.16849685367512926,0.21936880997452948,12,0.3733171784049307,1,0.4520474192585372,0,4.4184529462706825,0.6095023220392534,1.2215548936245268
600191,2018,C,制造业,1,0,22.358682962160124,10,-0.048149826159584214,0.4309343885359045,0.24031613518364603,0.06207601231789661,12,0.3299783184555792,1,0.41230777302157384,0,4.620244438063593,0.4129065017241419,2.130773757562878
600191,2019,C,制造业,1,0,22.51459151607468,11,0.04062033163091422,0.5657596428390569,0.10706695864272672,0.36803883841989304,11,0.380381353682801,1,0.450879661879302,0,4.758372419254385,0.5246276354668215,2.202293171851161
600191,2020,C,制造业,1,0,23.03725691391078,12,0.06342334297614659,0.6859366718125309,0.45409172803389575,0.2625630200433756,12,0.34547852749392655,1,0.44949487870918764,0,5.369546830407319,0.5358258109631271,1.896027449928824
600191,2021,C,制造业,1,0,21.83316481221952,13,0.05829466337384261,0.2911457778993146,-0.4480804240824134,0.10259131343183603,10,0.3746831215573747,1,0.4328220299459858,0,3.8819330216831607,0.9620073330888179,1.9189456258508624
600191,2022,C,制造业,1,0,22.488710210200583,14,0.12589967778825925,0.21596786435546847,0.11731854014395875,0.37342891669967143,11,0.3650317458531511,1,0.4471823431336431,0,4.600866530915789,0.8984446531485026,2.5546166241767696
600191,2023,C,制造业,1,0,23.165486283967233,15,0.05419902626172172,0.03,-0.019231044874096548,0.14215980459750704,11,0.3739924907115918,1,0.4464162284144141,0,5.382789312389218,0.6466938132628917,2.781379683118937
600192,2013,C,制造业,0,1,22.015462782661505,7,0.07641051745490143,0.20661326936589886,0.04597612967708485,0.18912413058869976,12,0.4187674182935617,0,0.33582513154259996,0,4.327479217978527,1.0007223794767992,2.718846805903535
600192,2014,C,制造业,0,1,22.864958517207036,8,0.049302117263684005,0.552336330010257,0.08050941551847762,0.10596699405834042,14,0.37859398676359507,0,0.2978609129023297,0,5.302574754243521,0.87517764082673,2.377919741809392
600192,2015,C,制造业,0,1,22.864553646694382,9,0.07430972126261257,0.42813199272977404,-0.059463822498822205,0.11006061260097887,14,0.38559868377761464,0,0.3096589716403782,0,5.252920932042131,0.9141371009608759,3.0437555380317467
600192,2016,C,制造业,0,1,23.072018745640264,10,0.05723262719590319,0.31778688240326314,0.36401737186871813,0.21042154595174054,14,0.38834869052331983,0,0.32040141409312983,0,5.468356372239908,0.8934126021640614,2.8724883009078512
600192,2017,C,制造业,0,1,22.61034305657287,11,0.07958641845828501,0.5192821375243468,0.12289362767730475,0.09714252140307454,14,0.3870030853918565,0,0.3280435496360383,0,4.845987250372295,1.2270893562056253,2.9497929889920536
600192,2018,C,制造业,0,1,21.76534456636299,12,0.021882290856976863,0.5451705101998322,0.498629813715931,0.25411068446931157,12,0.3802503669946334,0,0.3287014335970053,0,3.81978355541362,0.9055984534186262,2.871069380985335
600192,2019,C,制造业,0,1,22.908817372826338,13,0.04927551494917086,0.4870568363473759,-0.0030685855557280872,0.024821634769729845,14,0.388079131490761,0,0.3280703964977132,0,5.132588456951004,1.2812887236129904,2.9285180741928247
600192,2020,C,制造业,0,1,23.42356196681717,14,0.04198048820505201,0.5431050962757119,0.26563833804958065,0.2327273325404145,12,0.36263707808953116,0,0.34230213572482465,0,5.73670460850937,0.9535764193262112,3.362416850003731
600192,2021,C,制造业,0,1,22.988713787571225,15,0.026313250639660245,0.21477719828828898,0.17710208499977498,0.12588880473691846,12,0.40745860682633994,0,0.3103489771323191,0,5.1478079463519215,1.2114918126527559,3.2872535251433512
600192,2022,C,制造业,0,1,23.767904572228687,16,0.11973846714157863,0.3304461804602012,-0.0720672661865984,0.5324436597523076,13,0.3658275718384319,0,0.3499269353365978,0,6.0907330027851,1.0046847115389648,3.8428069261548283
600192,2023,C,制造业,0,1,23.762345705201515,17,0.09090837155761981,0.4244117516641676,0.3248127818201003,0.09531273541500773,13,0.37192936890457323,0,0.31838873356411396,0,6.036517707760907,1.2907689411248893,3.4758755247487065
600193,2013,G,交通运输、仓储和邮政业,1,0,20.56541755398754,11,-0.03633397669871057,0.45096309813889324,0.014652692365789581,0.35277776627635343,13,0.3251756317037217,0,0.1919884275907109,0,2.648852675662733,0.05,0.22933300279800561
600193,2014,G,交通运输、仓储和邮政业,1,0,20.73803603598514,12,-0.016870802053437935,0.5601145364516426,-0.09168207357154318,0.17252966084148946,13,0.32739058513882774,0,0.1917641919269941,0,2.7876285236267195,0.05,-0.14494046147031087
600193,2015,G,交通运输、仓储和邮政业,1,0,21.608763876259324,13,0.04258681743213425,0.7800517481635973,0.19653804217567694,0.012423239403850261,11,0.39168152280852403,0,0.16882934337994313,0,3.6811978956505813,0.05,0.9873808641288406
600193,2016,G,交通运输、仓储和邮政业,1,0,21.036653430814123,14,0.01569912818554321,0.42359992981400046,0.2562769510334972,0.01,11,0.33639455944118013,0,0.22261162430166334,0,3.0245212252628546,0.05,0.08401509484630693
600193,2017,G,交通运输、仓储和邮政业,1,0,20.94862949559875,15,0.06199706597506745,0.4894544221614196,0.060219913552703855,0.20529239664515236,13,0.3543257357386617,0,0.172171506621538,0,2.8787352628763103,0.05,0.6070650160184653
600193,2018,G,交通运输、仓储和邮政业,1,0,21.048606023088922,16,0.057181825727918634,0.7750285501972536,0.013483045624374856,0.1339588430339316,13,0.3165094853476963,0,0.2111228112665675,0,2.9478939547160405,0.05,0.2839345404832507
600193,2019,G,交通运输、仓储和邮政业,1,0,21.910718705473304,17,0.0857572133272993,0.5652161859112016,-0.03395156027805635,0.10226320700784555,13,0.3248076951147199,0,0.21665275169989515,0,3.8575975046155953,0.05,1.024646201101628
600193,2020,G,交通运输、仓储和邮政业,1,0,22.13685228157338,18,0.0814939986981692,0.3032211143150495,-0.03155064027558274,0.07459292808906938,11,0.348384299272569,0,0.17855443601517518,0,4.076953493225373,0.05397881515647639,1.0677579194970985
600193,2021,G,交通运输、仓储和邮政业,1,0,21.778543214396443,19,0.03283782096546077,0.30737510498851045,0.1659636936957627,0.18325055093869197,13,0.37522839529618246,0,0.1944119866238613,0,3.619446553986984,0.05,1.4255119965309504
600193,2022,G,交通运输、仓储和邮政业,1,0,22.773508478932683,20,0.02694891742896181,0.6798357520952156,0.21928487212079315,0.08136938343537249,13,0.34229414846000655,0,0.18251745533816416,0,4.756800414430102,0.34696936591587274,0.9116898432235502
600193,2023,G,交通运输、仓储和邮政业,1,0,22.373844003196574,21,0.007840969112896091,0.4813239298907123,-0.17565751228974474,0.03235959767451352,13,0.3160167281179756,0,0.17870539331831387,0,4.220901835663329,0.36218220443054217,1.2909203912984646
600194,2013,G,交通运输、仓储和邮政业,0,0,21.93784477519702,6,0.04592712495257425,0.33724107758616007,0.5006260655306654,0.20567382619189553,8,0.33513781002811144,0,0.43200637143121895,0,4.331157055248633,0.2863073688059044,1.1244228617567702
600194,2014,G,交通运输、仓储和邮政业,0,0,21.51999245387295,7,-0.03185643375000316,0.43328490631045896,0.05327869308127105,0.2569007600976188,7,0.3,0,0.4529522557370014,0,3.8058654505875573,0.21802859369811858,1.1335665998331046
600194,2015,G,交通运输、仓储和邮政业,0,0,20.122305356233326,8,0.11088754858727884,0.8263078876888913,-0.35982046508126253,0.2805633853344378,8,0.3,0,0.42119990132762747,0,2.293451633022146,0.05,0.6553248389050876
600194,2016,G,交通运输、仓储和邮政业,0,0,21.76909881369725,9,0.02674510095106565,0.4976210722844021,-0.15145381184100637,0.3558036439025454,8,0.3321588954123427,0,0.4632771340214472,0,4.005397131852855,0.09154117097100836,1.3282484216216655
600194,2017,G,交通运输、仓储和邮政业,0,0,22.301444086823818,10,-0.0022005066565439213,0.3940967550004171,-0.19664425974549166,0.30925576660578596,8,0.3,0,0.4350023388860016,0,4.586960914950223,0.05,1.1292654566698692
600194,2018,G,交通运输、仓储和邮政业,0,0,22.979279391049094,11,0.02616899384570314,0.5098175152509905,0.1871600059341954,0.16552881608430192,9,0.3,0,0.45211960370003784,0,5.335568070044986,0.46368169612208654,2.081029455510628
600194,2019,G,交通运输、仓储和邮政业,0,0,22.34393185746291,12,0.0177261051139626,0.7062904430818138,0.4638743818766018,0.11381432502426242,7,0.3,0,0.4494871824368008,0,4.535357021904198,0.3692933407038113,1.4799668817493432
600194,2020,G,交通运输、仓储和邮政业,0,0,22.39997975108629,13,-0.01812603137979621,0.3908141384001283,-0.1227893753624058,0.2598202451517675,9,0.3446704248192324,0,0.43904728349378713,0,4.5454939452630345,0.6140183995992419,1.6372579738843211
600194,2021,G,交通运输、仓储和邮政业,0,0,21.763872113570002,14,0.09129306855232928,0.4288410959407426,0.2816152609363654,0.1478628720721445,7,0.3,0,0.43730160687002173,0,3.766425048346139,0.7004603057983009,1.996483545405235
600194,2022,G,交通运输、仓储和邮政业,0,0,24.135743064001808,15,0.05995450590707181,0.3147337607247849,0.46545139135155034,0.278715513005467,8,0.3130645691498801,0,0.4355177202208578,0,6.65568306836812,0.733337890027987,2.5967518516587034
600194,2023,G,交通运输、仓储和邮政业,0,0,23.244191663381805,16,0.03802950507043302,0.39456897749468894,-0.030530487382448526,0.01,8,0.3,0,0.42002442578707655,0,5.465190770018375,0.47506893266307815,2.2105827953086825
600195,2013,C,制造业,1,0,21.22871365913415,6,0.05435958718926752,0.33193048869760367,0.12150699961043776,0.23160156024702266,8,0.462683822466471,1,0.20046376782222936,0,3.522956050498881,0.1681882439216879,1.2981772404338083
600195,2014,C,制造业,1,0,21.104559912243857,7,0.09949171691312138,0.24568130542221622,-0.09849498449639374,0.17269481027945985,10,0.4450459310687973,1,0.18375808660258666,0,3.3414944817287178,0.5199742555064042,1.2279982704038122
600195,2015,C,制造业,1,0,22.523449868898446,8,0.06171382075483452,0.5244668638129216,0.009675574858476574,0.08331122015812054,9,0.4308282048972855,1,0.20128821591228607,0,4.912916643605839,0.5102707623768123,1.9387328415533016
600195,2016,C,制造业,1,0,22.79981618151484,9,0.06817767318033795,0.8190553480064938,-0.14054871162410726,0.1864996827785118,8,0.4172758497505411,1,0.20993621855929728,0,5.207331852548215,0.3466116971208184,1.7391446346033874
600195,2017,C,制造业,1,0,23.426925684647127,10,0.09385207065293884,0.43631953938832063,0.26483941391856214,0.10839847320258,9,0.43036783095610326,1,0.1838680660791293,0,5.947053641079245,0.5318659387167564,2.288494060589569
600195,2018,C,制造业,1,0,21.930061841076295,11,0.024714928999953693,0.5909810060468568,0.38823710431423086,0.3621756522522449,9,0.44527625905671603,1,0.20745706673405795,0,4.098719535485378,0.2323683499598198,1.4626445702774977
600195,2019,C,制造业,1,0,22.326967681898214,12,0.07575808204394377,0.5729820205679628,-0.05191611298154955,0.01,10,0.465405412290347,1,0.19354957667574194,0,4.5044427613278275,0.6341951288576217,1.908041003117298
600195,2020,C,制造业,1,0,22.663825096970918,13,0.04896807104384476,0.3809267289700534,0.2371501499391539,0.219990480439748,10,0.47134028890911245,1,0.218875150186209,0,4.863661157432711,0.6288162441055636,2.385136368819125
600195,2021,C,制造业,1,0,22.322149563486217,14,0.018307608915941794,0.3032645163810555,-0.22919777118316098,0.26667688887920526,9,0.44496534376834274,1,0.18189504933463294,0,4.409090775612072,0.7954358669439097,2.2438059216792183
600195,2022,C,制造业,1,0,23.670175845052377,15,0.05229578030131327,0.5312216054008144,-0.4143263353201147,0.1036811185427343,10,0.43999251326016026,1,0.1976932828759468,0,6.039999478420587,0.7566673738530293,2.7141175441875673
600195,2023,C,制造业,1,0,22.554681970226895,16,0.06800609539017141,0.4550376572660945,0.31782339910471613,0.18129175072198714,8,0.4804368995430506,1,0.18071938007866814,0,4.606725756888719,0.941728319721225,2.080217149385679
600196,2013,C,制造业,1,1,21.634474158615532,17,0.0879683179151043,0.06098675100859158,0.08861597932870749,0.01,14,0.34092919971948565,0,0.2639212412573838,0,3.518667066436397,0.3802635137830335,1.9766798335086089
600196,2014,C,制造业,1,1,22.35606470627616,18,0.0012187815818193587,0.4609449950898506,-0.05076587802135751,0.08269748315393745,12,0.34346699901600086,0,0.2531448643835226,0,4.319155309428788,0.24166099112700767,1.5900622058553622
600196,2015,C,制造业,1,1,22.790151426887405,19,0.015064287587894767,0.4584966691741793,0.026261276861823682,0.024939566248180167,14,0.31379648867556786,0,0.24112715228964332,0,4.794592957397723,0.2580909457814534,2.214535988682933
600196,2016,C,制造业,1,1,22.141052440077853,20,0.06539667412732404,0.5142497159017186,-0.0975729120578825,0.0900225826605994,14,0.34658126498465247,0,0.2709871173765258,0,3.9751356375440117,0.28912198356515934,1.744002129577051
600196,2017,C,制造业,1,1,21.42660185643963,21,0.07478233077766279,0.8182525091324216,0.08261084921796363,0.14142816276784828,13,0.34724490411985215,0,0.2656099693588296,0,3.1015296252526863,0.7298702361430967,2.0526751489716455
600196,2018,C,制造业,1,1,22.306157219844167,22,0.04172284743891437,0.5947489568762506,-0.13163671457817933,0.1460588715167283,14,0.3268434239464847,0,0.2820808159301525,0,4.077577826794282,0.9776124270765699,2.307471745380509
600196,2019,C,制造业,1,1,22.555397007765702,23,-0.0025160898743114973,0.22876857916368792,0.5519619362013284,0.05451347780124857,14,0.3,0,0.22331818758118588,0,4.3249781928059665,0.7516086410271022,2.115613274288145
600196,2020,C,制造业,1,1,22.412429697034916,24,0.08446927585556183,0.44590876461800655,0.37443319353549565,0.16898153344716055,12,0.33218640102617275,0,0.2659660262596181,0,4.1098984950124695,0.7357772452936184,2.6814389698125
600196,2021,C,制造业,1,1,22.793899635777574,25,0.004374691515580176,0.20310910899823162,0.1595840258109461,0.10436802536214353,14,0.3313154183219124,0,0.22483108406048943,0,4.528008172527717,0.6834179850163478,2.6374314522798676
600196,2022,C,制造业,1,1,23.64207936860891,26,0.00040815053275538443,0.6368035503800473,0.14002963422968898,0.13439424822862722,13,0.33065694388208366,0,0.29250586168709014,0,5.536982381451818,0.8506168199876863,3.015697477790911
600196,2023,C,制造业,1,1,24.074513110536287,27,0.046992605174979385,0.2885074310554463,0.2899732652123279,0.1993016010029429,13,0.303221947441687,0,0.2628923306816635,0,6.075342992731853,0.8584165736481898,2.670350823320599
600197,2013,D,电力、热力、燃气及水生产和供应业,1,0,21.02870595955336,12,-0.05605011679045227,0.44811740321965204,0.1335392694477524,0.18938016922064313,9,0.3416868384585666,0,0.4941313781350269,0,3.0758218804735837,0.14114091744112436,0.5546746760532297
600197,2014,D,电力、热力、燃气及水生产和供应业,1,0,21.64559765516548,13,0.004617577535807039,0.3851765207908528,0.26521354526612195,0.20989460664237627,11,0.4449211993583259,0,0.49064966742296934,0,3.7095051014734026,0.05,1.017670535324667
600197,2015,D,电力、热力、燃气及水生产和供应业,1,0,21.42072451245587,14,0.0433051823351347,0.4664408453711711,-0.11923299367142672,0.13804843519401114,11,0.38729399306853207,0,0.5149313859686431,0,3.406149208306967,0.05306216740232739,1.409391227081436
600197,2016,D,电力、热力、燃气及水生产和供应业,1,0,21.150400669943622,15,0.07114411602990844,0.36584781626533136,0.34632153947217204,0.20675370409637414,10,0.39240596795092786,0,0.5029665764680111,0,3.0662258674301888,0.35090827546842573,1.625408004621325
600197,2017,D,电力、热力、燃气及水生产和供应业,1,0,22.99498511840066,16,0.015238051752266103,0.8384230593590463,0.1492220003124556,0.33396539603275893,9,0.377000719863722,0,0.4933087496458574,0,5.169046162408941,0.38103539211885745,1.9670629009774445
600197,2018,D,电力、热力、燃气及水生产和供应业,1,0,22.718818983861578,17,0.12673386465608238,0.5344508279785356,-0.002400302014852765,0.11686629408014096,9,0.4238486134803098,0,0.4912749371858017,0,4.772423381221275,0.8264260543719678,1.946100148710802
600197,2019,D,电力、热力、燃气及水生产和供应业,1,0,23.135752820518704,18,0.011586849138196187,0.5818601061150879,0.11056766408646787,0.33257744887082624,11,0.3710617318741493,0,0.4565639486941461,0,5.248982785192315,0.7813799618603642,1.8938907817729838
600197,2020,D,电力、热力、燃气及水生产和供应业,1,0,22.835363478174372,19,0.005707214457166938,0.2802600020318915,0.12827861666053345,0.1457126695989604,11,0.37273198992483975,0,0.4786670389428755,0,4.827120034118636,0.6339752385029134,2.177553956740047
600197,2021,D,电力、热力、燃气及水生产和供应业,1,0,22.830531804488203,20,0.07253171110741273,0.37565621442869734,0.37321523808353363,0.02827173519713988,10,0.3552594268648048,0,0.5127031438278005,0,4.778886303915131,0.6390873680396882,2.611508389198016
600197,2022,D,电力、热力、燃气及水生产和供应业,1,0,23.332132868415204,21,0.0720193555444269,0.3025378525004282,-0.05658459174655814,0.06596167134823533,10,0.35282635143751445,0,0.502650340743156,0,5.370953631125993,0.5829377495303171,2.4884360110310824
600197,2023,D,电力、热力、燃气及水生产和供应业,1,0,23.452864293911425,22,0.11459699067673454,0.4608016328667385,0.04437101948184653,0.1364479589385511,11,0.39727435129742866,0,0.482671882783236,0,5.472989163769,0.5804306243474866,2.62588635967239
600198,2013,C,制造业,0,1,21.359080970026405,3,0.01626163671867488,0.5143312098270297,0.2657949096422004,0.24661906692035496,8,0.362261805172891,1,0.10180534196929525,0,3.7838222720071775,0.4661781041416839,1.4215746383613586
600198,2014,C,制造业,0,1,21.242734801528773,4,-0.007508434036341098,0.5325541601038505,0.5443134908949918,0.2506214698271184,10,0.3149292511911959,1,0.12134472450812717,0,3.611725398355829,0.05,1.3874822715096236
600198,2015,C,制造业,0,1,21.937992578125378,5,-0.022181237580634054,0.5453262957987538,0.05930214530933736,0.07119489388206526,8,0.3359167896483511,1,0.11577326714652106,0,4.356816454008943,0.05,1.4606945146798676
600198,2016,C,制造业,0,1,22.966035251932876,6,0.03589196654474666,0.39857994141668773,0.2610330043776513,0.11363220899042525,9,0.343760559970687,1,0.1126075876150026,0,5.530713987076703,0.3577417461684304,1.8532186326041205
600198,2017,C,制造业,0,1,22.310119416503586,7,0.016497247906069885,0.33037596593405805,-0.03715225106507944,0.07243269858504556,10,0.32210561422636197,1,0.11948099743180993,0,4.69559350385158,0.5881107050762888,1.7847368217458055
600198,2018,C,制造业,0,1,20.6901785224352,8,-0.029244166829685524,0.5020722544798237,-0.058705948994536725,0.162521944307415,10,0.30888734012983704,1,0.13490039974436085,0,2.8625001549942106,0.2957809721742535,1.477468235899356
600198,2019,C,制造业,0,1,22.59707707086319,9,0.06259238893029044,0.44858768645218744,0.21492407355209198,0.39009784952079135,9,0.3165532959673334,1,0.1373425632669371,0,4.955938870201742,0.6652300901566304,1.9222382361945118
600198,2020,C,制造业,0,1,20.948310922991354,10,0.024424957736627683,0.2908826068235676,0.18756187676935285,0.058801262032154925,10,0.3858922449958563,1,0.16217643235808238,0,3.0526839227256546,0.514452939538153,1.2936042416734963
600198,2021,C,制造业,0,1,21.885494927440412,11,0.09781355742795589,0.49526830785526876,0.0030860680787166694,0.2326307153014927,10,0.3441048200099537,1,0.116032043629526,0,4.039419832434122,0.5844805445484819,1.5993773609288284
600198,2022,C,制造业,0,1,23.10314989736586,12,0.09655103107574231,0.5491171830737058,-0.20063984463250895,0.12345496337915274,9,0.3,1,0.13187826344733428,0,5.473533106449936,0.3144681671761884,1.5060925301677641
600198,2023,C,制造业,0,1,22.56945586563065,13,0.09602325378900675,0.506018721385308,0.16202952809957608,0.22120497044754844,8,0.3,1,0.11428763016545346,0,4.764827349610044,0.28471784488823004,1.6127662679286012
600199,2013,C,制造业,0,0,22.082181071658216,14,0.07815612521546839,0.47010028560055434,0.27939820432671003,0.22642832093646342,10,0.33168837895737185,0,0.32390315754625865,0,4.127557065358136,0.6112355492380901,2.419848232074331
600199,2014,C,制造业,0,0,21.764290723469127,15,0.08521543136305264,0.5904991758935256,0.14686677463591338,0.03824203581435984,8,0.35075545722389373,0,0.30826018793624393,0,3.7255522085871395,0.5082639301904024,2.230695627996469
600199,2015,C,制造业,0,0,21.3196581073841,16,0.07733146734208997,0.46013371497486505,-0.1658162589399299,0.2794289337556605,9,0.3340763341975002,0,0.3183027075920691,0,3.190604647236603,0.8713682849663813,2.2927093078793077
600199,2016,C,制造业,0,0,22.427892019384103,17,0.02445899742800351,0.7757404775611962,-0.10040981174169439,0.01,9,0.37429957077653164,0,0.2899878190694242,0,4.416109578020742,0.8376456722319714,2.2901125953033588
600199,2017,C,制造业,0,0,22.751324955980337,18,0.051756123517707295,0.4233717903175501,0.35357103117793065,0.01,8,0.3314975600508287,0,0.3211356076141163,0,4.764681849075591,0.615063303256924,2.4454402755350553
600199,2018,C,制造业,0,0,23.40788407737262,19,0.018098545205507,0.4932146617340446,-0.25418922365253266,0.15999927497094552,10,0.34189007578924346,0,0.29032621282092275,0,5.535550758488874,0.7640139683268166,2.880791400425446
600199,2019,C,制造业,0,0,22.762677325015012,20,0.11724277314994638,0.6717384946836036,-0.16183261300455434,0.27733618304489926,10,0.3462599370733324,0,0.29912951717937186,0,4.703901370012349,0.6829799369662555,2.254930390164747
600199,2020,C,制造业,0,0,23.732823653867154,21,0.02589633276353075,0.45059378724295734,0.30369831703054023,0.18503109587106423,10,0.3535940694877489,0,0.28823930357071753,0,5.8680929377258435,0.9409114583304874,2.8586914400985943
600199,2021,C,制造业,0,0,23.190947387490947,22,0.11722705549652743,0.3448598123052835,0.36893569551759536,0.15206396571697978,8,0.35010809542587434,0,0.318299503471071,0,5.135912703380521,0.91323182973499,3.183611868505997
600199,2022,C,制造业,0,0,22.958366463300994,23,0.02774430428898698,0.3660514233911346,0.29546628036556744,0.20767031968151933,10,0.31859964720519857,0,0.3081110819088131,0,4.798484711646743,0.9343287956630417,3.024916538998394
600199,2023,C,制造业,0,0,23.863249711043853,24,0.019140654964696906,0.3586707435241703,0.2274093408446234,0.1305747567962908,8,0.33698857332814397,0,0.3249102135081828,0,5.9221698409526375,0.8029472690705158,3.173165559268269
